Episode,Total Reward,Steps,Epsilon,Alpha
1,0.0,136,0.29985,0.3
2,0.0,129,0.299700075,0.3
3,2.0,241,0.2995502249625,0.3
4,2.0,218,0.2994004498500188,0.3
5,2.0,193,0.2992507496250938,0.3
6,1.0,173,0.29910112425028124,0.3
7,3.0,222,0.2989515736881561,0.3
8,0.0,172,0.29880209790131207,0.3
9,2.0,210,0.29865269685236145,0.3
10,0.0,133,0.2985033705039353,0.3
11,5.0,349,0.29835411881868334,0.3
12,1.0,177,0.29820494175927403,0.3
13,2.0,203,0.2980558392883944,0.3
14,3.0,241,0.29790681136875025,0.3
15,7.0,270,0.29775785796306586,0.3
16,3.0,232,0.29760897903408434,0.3
17,0.0,145,0.2974601745445673,0.3
18,3.0,252,0.297311444457295,0.3
19,3.0,256,0.2971627887350664,0.3
20,4.0,284,0.2970142073406989,0.3
21,4.0,288,0.2968657002370286,0.3
22,0.0,142,0.29671726738691007,0.3
23,1.0,184,0.2965689087532166,0.3
24,2.0,221,0.29642062429884003,0.3
25,1.0,172,0.29627241398669063,0.3
26,1.0,155,0.2961242777796973,0.3
27,2.0,226,0.29597621564080745,0.3
28,0.0,131,0.29582822753298704,0.3
29,0.0,130,0.2956803134192206,0.3
30,2.0,195,0.295532473262511,0.3
31,0.0,165,0.2953847070258797,0.3
32,0.0,161,0.2952370146723668,0.3
33,2.0,190,0.2950893961650306,0.3
34,0.0,132,0.2949418514669481,0.3
35,1.0,164,0.29479438054121465,0.3
36,9.0,386,0.2946469833509441,0.3
37,5.0,320,0.2944996598592686,0.3
38,3.0,229,0.294352410029339,0.3
39,1.0,170,0.29420523382432434,0.3
40,3.0,261,0.2940581312074122,0.3
41,1.0,210,0.2939111021418085,0.3
42,0.0,141,0.2937641465907376,0.3
43,0.0,129,0.29361726451744224,0.3
44,3.0,235,0.29347045588518356,0.3
45,3.0,234,0.293323720657241,0.3
46,0.0,132,0.2931770587969124,0.3
47,3.0,302,0.293030470267514,0.3
48,3.0,255,0.29288395503238024,0.3
49,0.0,172,0.29273751305486406,0.3
50,3.0,266,0.29259114429833666,0.3
51,2.0,218,0.2924448487261875,0.3
52,0.0,172,0.2922986263018244,0.3
53,0.0,135,0.2921524769886735,0.3
54,0.0,161,0.2920064007501792,0.3
55,0.0,135,0.29186039754980414,0.3
56,1.0,190,0.29171446735102924,0.3
57,0.0,129,0.29156861011735374,0.3
58,3.0,268,0.29142282581229506,0.3
59,3.0,249,0.2912771143993889,0.3
60,0.0,174,0.29113147584218924,0.3
61,4.0,314,0.29098591010426816,0.3
62,2.0,203,0.29084041714921605,0.3
63,0.0,185,0.29069499694064144,0.3
64,2.0,215,0.29054964944217115,0.3
65,0.0,153,0.2904043746174501,0.3
66,3.0,279,0.2902591724301414,0.3
67,2.0,229,0.29011404284392633,0.3
68,7.0,263,0.2899689858225044,0.3
69,3.0,244,0.2898240013295932,0.3
70,0.0,129,0.2896790893289284,0.3
71,2.0,215,0.28953424978426395,0.3
72,2.0,195,0.2893894826593718,0.3
73,2.0,261,0.28924478791804215,0.3
74,2.0,228,0.28910016552408313,0.3
75,0.0,150,0.2889556154413211,0.3
76,0.0,139,0.28881113763360045,0.3
77,0.0,145,0.28866673206478366,0.3
78,0.0,140,0.2885223986987513,0.3
79,0.0,130,0.28837813749940194,0.3
80,0.0,140,0.28823394843065225,0.3
81,0.0,147,0.28808983145643696,0.3
82,1.0,197,0.28794578654070874,0.3
83,0.0,135,0.2878018136474384,0.3
84,1.0,184,0.2876579127406147,0.3
85,0.0,146,0.2875140837842444,0.3
86,1.0,164,0.2873703267423523,0.3
87,5.0,342,0.28722664157898115,0.3
88,1.0,202,0.28708302825819165,0.3
89,4.0,313,0.28693948674406256,0.3
90,0.0,146,0.2867960170006905,0.3
91,12.0,526,0.2866526189921902,0.3
92,1.0,198,0.2865092926826941,0.3
93,3.0,232,0.28636603803635274,0.3
94,3.0,241,0.2862228550173346,0.3
95,4.0,289,0.2860797435898259,0.3
96,7.0,279,0.28593670371803104,0.3
97,2.0,182,0.28579373536617203,0.3
98,1.0,162,0.28565083849848893,0.3
99,3.0,223,0.28550801307923973,0.3
100,1.0,191,0.2853652590727001,0.3
101,0.0,147,0.2852225764431638,0.3
102,2.0,212,0.2850799651549422,0.3
103,3.0,261,0.28493742517236476,0.3
104,0.0,140,0.2847949564597786,0.3
105,0.0,128,0.28465255898154873,0.3
106,3.0,282,0.284510232702058,0.3
107,3.0,271,0.284367977585707,0.3
108,2.0,197,0.28422579359691413,0.3
109,3.0,239,0.2840836807001157,0.3
110,3.0,264,0.28394163885976564,0.3
111,3.0,215,0.2837996680403358,0.3
112,2.0,217,0.28365776820631566,0.3
113,1.0,158,0.28351593932221253,0.3
114,3.0,268,0.28337418135255144,0.3
115,2.0,190,0.2832324942618752,0.3
116,1.0,175,0.28309087801474425,0.3
117,0.0,146,0.2829493325757369,0.3
118,1.0,162,0.28280785790944907,0.3
119,0.0,158,0.28266645398049434,0.3
120,1.0,198,0.2825251207535041,0.3
121,0.0,177,0.2823838581931274,0.3
122,0.0,131,0.28224266626403083,0.3
123,2.0,213,0.28210154493089884,0.3
124,5.0,396,0.2819604941584334,0.3
125,3.0,241,0.2818195139113542,0.3
126,4.0,403,0.2816786041543985,0.3
127,5.0,344,0.2815377648523213,0.3
128,1.0,163,0.28139699596989515,0.3
129,11.0,354,0.2812562974719102,0.3
130,7.0,253,0.2811156693231743,0.3
131,3.0,243,0.28097511148851273,0.3
132,2.0,181,0.2808346239327685,0.3
133,0.0,141,0.28069420662080213,0.3
134,2.0,238,0.28055385951749173,0.3
135,2.0,191,0.280413582587733,0.3
136,2.0,192,0.2802733757964392,0.3
137,2.0,193,0.280133239108541,0.3
138,3.0,218,0.27999317248898675,0.3
139,3.0,230,0.2798531759027423,0.3
140,1.0,179,0.2797132493147909,0.3
141,1.0,158,0.27957339269013354,0.3
142,0.0,160,0.27943360599378847,0.3
143,3.0,233,0.27929388919079157,0.3
144,2.0,224,0.27915424224619617,0.3
145,3.0,232,0.2790146651250731,0.3
146,1.0,163,0.2788751577925106,0.3
147,3.0,226,0.27873572021361437,0.3
148,1.0,198,0.2785963523535076,0.3
149,2.0,180,0.27845705417733085,0.3
150,1.0,176,0.2783178256502422,0.3
151,2.0,203,0.2781786667374171,0.3
152,0.0,199,0.2780395774040484,0.3
153,0.0,155,0.2779005576153464,0.3
154,0.0,141,0.2777616073365387,0.3
155,3.0,265,0.27762272653287046,0.3
156,11.0,337,0.277483915169604,0.3
157,5.0,338,0.27734517321201924,0.3
158,2.0,212,0.27720650062541324,0.3
159,6.0,363,0.27706789737510057,0.3
160,1.0,169,0.27692936342641306,0.3
161,7.0,254,0.27679089874469986,0.3
162,2.0,200,0.27665250329532753,0.3
163,5.0,321,0.27651417704367987,0.3
164,1.0,172,0.27637591995515803,0.3
165,1.0,187,0.2762377319951805,0.3
166,1.0,177,0.2760996131291829,0.3
167,1.0,177,0.27596156332261834,0.3
168,1.0,169,0.27582358254095707,0.3
169,1.0,221,0.2756856707496866,0.3
170,2.0,202,0.27554782791431176,0.3
171,4.0,342,0.2754100540003546,0.3
172,2.0,201,0.27527234897335445,0.3
173,1.0,159,0.2751347127988678,0.3
174,2.0,215,0.2749971454424684,0.3
175,3.0,260,0.2748596468697472,0.3
176,1.0,153,0.27472221704631233,0.3
177,1.0,203,0.2745848559377892,0.3
178,0.0,161,0.2744475635098203,0.3
179,0.0,182,0.2743103397280654,0.3
180,1.0,183,0.2741731845582014,0.3
181,0.0,207,0.2740360979659223,0.3
182,1.0,181,0.27389907991693935,0.3
183,2.0,224,0.2737621303769809,0.3
184,0.0,134,0.2736252493117924,0.3
185,0.0,146,0.2734884366871365,0.3
186,1.0,156,0.273351692468793,0.3
187,1.0,153,0.2732150166225586,0.3
188,1.0,152,0.27307840911424736,0.3
189,0.0,136,0.27294186990969027,0.3
190,0.0,143,0.27280539897473544,0.3
191,1.0,177,0.2726689962752481,0.3
192,0.0,154,0.2725326617771105,0.3
193,0.0,181,0.27239639544622196,0.3
194,0.0,170,0.27226019724849887,0.3
195,1.0,164,0.27212406714987464,0.3
196,1.0,187,0.2719880051162997,0.3
197,0.0,155,0.2718520111137416,0.3
198,0.0,146,0.27171608510818474,0.3
199,2.0,203,0.2715802270656307,0.3
200,0.0,159,0.27144443695209786,0.3
201,0.0,199,0.27130871473362184,0.3
202,4.0,323,0.27117306037625505,0.3
203,0.0,144,0.2710374738460669,0.3
204,0.0,138,0.2709019551091439,0.3
205,0.0,129,0.2707665041315893,0.3
206,3.0,276,0.2706311208795235,0.3
207,3.0,254,0.2704958053190838,0.3
208,3.0,296,0.2703605574164243,0.3
209,1.0,193,0.2702253771377161,0.3
210,1.0,171,0.27009026444914724,0.3
211,1.0,184,0.2699552193169227,0.3
212,0.0,142,0.2698202417072642,0.3
213,3.0,286,0.2696853315864106,0.3
214,3.0,258,0.26955048892061745,0.3
215,0.0,134,0.26941571367615713,0.3
216,0.0,144,0.2692810058193191,0.3
217,1.0,153,0.26914636531640945,0.3
218,2.0,203,0.26901179213375126,0.3
219,0.0,131,0.2688772862376844,0.3
220,2.0,228,0.26874284759456557,0.3
221,1.0,171,0.26860847617076833,0.3
222,0.0,154,0.26847417193268297,0.3
223,1.0,197,0.26833993484671664,0.3
224,1.0,162,0.2682057648792933,0.3
225,2.0,227,0.26807166199685367,0.3
226,3.0,248,0.26793762616585526,0.3
227,1.0,187,0.26780365735277234,0.3
228,3.0,264,0.26766975552409594,0.3
229,3.0,324,0.2675359206463339,0.3
230,3.0,260,0.26740215268601075,0.3
231,4.0,326,0.2672684516096678,0.3
232,3.0,257,0.26713481738386297,0.3
233,0.0,157,0.26700124997517105,0.3
234,5.0,359,0.2668677493501835,0.3
235,2.0,221,0.2667343154755084,0.3
236,0.0,163,0.26660094831777065,0.3
237,2.0,207,0.26646764784361177,0.3
238,2.0,193,0.26633441401969,0.3
239,1.0,161,0.26620124681268015,0.3
240,2.0,208,0.2660681461892738,0.3
241,2.0,193,0.2659351121161792,0.3
242,2.0,204,0.26580214456012113,0.3
243,0.0,159,0.2656692434878411,0.3
244,1.0,193,0.2655364088660972,0.3
245,2.0,227,0.26540364066166416,0.3
246,0.0,157,0.26527093884133335,0.3
247,0.0,125,0.2651383033719127,0.3
248,1.0,154,0.2650057342202267,0.3
249,2.0,213,0.26487323135311663,0.3
250,2.0,209,0.2647407947374401,0.3
251,2.0,208,0.2646084243400714,0.3
252,2.0,210,0.2644761201279014,0.3
253,2.0,204,0.26434388206783743,0.3
254,2.0,221,0.2642117101268035,0.3
255,3.0,302,0.2640796042717401,0.3
256,2.0,243,0.26394756446960427,0.3
257,1.0,195,0.2638155906873695,0.3
258,1.0,175,0.2636836828920258,0.3
259,1.0,196,0.2635518410505798,0.3
260,0.0,135,0.26342006513005456,0.3
261,0.0,169,0.26328835509748955,0.3
262,0.0,141,0.2631567109199408,0.3
263,0.0,180,0.26302513256448085,0.3
264,2.0,188,0.2628936199981986,0.3
265,0.0,147,0.2627621731881995,0.3
266,0.0,128,0.2626307921016054,0.3
267,2.0,213,0.2624994767055546,0.3
268,4.0,307,0.26236822696720186,0.3
269,1.0,209,0.2622370428537183,0.3
270,0.0,153,0.26210592433229146,0.3
271,1.0,205,0.2619748713701253,0.3
272,1.0,165,0.26184388393444025,0.3
273,0.0,147,0.261712961992473,0.3
274,4.0,292,0.2615821055114768,0.3
275,5.0,410,0.2614513144587211,0.3
276,1.0,206,0.2613205888014918,0.3
277,1.0,161,0.26118992850709105,0.3
278,4.0,275,0.2610593335428375,0.3
279,0.0,138,0.2609288038760661,0.3
280,5.0,303,0.26079833947412806,0.3
281,5.0,333,0.260667940304391,0.3
282,3.0,257,0.26053760633423884,0.3
283,3.0,232,0.26040733753107176,0.3
284,0.0,131,0.2602771338623062,0.3
285,0.0,145,0.2601469952953751,0.3
286,1.0,223,0.26001692179772745,0.3
287,0.0,175,0.2598869133368286,0.3
288,1.0,159,0.2597569698801602,0.3
289,5.0,306,0.25962709139522017,0.3
290,3.0,221,0.2594972778495226,0.3
291,0.0,144,0.25936752921059786,0.3
292,0.0,181,0.2592378454459926,0.3
293,1.0,186,0.2591082265232696,0.3
294,0.0,160,0.258978672410008,0.3
295,0.0,172,0.258849183073803,0.3
296,0.0,128,0.25871975848226614,0.3
297,2.0,260,0.258590398603025,0.3
298,0.0,145,0.2584611034037235,0.3
299,0.0,142,0.2583318728520217,0.3
300,2.0,204,0.2582027069155957,0.3
301,1.0,185,0.25807360556213793,0.3
302,6.0,361,0.2579445687593569,0.3
303,0.0,189,0.2578155964749772,0.3
304,0.0,149,0.2576866886767397,0.3
305,1.0,178,0.25755784533240134,0.3
306,11.0,505,0.2574290664097352,0.3
307,0.0,214,0.25730035187653033,0.3
308,4.0,317,0.25717170170059206,0.3
309,3.0,294,0.25704311584974177,0.3
310,7.0,260,0.2569145942918169,0.3
311,1.0,169,0.256786136994671,0.3
312,2.0,228,0.2566577439261737,0.3
313,2.0,254,0.2565294150542106,0.3
314,1.0,185,0.25640115034668354,0.3
315,3.0,235,0.2562729497715102,0.3
316,7.0,267,0.2561448132966245,0.3
317,1.0,169,0.25601674088997617,0.3
318,0.0,131,0.2558887325195312,0.3
319,0.0,154,0.25576078815327147,0.3
320,0.0,151,0.25563290775919484,0.3
321,3.0,221,0.25550509130531524,0.3
322,7.0,302,0.25537733875966256,0.3
323,2.0,224,0.2552496500902827,0.3
324,3.0,234,0.2551220252652376,0.3
325,3.0,239,0.25499446425260497,0.3
326,1.0,168,0.2548669670204787,0.3
327,1.0,160,0.25473953353696843,0.3
328,3.0,229,0.25461216377019996,0.3
329,3.0,288,0.25448485768831486,0.3
330,0.0,156,0.2543576152594707,0.3
331,0.0,129,0.25423043645184096,0.3
332,4.0,317,0.25410332123361506,0.3
333,3.0,233,0.2539762695729983,0.3
334,2.0,232,0.2538492814382118,0.3
335,3.0,230,0.25372235679749267,0.3
336,1.0,159,0.25359549561909395,0.3
337,3.0,252,0.2534686978712844,0.3
338,3.0,217,0.2533419635223488,0.3
339,0.0,152,0.2532152925405876,0.3
340,0.0,130,0.25308868489431735,0.3
341,1.0,183,0.2529621405518702,0.3
342,0.0,163,0.2528356594815943,0.3
343,1.0,176,0.25270924165185354,0.3
344,3.0,234,0.25258288703102766,0.3
345,0.0,129,0.25245659558751216,0.3
346,1.0,231,0.2523303672897184,0.3
347,0.0,143,0.2522042021060736,0.3
348,3.0,216,0.25207810000502057,0.3
349,7.0,298,0.2519520609550181,0.3
350,3.0,248,0.2518260849245406,0.3
351,1.0,177,0.2517001718820784,0.3
352,1.0,161,0.25157432179613737,0.3
353,4.0,293,0.2514485346352393,0.3
354,3.0,220,0.2513228103679217,0.3
355,0.0,150,0.25119714896273776,0.3
356,0.0,148,0.2510715503882564,0.3
357,1.0,240,0.25094601461306226,0.3
358,0.0,187,0.25082054160575573,0.3
359,0.0,191,0.25069513133495286,0.3
360,0.0,172,0.2505697837692854,0.3
361,1.0,212,0.2504444988774008,0.3
362,0.0,128,0.2503192766279621,0.3
363,3.0,241,0.25019411698964816,0.3
364,3.0,255,0.2500690199311534,0.3
365,4.0,300,0.24994398542118781,0.3
366,3.0,237,0.24981901342847723,0.3
367,0.0,148,0.249694103921763,0.3
368,1.0,163,0.24956925686980214,0.3
369,0.0,178,0.24944447224136726,0.3
370,0.0,135,0.2493197500052466,0.3
371,0.0,148,0.249195090130244,0.3
372,1.0,201,0.24907049258517888,0.3
373,2.0,191,0.2489459573388863,0.3
374,1.0,182,0.24882148436021687,0.3
375,0.0,199,0.24869707361803678,0.3
376,0.0,130,0.24857272508122777,0.3
377,1.0,204,0.24844843871868716,0.3
378,0.0,134,0.24832421449932782,0.3
379,0.0,142,0.24820005239207818,0.3
380,0.0,130,0.24807595236588215,0.3
381,2.0,239,0.2479519143896992,0.3
382,0.0,127,0.24782793843250436,0.3
383,0.0,133,0.24770402446328812,0.3
384,0.0,181,0.24758017245105648,0.3
385,2.0,234,0.24745638236483097,0.3
386,0.0,186,0.24733265417364858,0.3
387,1.0,211,0.24720898784656176,0.3
388,2.0,224,0.2470853833526385,0.3
389,3.0,253,0.2469618406609622,0.3
390,3.0,257,0.24683835974063173,0.3
391,0.0,151,0.24671494056076143,0.3
392,2.0,220,0.24659158309048107,0.3
393,2.0,212,0.24646828729893586,0.3
394,3.0,327,0.2463450531552864,0.3
395,1.0,203,0.24622188062870878,0.3
396,0.0,130,0.24609876968839445,0.3
397,0.0,138,0.24597572030355028,0.3
398,0.0,126,0.2458527324433985,0.3
399,1.0,154,0.24572980607717682,0.3
400,0.0,150,0.24560694117413823,0.3
401,3.0,266,0.24548413770355118,0.3
402,7.0,289,0.24536139563469941,0.3
403,3.0,233,0.24523871493688207,0.3
404,3.0,251,0.24511609557941363,0.3
405,1.0,164,0.24499353753162395,0.3
406,0.0,139,0.24487104076285815,0.3
407,0.0,170,0.24474860524247674,0.3
408,1.0,168,0.24462623093985553,0.3
409,4.0,267,0.2445039178243856,0.3
410,2.0,203,0.2443816658654734,0.3
411,8.0,343,0.2442594750325407,0.3
412,6.0,347,0.24413734529502443,0.3
413,3.0,221,0.24401527662237693,0.3
414,1.0,154,0.24389326898406577,0.3
415,3.0,245,0.24377132234957374,0.3
416,2.0,235,0.24364943668839897,0.3
417,6.0,351,0.2435276119700548,0.3
418,2.0,204,0.24340584816406977,0.3
419,1.0,170,0.24328414523998773,0.3
420,0.0,157,0.24316250316736776,0.3
421,7.0,282,0.24304092191578408,0.3
422,4.0,338,0.2429194014548262,0.3
423,3.0,254,0.2427979417540988,0.3
424,0.0,172,0.24267654278322176,0.3
425,0.0,125,0.24255520451183016,0.3
426,1.0,193,0.24243392690957424,0.3
427,3.0,260,0.24231270994611948,0.3
428,2.0,229,0.24219155359114644,0.3
429,0.0,166,0.24207045781435088,0.3
430,0.0,135,0.24194942258544372,0.3
431,3.0,239,0.241828447874151,0.3
432,3.0,220,0.24170753365021394,0.3
433,7.0,465,0.24158667988338883,0.3
434,2.0,194,0.24146588654344714,0.3
435,6.0,361,0.24134515360017542,0.3
436,1.0,237,0.24122448102337535,0.3
437,3.0,276,0.24110386878286366,0.3
438,1.0,180,0.24098331684847224,0.3
439,1.0,177,0.240862825190048,0.3
440,0.0,126,0.240742393777453,0.3
441,1.0,152,0.24062202258056428,0.3
442,3.0,237,0.24050171156927402,0.3
443,0.0,144,0.2403814607134894,0.3
444,2.0,220,0.24026126998313266,0.3
445,0.0,164,0.2401411393481411,0.3
446,1.0,186,0.24002106877846704,0.3
447,5.0,341,0.2399010582440778,0.3
448,7.0,268,0.23978110771495578,0.3
449,2.0,199,0.2396612171610983,0.3
450,3.0,251,0.23954138655251778,0.3
451,0.0,139,0.23942161585924154,0.3
452,0.0,157,0.23930190505131194,0.3
453,2.0,260,0.2391822540987863,0.3
454,1.0,175,0.23906266297173692,0.3
455,2.0,202,0.23894313164025108,0.3
456,2.0,233,0.23882366007443095,0.3
457,1.0,157,0.23870424824439376,0.3
458,0.0,146,0.2385848961202716,0.3
459,0.0,134,0.23846560367221148,0.3
460,5.0,298,0.23834637087037538,0.3
461,3.0,249,0.23822719768494022,0.3
462,1.0,163,0.23810808408609777,0.3
463,0.0,170,0.23798903004405472,0.3
464,0.0,148,0.23787003552903271,0.3
465,0.0,144,0.23775110051126822,0.3
466,0.0,144,0.2376322249610126,0.3
467,1.0,179,0.23751340884853211,0.3
468,2.0,232,0.23739465214410785,0.3
469,1.0,162,0.23727595481803582,0.3
470,0.0,183,0.23715731684062683,0.3
471,0.0,147,0.23703873818220653,0.3
472,0.0,129,0.23692021881311542,0.3
473,0.0,123,0.23680175870370887,0.3
474,0.0,225,0.23668335782435704,0.3
475,0.0,237,0.23656501614544487,0.3
476,0.0,132,0.23644673363737215,0.3
477,0.0,137,0.2363285102705535,0.3
478,2.0,212,0.23621034601541824,0.3
479,3.0,217,0.23609224084241054,0.3
480,0.0,133,0.23597419472198936,0.3
481,0.0,161,0.23585620762462836,0.3
482,2.0,238,0.23573827952081605,0.3
483,0.0,128,0.23562041038105566,0.3
484,1.0,166,0.23550260017586513,0.3
485,3.0,280,0.2353848488757772,0.3
486,0.0,130,0.23526715645133933,0.3
487,4.0,265,0.23514952287311366,0.3
488,7.0,254,0.23503194811167713,0.3
489,4.0,327,0.2349144321376213,0.3
490,2.0,243,0.23479697492155252,0.3
491,0.0,150,0.23467957643409176,0.3
492,0.0,130,0.23456223664587472,0.3
493,1.0,219,0.2344449555275518,0.3
494,2.0,213,0.23432773304978802,0.3
495,4.0,263,0.23421056918326313,0.3
496,1.0,160,0.23409346389867153,0.3
497,2.0,204,0.2339764171667222,0.3
498,2.0,220,0.23385942895813885,0.3
499,3.0,297,0.2337424992436598,0.3
500,2.0,204,0.233625627994038,0.3
501,4.0,357,0.233508815180041,0.3
502,3.0,237,0.23339206077245098,0.3
503,1.0,197,0.23327536474206476,0.3
504,0.0,149,0.23315872705969373,0.3
505,1.0,181,0.2330421476961639,0.3
506,0.0,132,0.23292562662231583,0.3
507,4.0,264,0.23280916380900468,0.3
508,3.0,249,0.2326927592271002,0.3
509,2.0,230,0.23257641284748667,0.3
510,0.0,139,0.23246012464106294,0.3
511,0.0,133,0.23234389457874244,0.3
512,3.0,263,0.23222772263145308,0.3
513,3.0,262,0.23211160877013737,0.3
514,0.0,171,0.2319955529657523,0.3
515,0.0,131,0.23187955518926945,0.3
516,0.0,137,0.23176361541167484,0.3
517,2.0,201,0.231647733603969,0.3
518,0.0,141,0.23153190973716703,0.3
519,0.0,130,0.23141614378229847,0.3
520,3.0,280,0.23130043571040734,0.3
521,5.0,374,0.23118478549255214,0.3
522,0.0,149,0.2310691930998059,0.3
523,0.0,143,0.230953658503256,0.3
524,0.0,174,0.23083818167400438,0.3
525,2.0,287,0.2307227625831674,0.3
526,1.0,178,0.23060740120187584,0.3
527,4.0,337,0.23049209750127492,0.3
528,0.0,158,0.2303768514525243,0.3
529,0.0,138,0.23026166302679804,0.3
530,1.0,178,0.23014653219528466,0.3
531,1.0,171,0.23003145892918703,0.3
532,2.0,219,0.22991644319972246,0.3
533,0.0,190,0.2298014849781226,0.3
534,1.0,169,0.22968658423563357,0.3
535,4.0,250,0.22957174094351576,0.3
536,3.0,222,0.229456955073044,0.3
537,4.0,291,0.2293422265955075,0.3
538,0.0,133,0.22922755548220974,0.3
539,1.0,163,0.22911294170446866,0.3
540,2.0,200,0.22899838523361643,0.3
541,2.0,222,0.22888388604099963,0.3
542,3.0,288,0.22876944409797914,0.3
543,0.0,140,0.22865505937593017,0.3
544,4.0,314,0.2285407318462422,0.3
545,1.0,170,0.22842646148031912,0.3
546,2.0,196,0.22831224824957896,0.3
547,2.0,201,0.2281980921254542,0.3
548,0.0,144,0.22808399307939148,0.3
549,0.0,155,0.22796995108285178,0.3
550,2.0,204,0.22785596610731038,0.3
551,0.0,140,0.22774203812425672,0.3
552,1.0,206,0.2276281671051946,0.3
553,0.0,196,0.22751435302164202,0.3
554,1.0,160,0.22740059584513123,0.3
555,0.0,178,0.22728689554720868,0.3
556,2.0,290,0.2271732520994351,0.3
557,0.0,141,0.22705966547338538,0.3
558,2.0,212,0.2269461356406487,0.3
559,0.0,143,0.2268326625728284,0.3
560,5.0,367,0.226719246241542,0.3
561,0.0,136,0.22660588661842124,0.3
562,0.0,154,0.22649258367511205,0.3
563,0.0,138,0.2263793373832745,0.3
564,0.0,179,0.2262661477145829,0.3
565,4.0,314,0.22615301464072562,0.3
566,2.0,211,0.22603993813340528,0.3
567,2.0,233,0.2259269181643386,0.3
568,1.0,191,0.22581395470525645,0.3
569,0.0,141,0.22570104772790384,0.3
570,0.0,135,0.2255881972040399,0.3
571,1.0,177,0.22547540310543787,0.3
572,1.0,171,0.22536266540388517,0.3
573,0.0,130,0.22524998407118324,0.3
574,0.0,172,0.22513735907914767,0.3
575,0.0,161,0.2250247903996081,0.3
576,3.0,278,0.2249122780044083,0.3
577,0.0,151,0.22479982186540612,0.3
578,1.0,172,0.22468742195447342,0.3
579,2.0,228,0.22457507824349618,0.3
580,0.0,160,0.22446279070437444,0.3
581,1.0,179,0.22435055930902226,0.3
582,0.0,139,0.22423838402936777,0.3
583,0.0,140,0.2241262648373531,0.3
584,1.0,197,0.22401420170493444,0.3
585,0.0,239,0.22390219460408198,0.3
586,2.0,201,0.22379024350677995,0.3
587,0.0,161,0.22367834838502657,0.3
588,4.0,354,0.22356650921083407,0.3
589,0.0,126,0.22345472595622867,0.3
590,1.0,174,0.22334299859325057,0.3
591,3.0,257,0.22323132709395396,0.3
592,3.0,271,0.223119711430407,0.3
593,2.0,212,0.22300815157469178,0.3
594,2.0,250,0.22289664749890445,0.3
595,2.0,223,0.22278519917515502,0.3
596,0.0,157,0.22267380657556746,0.3
597,2.0,227,0.2225624696722797,0.3
598,2.0,220,0.22245118843744355,0.3
599,0.0,168,0.22233996284322483,0.3
600,3.0,283,0.22222879286180322,0.3
601,4.0,300,0.22211767846537234,0.3
602,0.0,179,0.22200661962613966,0.3
603,0.0,182,0.2218956163163266,0.3
604,3.0,228,0.22178466850816844,0.3
605,0.0,137,0.22167377617391437,0.3
606,0.0,167,0.22156293928582743,0.3
607,2.0,194,0.22145215781618452,0.3
608,1.0,214,0.22134143173727644,0.3
609,11.0,362,0.22123076102140782,0.3
610,8.0,363,0.22112014564089713,0.3
611,2.0,228,0.2210095855680767,0.3
612,6.0,370,0.2208990807752927,0.3
613,0.0,156,0.22078863123490505,0.3
614,3.0,326,0.22067823691928762,0.3
615,5.0,351,0.220567897800828,0.3
616,1.0,237,0.2204576138519276,0.3
617,2.0,210,0.22034738504500165,0.3
618,2.0,187,0.22023721135247917,0.3
619,2.0,205,0.22012709274680295,0.3
620,2.0,203,0.22001702920042956,0.3
621,1.0,188,0.21990702068582937,0.3
622,1.0,202,0.21979706717548647,0.3
623,0.0,140,0.21968716864189874,0.3
624,0.0,203,0.2195773250575778,0.3
625,1.0,211,0.219467536395049,0.3
626,0.0,155,0.2193578026268515,0.3
627,1.0,235,0.2192481237255381,0.3
628,0.0,142,0.21913849966367532,0.3
629,1.0,215,0.2190289304138435,0.3
630,1.0,190,0.2189194159486366,0.3
631,3.0,220,0.2188099562406623,0.3
632,0.0,183,0.21870055126254198,0.3
633,2.0,277,0.21859120098691073,0.3
634,5.0,361,0.2184819053864173,0.3
635,2.0,259,0.2183726644337241,0.3
636,3.0,227,0.21826347810150726,0.3
637,1.0,187,0.2181543463624565,0.3
638,1.0,289,0.2180452691892753,0.3
639,7.0,388,0.2179362465546807,0.3
640,1.0,210,0.21782727843140337,0.3
641,1.0,153,0.21771836479218767,0.3
642,3.0,349,0.2176095056097916,0.3
643,0.0,131,0.2175007008569867,0.3
644,0.0,131,0.2173919505065582,0.3
645,0.0,131,0.21728325453130495,0.3
646,3.0,263,0.2171746129040393,0.3
647,2.0,238,0.2170660255975873,0.3
648,2.0,211,0.21695749258478852,0.3
649,2.0,205,0.21684901383849614,0.3
650,4.0,309,0.21674058933157692,0.3
651,3.0,254,0.21663221903691113,0.3
652,2.0,259,0.21652390292739268,0.3
653,0.0,192,0.216415640975929,0.3
654,0.0,223,0.21630743315544104,0.3
655,2.0,272,0.21619927943886333,0.3
656,1.0,163,0.2160911797991439,0.3
657,6.0,381,0.21598313420924437,0.3
658,1.0,161,0.21587514264213975,0.3
659,0.0,148,0.2157672050708187,0.3
660,1.0,163,0.21565932146828332,0.3
661,4.0,297,0.21555149180754918,0.3
662,1.0,188,0.21544371606164542,0.3
663,1.0,211,0.2153359942036146,0.3
664,0.0,123,0.2152283262065128,0.3
665,2.0,255,0.21512071204340957,0.3
666,2.0,200,0.21501315168738788,0.3
667,1.0,173,0.2149056451115442,0.3
668,2.0,241,0.21479819228898844,0.3
669,1.0,253,0.21469079319284395,0.3
670,0.0,181,0.21458344779624755,0.3
671,3.0,239,0.21447615607234943,0.3
672,1.0,168,0.21436891799431326,0.3
673,7.0,294,0.2142617335353161,0.3
674,3.0,307,0.21415460266854847,0.3
675,2.0,190,0.2140475253672142,0.3
676,0.0,184,0.2139405016045306,0.3
677,1.0,181,0.21383353135372835,0.3
678,1.0,177,0.2137266145880515,0.3
679,1.0,223,0.2136197512807575,0.3
680,2.0,234,0.21351294140511712,0.3
681,2.0,210,0.21340618493441457,0.3
682,1.0,170,0.21329948184194739,0.3
683,2.0,243,0.21319283210102644,0.3
684,3.0,291,0.21308623568497592,0.3
685,2.0,224,0.21297969256713345,0.3
686,1.0,180,0.2128732027208499,0.3
687,3.0,249,0.21276676611948947,0.3
688,2.0,202,0.21266038273642973,0.3
689,0.0,138,0.21255405254506152,0.3
690,0.0,161,0.212447775518789,0.3
691,2.0,234,0.2123415516310296,0.3
692,2.0,186,0.2122353808552141,0.3
693,3.0,221,0.2121292631647865,0.3
694,1.0,190,0.21202319853320412,0.3
695,1.0,169,0.21191718693393752,0.3
696,0.0,124,0.21181122834047056,0.3
697,2.0,221,0.21170532272630033,0.3
698,2.0,223,0.21159947006493718,0.3
699,4.0,288,0.2114936703299047,0.3
700,1.0,180,0.21138792349473978,0.3
701,7.0,254,0.21128222953299242,0.3
702,2.0,194,0.21117658841822592,0.3
703,6.0,364,0.21107100012401683,0.3
704,1.0,165,0.21096546462395482,0.3
705,2.0,203,0.21085998189164284,0.3
706,0.0,152,0.21075455190069703,0.3
707,1.0,185,0.2106491746247467,0.3
708,0.0,205,0.21054385003743434,0.3
709,2.0,204,0.21043857811241562,0.3
710,2.0,220,0.21033335882335943,0.3
711,1.0,270,0.21022819214394778,0.3
712,1.0,201,0.2101230780478758,0.3
713,0.0,148,0.21001801650885188,0.3
714,3.0,252,0.20991300750059746,0.3
715,7.0,267,0.20980805099684718,0.3
716,6.0,342,0.20970314697134876,0.3
717,7.0,475,0.2095982953978631,0.3
718,3.0,275,0.20949349625016417,0.3
719,3.0,263,0.2093887495020391,0.3
720,3.0,249,0.2092840551272881,0.3
721,2.0,192,0.20917941309972446,0.3
722,2.0,184,0.2090748233931746,0.3
723,1.0,170,0.20897028598147802,0.3
724,0.0,170,0.2088658008384873,0.3
725,3.0,240,0.20876136793806807,0.3
726,2.0,186,0.20865698725409904,0.3
727,2.0,258,0.208552658760472,0.3
728,2.0,190,0.20844838243109176,0.3
729,3.0,214,0.20834415823987623,0.3
730,1.0,176,0.2082399861607563,0.3
731,1.0,166,0.20813586616767596,0.3
732,0.0,147,0.20803179823459214,0.3
733,0.0,143,0.20792778233547485,0.3
734,0.0,140,0.2078238184443071,0.3
735,2.0,226,0.20771990653508496,0.3
736,1.0,160,0.20761604658181743,0.3
737,1.0,183,0.20751223855852652,0.3
738,1.0,174,0.20740848243924725,0.3
739,2.0,191,0.20730477819802764,0.3
740,1.0,161,0.20720112580892863,0.3
741,2.0,267,0.20709752524602418,0.3
742,0.0,213,0.20699397648340118,0.3
743,0.0,137,0.20689047949515948,0.3
744,0.0,138,0.20678703425541192,0.3
745,1.0,165,0.20668364073828424,0.3
746,0.0,151,0.2065802989179151,0.3
747,2.0,299,0.20647700876845615,0.3
748,0.0,154,0.20637377026407194,0.3
749,5.0,367,0.20627058337893991,0.3
750,2.0,350,0.20616744808725046,0.3
751,2.0,220,0.20606436436320685,0.3
752,2.0,301,0.20596133218102528,0.3
753,0.0,154,0.20585835151493478,0.3
754,4.0,291,0.20575542233917732,0.3
755,0.0,176,0.20565254462800775,0.3
756,3.0,246,0.20554971835569374,0.3
757,3.0,220,0.2054469434965159,0.3
758,3.0,249,0.20534422002476765,0.3
759,3.0,225,0.20524154791475527,0.3
760,1.0,159,0.2051389271407979,0.3
761,7.0,256,0.2050363576772275,0.3
762,5.0,325,0.2049338394983889,0.3
763,0.0,139,0.2048313725786397,0.3
764,2.0,207,0.2047289568923504,0.3
765,1.0,186,0.20462659241390424,0.3
766,0.0,134,0.2045242791176973,0.3
767,11.0,296,0.20442201697813847,0.3
768,3.0,244,0.2043198059696494,0.3
769,3.0,304,0.2042176460666646,0.3
770,3.0,255,0.20411553724363127,0.3
771,1.0,201,0.20401347947500947,0.3
772,2.0,185,0.203911472735272,0.3
773,2.0,218,0.20380951699890437,0.3
774,3.0,248,0.20370761224040493,0.3
775,1.0,179,0.20360575843428474,0.3
776,3.0,295,0.20350395555506762,0.3
777,2.0,195,0.2034022035772901,0.3
778,1.0,165,0.20330050247550147,0.3
779,2.0,232,0.20319885222426373,0.3
780,4.0,302,0.2030972527981516,0.3
781,11.0,305,0.20299570417175253,0.3
782,0.0,160,0.20289420631966668,0.3
783,8.0,427,0.20279275921650686,0.3
784,5.0,355,0.20269136283689862,0.3
785,5.0,405,0.2025900171554802,0.3
786,0.0,128,0.20248872214690247,0.3
787,2.0,185,0.20238747778582902,0.3
788,0.0,139,0.20228628404693613,0.3
789,0.0,128,0.20218514090491269,0.3
790,0.0,179,0.20208404833446025,0.3
791,3.0,283,0.20198300631029303,0.3
792,1.0,174,0.2018820148071379,0.3
793,1.0,183,0.20178107379973434,0.3
794,2.0,203,0.2016801832628345,0.3
795,1.0,166,0.20157934317120307,0.3
796,1.0,211,0.2014785534996175,0.3
797,1.0,164,0.20137781422286768,0.3
798,3.0,284,0.20127712531575626,0.3
799,0.0,172,0.20117648675309838,0.3
800,3.0,254,0.20107589850972185,0.3
801,2.0,211,0.200975360560467,0.3
802,1.0,224,0.20087487288018677,0.3
803,2.0,218,0.20077443544374668,0.3
804,3.0,306,0.2006740482260248,0.3
805,1.0,186,0.2005737112019118,0.3
806,0.0,144,0.20047342434631085,0.3
807,2.0,310,0.2003731876341377,0.3
808,1.0,215,0.20027300104032064,0.3
809,0.0,154,0.2001728645398005,0.3
810,0.0,127,0.2000727781075306,0.3
811,0.0,128,0.19997274171847684,0.3
812,0.0,134,0.19987275534761761,0.3
813,2.0,235,0.1997728189699438,0.3
814,2.0,265,0.19967293256045884,0.3
815,0.0,139,0.19957309609417861,0.3
816,2.0,248,0.19947330954613154,0.3
817,2.0,224,0.19937357289135849,0.3
818,3.0,252,0.1992738861049128,0.3
819,2.0,347,0.19917424916186036,0.3
820,3.0,247,0.19907466203727944,0.3
821,3.0,250,0.1989751247062608,0.3
822,2.0,217,0.19887563714390769,0.3
823,0.0,154,0.19877619932533575,0.3
824,0.0,171,0.1986768112256731,0.3
825,0.0,145,0.19857747282006027,0.3
826,3.0,256,0.19847818408365026,0.3
827,3.0,230,0.19837894499160844,0.3
828,5.0,342,0.19827975551911264,0.3
829,0.0,176,0.1981806156413531,0.3
830,1.0,178,0.19808152533353243,0.3
831,0.0,191,0.19798248457086567,0.3
832,1.0,176,0.19788349332858024,0.3
833,1.0,156,0.19778455158191596,0.3
834,0.0,131,0.19768565930612503,0.3
835,0.0,128,0.19758681647647197,0.3
836,2.0,202,0.19748802306823374,0.3
837,3.0,314,0.19738927905669962,0.3
838,0.0,157,0.1972905844171713,0.3
839,3.0,258,0.19719193912496272,0.3
840,4.0,274,0.19709334315540025,0.3
841,1.0,184,0.19699479648382257,0.3
842,0.0,136,0.19689629908558068,0.3
843,3.0,240,0.1967978509360379,0.3
844,0.0,161,0.1966994520105699,0.3
845,1.0,177,0.19660110228456462,0.3
846,0.0,142,0.19650280173342236,0.3
847,0.0,145,0.19640455033255566,0.3
848,2.0,226,0.1963063480573894,0.3
849,0.0,141,0.19620819488336072,0.3
850,0.0,280,0.19611009078591904,0.3
851,0.0,135,0.19601203574052609,0.3
852,0.0,149,0.19591402972265584,0.3
853,3.0,243,0.19581607270779453,0.3
854,2.0,219,0.19571816467144063,0.3
855,3.0,246,0.19562030558910493,0.3
856,5.0,327,0.1955224954363104,0.3
857,2.0,241,0.19542473418859224,0.3
858,7.0,266,0.19532702182149794,0.3
859,4.0,282,0.19522935831058721,0.3
860,3.0,237,0.19513174363143193,0.3
861,2.0,243,0.19503417775961623,0.3
862,2.0,277,0.19493666067073645,0.3
863,0.0,149,0.1948391923404011,0.3
864,0.0,169,0.1947417727442309,0.3
865,2.0,236,0.1946444018578588,0.3
866,0.0,132,0.19454707965692988,0.3
867,0.0,197,0.19444980611710144,0.3
868,2.0,253,0.1943525812140429,0.3
869,0.0,128,0.19425540492343588,0.3
870,3.0,261,0.19415827722097417,0.3
871,2.0,226,0.1940611980823637,0.3
872,2.0,224,0.1939641674833225,0.3
873,0.0,164,0.19386718539958087,0.3
874,2.0,253,0.1937702518068811,0.3
875,2.0,253,0.19367336668097768,0.3
876,0.0,160,0.1935765299976372,0.3
877,0.0,203,0.19347974173263838,0.3
878,1.0,182,0.19338300186177207,0.3
879,0.0,133,0.1932863103608412,0.3
880,2.0,314,0.1931896672056608,0.3
881,1.0,222,0.19309307237205797,0.3
882,0.0,141,0.19299652583587196,0.3
883,0.0,183,0.19290002757295402,0.3
884,1.0,179,0.19280357755916755,0.3
885,0.0,138,0.19270717577038798,0.3
886,0.0,126,0.1926108221825028,0.3
887,1.0,166,0.19251451677141157,0.3
888,3.0,298,0.19241825951302588,0.3
889,2.0,243,0.19232205038326938,0.3
890,1.0,164,0.19222588935807775,0.3
891,3.0,232,0.1921297764133987,0.3
892,2.0,191,0.19203371152519202,0.3
893,0.0,130,0.19193769466942945,0.3
894,2.0,196,0.19184172582209474,0.3
895,1.0,230,0.1917458049591837,0.3
896,1.0,204,0.1916499320567041,0.3
897,0.0,137,0.19155410709067577,0.3
898,2.0,206,0.19145833003713045,0.3
899,3.0,317,0.1913626008721119,0.3
900,0.0,134,0.19126691957167585,0.3
901,2.0,196,0.19117128611189002,0.3
902,2.0,193,0.1910757004688341,0.3
903,0.0,149,0.19098016261859968,0.3
904,0.0,153,0.19088467253729038,0.3
905,0.0,197,0.19078923020102176,0.3
906,0.0,202,0.19069383558592126,0.3
907,0.0,159,0.1905984886681283,0.3
908,0.0,128,0.19050318942379427,0.3
909,1.0,194,0.19040793782908239,0.3
910,0.0,145,0.19031273386016787,0.3
911,0.0,172,0.19021757749323778,0.3
912,0.0,171,0.19012246870449118,0.3
913,1.0,176,0.19002740747013894,0.3
914,1.0,201,0.1899323937664039,0.3
915,7.0,420,0.1898374275695207,0.3
916,3.0,312,0.18974250885573596,0.3
917,6.0,423,0.1896476376013081,0.3
918,1.0,159,0.18955281378250746,0.3
919,5.0,349,0.18945803737561623,0.3
920,0.0,136,0.18936330835692844,0.3
921,3.0,373,0.18926862670275,0.3
922,4.0,282,0.18917399238939864,0.3
923,1.0,169,0.18907940539320395,0.3
924,2.0,181,0.18898486569050735,0.3
925,6.0,360,0.18889037325766211,0.3
926,3.0,215,0.1887959280710333,0.3
927,2.0,239,0.18870153010699778,0.3
928,2.0,246,0.1886071793419443,0.3
929,0.0,171,0.18851287575227332,0.3
930,2.0,206,0.18841861931439718,0.3
931,1.0,202,0.18832441000473998,0.3
932,0.0,169,0.18823024779973763,0.3
933,3.0,249,0.18813613267583776,0.3
934,1.0,162,0.18804206460949985,0.3
935,2.0,243,0.1879480435771951,0.3
936,3.0,257,0.1878540695554065,0.3
937,3.0,291,0.1877601425206288,0.3
938,5.0,428,0.18766626244936851,0.3
939,2.0,251,0.18757242931814383,0.3
940,0.0,183,0.18747864310348478,0.3
941,1.0,164,0.18738490378193304,0.3
942,1.0,161,0.1872912113300421,0.3
943,7.0,276,0.18719756572437707,0.3
944,3.0,248,0.18710396694151488,0.3
945,0.0,134,0.18701041495804413,0.3
946,2.0,204,0.18691690975056513,0.3
947,1.0,191,0.18682345129568986,0.3
948,0.0,149,0.18673003957004203,0.3
949,2.0,207,0.186636674550257,0.3
950,0.0,132,0.1865433562129819,0.3
951,1.0,193,0.1864500845348754,0.3
952,0.0,153,0.186356859492608,0.3
953,0.0,141,0.1862636810628617,0.3
954,0.0,138,0.18617054922233028,0.3
955,1.0,158,0.18607746394771912,0.3
956,2.0,272,0.18598442521574526,0.3
957,3.0,260,0.1858914330031374,0.3
958,3.0,268,0.18579848728663584,0.3
959,1.0,161,0.18570558804299253,0.3
960,2.0,251,0.18561273524897104,0.3
961,2.0,318,0.18551992888134655,0.3
962,1.0,202,0.1854271689169059,0.3
963,2.0,202,0.18533445533244744,0.3
964,1.0,208,0.18524178810478123,0.3
965,2.0,284,0.18514916721072885,0.3
966,0.0,197,0.1850565926271235,0.3
967,0.0,142,0.18496406433080995,0.3
968,3.0,252,0.18487158229864456,0.3
969,1.0,222,0.18477914650749525,0.3
970,0.0,163,0.1846867569342415,0.3
971,1.0,165,0.18459441355577438,0.3
972,2.0,245,0.18450211634899652,0.3
973,1.0,242,0.18440986529082204,0.3
974,1.0,195,0.18431766035817665,0.3
975,1.0,237,0.18422550152799758,0.3
976,0.0,176,0.1841333887772336,0.3
977,0.0,203,0.184041322082845,0.3
978,0.0,179,0.18394930142180357,0.3
979,1.0,182,0.18385732677109268,0.3
980,0.0,140,0.18376539810770715,0.3
981,0.0,140,0.18367351540865332,0.3
982,0.0,136,0.183581678650949,0.3
983,0.0,156,0.18348988781162354,0.3
984,0.0,142,0.18339814286771774,0.3
985,0.0,130,0.18330644379628389,0.3
986,2.0,258,0.18321479057438575,0.3
987,7.0,276,0.18312318317909856,0.3
988,3.0,278,0.18303162158750902,0.3
989,2.0,224,0.18294010577671527,0.3
990,2.0,207,0.18284863572382692,0.3
991,2.0,187,0.18275721140596501,0.3
992,0.0,130,0.18266583280026205,0.3
993,1.0,240,0.18257449988386193,0.3
994,3.0,231,0.18248321263392,0.3
995,3.0,272,0.18239197102760304,0.3
996,2.0,281,0.18230077504208925,0.3
997,3.0,257,0.18220962465456822,0.3
998,1.0,205,0.18211851984224095,0.3
999,0.0,163,0.18202746058231983,0.3
1000,1.0,211,0.18193644685202867,0.3
1001,7.0,499,0.18184547862860267,0.3
1002,2.0,216,0.18175455588928838,0.3
1003,1.0,187,0.18166367861134375,0.3
1004,1.0,179,0.18157284677203808,0.3
1005,2.0,239,0.18148206034865208,0.3
1006,2.0,207,0.18139131931847777,0.3
1007,2.0,193,0.18130062365881855,0.3
1008,2.0,252,0.18120997334698916,0.3
1009,7.0,272,0.18111936836031567,0.3
1010,0.0,139,0.18102880867613552,0.3
1011,4.0,339,0.18093829427179747,0.3
1012,1.0,230,0.18084782512466158,0.3
1013,0.0,180,0.18075740121209927,0.3
1014,0.0,136,0.18066702251149322,0.3
1015,1.0,218,0.1805766890002375,0.3
1016,0.0,131,0.18048640065573737,0.3
1017,1.0,183,0.18039615745540952,0.3
1018,0.0,178,0.1803059593766818,0.3
1019,1.0,188,0.18021580639699347,0.3
1020,0.0,148,0.18012569849379498,0.3
1021,0.0,135,0.18003563564454808,0.3
1022,1.0,169,0.17994561782672583,0.3
1023,0.0,130,0.17985564501781248,0.3
1024,1.0,183,0.1797657171953036,0.3
1025,2.0,197,0.17967583433670595,0.3
1026,0.0,191,0.1795859964195376,0.3
1027,1.0,220,0.17949620342132783,0.3
1028,3.0,234,0.1794064553196172,0.3
1029,0.0,127,0.17931675209195738,0.3
1030,1.0,182,0.17922709371591142,0.3
1031,0.0,128,0.17913748016905348,0.3
1032,1.0,202,0.17904791142896898,0.3
1033,1.0,180,0.1789583874732545,0.3
1034,2.0,187,0.17886890827951787,0.3
1035,1.0,173,0.17877947382537812,0.3
1036,1.0,180,0.17869008408846543,0.3
1037,2.0,204,0.1786007390464212,0.3
1038,1.0,256,0.178511438676898,0.3
1039,0.0,187,0.17842218295755957,0.3
1040,2.0,252,0.1783329718660808,0.3
1041,1.0,185,0.17824380538014778,0.3
1042,1.0,173,0.17815468347745772,0.3
1043,2.0,192,0.178065606135719,0.3
1044,0.0,137,0.17797657333265116,0.3
1045,1.0,156,0.17788758504598484,0.3
1046,1.0,176,0.17779864125346187,0.3
1047,0.0,129,0.17770974193283515,0.3
1048,1.0,228,0.17762088706186874,0.3
1049,0.0,293,0.1775320766183378,0.3
1050,0.0,160,0.17744331058002866,0.3
1051,0.0,190,0.17735458892473865,0.3
1052,0.0,159,0.1772659116302763,0.3
1053,2.0,232,0.17717727867446117,0.3
1054,2.0,236,0.17708869003512395,0.3
1055,5.0,343,0.1770001456901064,0.3
1056,2.0,200,0.17691164561726133,0.3
1057,1.0,200,0.17682318979445272,0.3
1058,1.0,178,0.1767347781995555,0.3
1059,0.0,154,0.17664641081045573,0.3
1060,0.0,198,0.1765580876050505,0.3
1061,0.0,212,0.176469808561248,0.3
1062,1.0,254,0.17638157365696738,0.3
1063,0.0,153,0.1762933828701389,0.3
1064,0.0,148,0.17620523617870384,0.3
1065,2.0,244,0.1761171335606145,0.3
1066,2.0,202,0.17602907499383422,0.3
1067,2.0,327,0.1759410604563373,0.3
1068,4.0,302,0.17585308992610915,0.3
1069,2.0,365,0.17576516338114612,0.3
1070,2.0,241,0.17567728079945555,0.3
1071,2.0,226,0.17558944215905584,0.3
1072,3.0,263,0.1755016474379763,0.3
1073,3.0,265,0.17541389661425733,0.3
1074,1.0,171,0.1753261896659502,0.3
1075,0.0,124,0.17523852657111724,0.3
1076,0.0,134,0.1751509073078317,0.3
1077,3.0,297,0.1750633318541778,0.3
1078,2.0,228,0.1749758001882507,0.3
1079,2.0,234,0.1748883122881566,0.3
1080,0.0,164,0.17480086813201254,0.3
1081,0.0,124,0.17471346769794655,0.3
1082,1.0,179,0.17462611096409758,0.3
1083,3.0,265,0.17453879790861554,0.3
1084,2.0,303,0.17445152850966125,0.3
1085,0.0,130,0.17436430274540643,0.3
1086,3.0,293,0.17427712059403375,0.3
1087,1.0,186,0.17418998203373673,0.3
1088,3.0,273,0.17410288704271987,0.3
1089,0.0,132,0.1740158355991985,0.3
1090,1.0,194,0.17392882768139892,0.3
1091,1.0,200,0.17384186326755824,0.3
1092,0.0,170,0.17375494233592448,0.3
1093,0.0,161,0.17366806486475653,0.3
1094,0.0,165,0.17358123083232416,0.3
1095,2.0,218,0.173494440216908,0.3
1096,2.0,268,0.17340769299679953,0.3
1097,0.0,142,0.17332098915030114,0.3
1098,7.0,380,0.173234328655726,0.3
1099,1.0,224,0.17314771149139815,0.3
1100,0.0,187,0.17306113763565245,0.3
1101,1.0,264,0.17297460706683462,0.3
1102,2.0,201,0.1728881197633012,0.3
1103,0.0,133,0.17280167570341956,0.3
1104,0.0,142,0.17271527486556787,0.3
1105,0.0,139,0.1726289172281351,0.3
1106,2.0,235,0.17254260276952102,0.3
1107,3.0,314,0.17245633146813627,0.3
1108,3.0,276,0.1723701033024022,0.3
1109,2.0,263,0.172283918250751,0.3
1110,2.0,211,0.17219777629162564,0.3
1111,0.0,172,0.17211167740347982,0.3
1112,2.0,257,0.1720256215647781,0.3
1113,0.0,172,0.17193960875399572,0.3
1114,0.0,131,0.17185363894961872,0.3
1115,0.0,132,0.1717677121301439,0.3
1116,2.0,296,0.17168182827407885,0.3
1117,2.0,239,0.17159598735994183,0.3
1118,0.0,126,0.17151018936626186,0.3
1119,2.0,269,0.17142443427157875,0.3
1120,3.0,218,0.17133872205444298,0.3
1121,2.0,225,0.17125305269341576,0.3
1122,3.0,250,0.17116742616706906,0.3
1123,1.0,173,0.17108184245398553,0.3
1124,1.0,167,0.17099630153275855,0.3
1125,2.0,208,0.1709108033819922,0.3
1126,0.0,148,0.1708253479803012,0.3
1127,1.0,177,0.17073993530631104,0.3
1128,0.0,203,0.1706545653386579,0.3
1129,0.0,198,0.17056923805598856,0.3
1130,0.0,183,0.17048395343696057,0.3
1131,3.0,252,0.1703987114602421,0.3
1132,0.0,143,0.17031351210451198,0.3
1133,2.0,194,0.17022835534845973,0.3
1134,1.0,160,0.1701432411707855,0.3
1135,4.0,326,0.17005816955020012,0.3
1136,3.0,243,0.16997314046542503,0.3
1137,2.0,310,0.16988815389519232,0.3
1138,0.0,143,0.16980320981824473,0.3
1139,4.0,303,0.1697183082133356,0.3
1140,0.0,129,0.16963344905922895,0.3
1141,4.0,298,0.16954863233469933,0.3
1142,0.0,262,0.16946385801853198,0.3
1143,2.0,238,0.1693791260895227,0.3
1144,1.0,155,0.16929443652647796,0.3
1145,2.0,219,0.16920978930821473,0.3
1146,2.0,261,0.16912518441356064,0.3
1147,0.0,238,0.16904062182135388,0.3
1148,1.0,191,0.1689561015104432,0.3
1149,0.0,130,0.168871623459688,0.3
1150,0.0,128,0.16878718764795816,0.3
1151,0.0,147,0.1687027940541342,0.3
1152,0.0,146,0.16861844265710713,0.3
1153,1.0,169,0.16853413343577858,0.3
1154,1.0,222,0.1684498663690607,0.3
1155,2.0,223,0.16836564143587618,0.3
1156,1.0,213,0.16828145861515825,0.3
1157,3.0,337,0.16819731788585068,0.3
1158,1.0,221,0.16811321922690778,0.3
1159,1.0,257,0.16802916261729434,0.3
1160,1.0,197,0.1679451480359857,0.3
1161,3.0,251,0.16786117546196772,0.3
1162,2.0,249,0.16777724487423673,0.3
1163,2.0,225,0.16769335625179962,0.3
1164,5.0,369,0.16760950957367374,0.3
1165,4.0,284,0.1675257048188869,0.3
1166,0.0,168,0.16744194196647746,0.3
1167,0.0,186,0.16735822099549424,0.3
1168,1.0,174,0.16727454188499652,0.3
1169,2.0,227,0.16719090461405403,0.3
1170,2.0,258,0.16710730916174701,0.3
1171,0.0,144,0.16702375550716614,0.3
1172,0.0,202,0.16694024362941257,0.3
1173,0.0,129,0.16685677350759787,0.3
1174,0.0,147,0.16677334512084407,0.3
1175,2.0,210,0.16668995844828366,0.3
1176,0.0,162,0.16660661346905953,0.3
1177,1.0,171,0.166523310162325,0.3
1178,0.0,138,0.16644004850724384,0.3
1179,2.0,259,0.16635682848299022,0.3
1180,2.0,272,0.16627365006874872,0.3
1181,0.0,240,0.16619051324371437,0.3
1182,0.0,156,0.16610741798709253,0.3
1183,0.0,134,0.166024364278099,0.3
1184,1.0,217,0.16594135209595995,0.3
1185,1.0,157,0.16585838141991197,0.3
1186,3.0,256,0.165775452229202,0.3
1187,0.0,159,0.16569256450308742,0.3
1188,0.0,159,0.1656097182208359,0.3
1189,0.0,204,0.16552691336172548,0.3
1190,2.0,265,0.16544414990504464,0.3
1191,1.0,209,0.1653614278300921,0.3
1192,1.0,156,0.16527874711617707,0.3
1193,0.0,175,0.165196107742619,0.3
1194,3.0,249,0.1651135096887477,0.3
1195,1.0,177,0.16503095293390332,0.3
1196,0.0,128,0.16494843745743637,0.3
1197,0.0,135,0.16486596323870767,0.3
1198,0.0,148,0.16478353025708833,0.3
1199,0.0,128,0.1647011384919598,0.3
1200,0.0,153,0.16461878792271384,0.3
1201,2.0,217,0.1645364785287525,0.3
1202,3.0,308,0.16445421028948815,0.3
1203,3.0,301,0.1643719831843434,0.3
1204,1.0,227,0.16428979719275125,0.3
1205,2.0,243,0.16420765229415488,0.3
1206,0.0,149,0.1641255484680078,0.3
1207,2.0,253,0.1640434856937738,0.3
1208,0.0,147,0.16396146395092692,0.3
1209,2.0,220,0.16387948321895146,0.3
1210,3.0,212,0.163797543477342,0.3
1211,2.0,205,0.16371564470560332,0.3
1212,0.0,145,0.16363378688325053,0.3
1213,0.0,155,0.16355196998980892,0.3
1214,0.0,140,0.16347019400481402,0.3
1215,2.0,295,0.16338845890781162,0.3
1216,0.0,202,0.16330676467835772,0.3
1217,0.0,142,0.16322511129601855,0.3
1218,3.0,233,0.16314349874037054,0.3
1219,0.0,219,0.16306192699100036,0.3
1220,1.0,155,0.16298039602750486,0.3
1221,0.0,126,0.16289890582949113,0.3
1222,3.0,291,0.16281745637657638,0.3
1223,0.0,220,0.1627360476483881,0.3
1224,0.0,141,0.1626546796245639,0.3
1225,0.0,161,0.16257335228475162,0.3
1226,0.0,166,0.16249206560860924,0.3
1227,2.0,224,0.16241081957580494,0.3
1228,0.0,137,0.16232961416601704,0.3
1229,0.0,139,0.16224844935893404,0.3
1230,0.0,187,0.16216732513425458,0.3
1231,1.0,185,0.16208624147168746,0.3
1232,0.0,129,0.16200519835095162,0.3
1233,1.0,159,0.16192419575177616,0.3
1234,0.0,155,0.16184323365390027,0.3
1235,0.0,132,0.16176231203707334,0.3
1236,0.0,191,0.1616814308810548,0.3
1237,0.0,176,0.1616005901656143,0.3
1238,1.0,169,0.16151978987053148,0.3
1239,0.0,229,0.16143902997559623,0.3
1240,0.0,130,0.16135831046060845,0.3
1241,0.0,245,0.16127763130537814,0.3
1242,0.0,242,0.16119699248972547,0.3
1243,0.0,136,0.1611163939934806,0.3
1244,2.0,206,0.16103583579648387,0.3
1245,0.0,267,0.16095531787858564,0.3
1246,0.0,217,0.16087484021964635,0.3
1247,4.0,301,0.16079440279953652,0.3
1248,0.0,254,0.16071400559813676,0.3
1249,0.0,132,0.16063364859533769,0.3
1250,3.0,255,0.16055333177104003,0.3
1251,2.0,223,0.16047305510515453,0.3
1252,1.0,223,0.16039281857760196,0.3
1253,0.0,131,0.16031262216831316,0.3
1254,1.0,174,0.160232465857229,0.3
1255,1.0,174,0.1601523496243004,0.3
1256,1.0,166,0.16007227344948824,0.3
1257,2.0,205,0.1599922373127635,0.3
1258,2.0,186,0.15991224119410713,0.3
1259,0.0,131,0.15983228507351008,0.3
1260,1.0,180,0.15975236893097333,0.3
1261,2.0,194,0.15967249274650785,0.3
1262,3.0,252,0.1595926565001346,0.3
1263,2.0,234,0.15951286017188454,0.3
1264,0.0,168,0.15943310374179862,0.3
1265,0.0,261,0.15935338718992773,0.3
1266,2.0,189,0.15927371049633277,0.3
1267,4.0,293,0.15919407364108462,0.3
1268,0.0,134,0.1591144766042641,0.3
1269,0.0,165,0.15903491936596195,0.3
1270,0.0,267,0.158955401906279,0.3
1271,0.0,169,0.15887592420532587,0.3
1272,2.0,264,0.1587964862432232,0.3
1273,1.0,184,0.1587170880001016,0.3
1274,0.0,227,0.15863772945610155,0.3
1275,1.0,210,0.15855841059137352,0.3
1276,0.0,137,0.15847913138607783,0.3
1277,1.0,199,0.1583998918203848,0.3
1278,2.0,354,0.15832069187447462,0.3
1279,3.0,257,0.1582415315285374,0.3
1280,3.0,326,0.15816241076277313,0.3
1281,2.0,240,0.15808332955739174,0.3
1282,2.0,229,0.15800428789261306,0.3
1283,2.0,203,0.15792528574866677,0.3
1284,0.0,148,0.15784632310579244,0.3
1285,2.0,206,0.15776739994423955,0.3
1286,4.0,296,0.15768851624426744,0.3
1287,0.0,184,0.1576096719861453,0.3
1288,2.0,281,0.15753086715015224,0.3
1289,2.0,248,0.15745210171657717,0.3
1290,2.0,231,0.15737337566571888,0.3
1291,1.0,204,0.15729468897788604,0.3
1292,3.0,305,0.1572160416333971,0.3
1293,2.0,221,0.15713743361258042,0.3
1294,2.0,229,0.15705886489577414,0.3
1295,0.0,196,0.15698033546332626,0.3
1296,0.0,189,0.15690184529559462,0.3
1297,4.0,369,0.15682339437294682,0.3
1298,0.0,210,0.15674498267576034,0.3
1299,2.0,183,0.15666661018442246,0.3
1300,2.0,209,0.15658827687933025,0.3
1301,2.0,211,0.1565099827408906,0.3
1302,2.0,268,0.15643172774952016,0.3
1303,1.0,194,0.15635351188564542,0.3
1304,2.0,317,0.1562753351297026,0.3
1305,2.0,284,0.15619719746213775,0.3
1306,2.0,228,0.1561190988634067,0.3
1307,3.0,282,0.156041039313975,0.3
1308,4.0,317,0.15596301879431804,0.3
1309,1.0,214,0.1558850372849209,0.3
1310,0.0,148,0.15580709476627844,0.3
1311,1.0,176,0.1557291912188953,0.3
1312,2.0,239,0.15565132662328587,0.3
1313,0.0,174,0.15557350095997424,0.3
1314,5.0,331,0.15549571420949426,0.3
1315,2.0,293,0.15541796635238952,0.3
1316,3.0,293,0.15534025736921334,0.3
1317,4.0,302,0.15526258724052874,0.3
1318,6.0,440,0.15518495594690848,0.3
1319,1.0,160,0.15510736346893503,0.3
1320,1.0,249,0.15502980978720057,0.3
1321,2.0,338,0.15495229488230697,0.3
1322,2.0,230,0.15487481873486583,0.3
1323,4.0,340,0.15479738132549842,0.3
1324,0.0,175,0.1547199826348357,0.3
1325,2.0,244,0.15464262264351827,0.3
1326,1.0,157,0.15456530133219654,0.3
1327,2.0,273,0.15448801868153045,0.3
1328,2.0,240,0.1544107746721897,0.3
1329,0.0,172,0.15433356928485362,0.3
1330,0.0,173,0.1542564025002112,0.3
1331,0.0,139,0.15417927429896108,0.3
1332,0.0,301,0.1541021846618116,0.3
1333,0.0,159,0.15402513356948072,0.3
1334,0.0,164,0.15394812100269598,0.3
1335,1.0,233,0.15387114694219464,0.3
1336,4.0,358,0.15379421136872357,0.3
1337,0.0,178,0.15371731426303922,0.3
1338,1.0,195,0.15364045560590772,0.3
1339,1.0,370,0.15356363537810477,0.3
1340,0.0,242,0.15348685356041572,0.3
1341,1.0,214,0.1534101101336355,0.3
1342,6.0,456,0.15333340507856869,0.3
1343,2.0,281,0.1532567383760294,0.3
1344,0.0,165,0.1531801100068414,0.3
1345,0.0,130,0.153103519951838,0.3
1346,11.0,480,0.15302696819186207,0.3
1347,4.0,317,0.15295045470776614,0.3
1348,0.0,194,0.15287397948041226,0.3
1349,0.0,252,0.15279754249067207,0.3
1350,4.0,361,0.15272114371942674,0.3
1351,0.0,144,0.15264478314756705,0.3
1352,0.0,155,0.15256846075599328,0.3
1353,3.0,423,0.1524921765256153,0.3
1354,0.0,290,0.15241593043735252,0.3
1355,0.0,186,0.15233972247213384,0.3
1356,0.0,189,0.15226355261089777,0.3
1357,1.0,159,0.15218742083459233,0.3
1358,2.0,230,0.15211132712417505,0.3
1359,1.0,188,0.15203527146061296,0.3
1360,0.0,173,0.15195925382488268,0.3
1361,0.0,129,0.15188327419797024,0.3
1362,6.0,355,0.15180733256087126,0.3
1363,2.0,203,0.15173142889459082,0.3
1364,7.0,297,0.15165556318014353,0.3
1365,2.0,254,0.15157973539855346,0.3
1366,2.0,240,0.1515039455308542,0.3
1367,0.0,152,0.15142819355808879,0.3
1368,3.0,327,0.15135247946130975,0.3
1369,1.0,187,0.1512768032215791,0.3
1370,0.0,171,0.15120116481996831,0.3
1371,5.0,324,0.15112556423755835,0.3
1372,7.0,262,0.1510500014554396,0.3
1373,0.0,163,0.15097447645471188,0.3
1374,0.0,171,0.15089898921648454,0.3
1375,2.0,224,0.15082353972187632,0.3
1376,0.0,165,0.1507481279520154,0.3
1377,0.0,253,0.15067275388803938,0.3
1378,3.0,256,0.15059741751109537,0.3
1379,0.0,153,0.15052211880233984,0.3
1380,2.0,194,0.15044685774293867,0.3
1381,2.0,201,0.15037163431406722,0.3
1382,2.0,194,0.1502964484969102,0.3
1383,1.0,157,0.15022130027266176,0.3
1384,2.0,210,0.15014618962252543,0.3
1385,1.0,190,0.15007111652771418,0.3
1386,0.0,164,0.14999608096945033,0.3
1387,0.0,185,0.1499210829289656,0.3
1388,2.0,220,0.14984612238750114,0.3
1389,1.0,254,0.1497711993263074,0.3
1390,0.0,138,0.14969631372664424,0.3
1391,0.0,192,0.14962146556978093,0.3
1392,0.0,131,0.14954665483699606,0.3
1393,0.0,155,0.14947188150957758,0.3
1394,0.0,130,0.1493971455688228,0.3
1395,2.0,205,0.1493224469960384,0.3
1396,1.0,156,0.1492477857725404,0.3
1397,1.0,260,0.14917316187965413,0.3
1398,1.0,214,0.14909857529871431,0.3
1399,0.0,165,0.14902402601106496,0.3
1400,0.0,131,0.14894951399805945,0.3
1401,0.0,202,0.14887503924106044,0.3
1402,2.0,257,0.1488006017214399,0.3
1403,0.0,176,0.1487262014205792,0.3
1404,0.0,155,0.14865183831986892,0.3
1405,2.0,224,0.148577512400709,0.3
1406,0.0,132,0.14850322364450863,0.3
1407,0.0,185,0.14842897203268637,0.3
1408,0.0,185,0.14835475754667005,0.3
1409,1.0,208,0.14828058016789672,0.3
1410,1.0,164,0.1482064398778128,0.3
1411,0.0,128,0.1481323366578739,0.3
1412,0.0,138,0.14805827048954498,0.3
1413,2.0,230,0.14798424135430022,0.3
1414,7.0,269,0.1479102492336231,0.3
1415,2.0,217,0.14783629410900628,0.3
1416,8.0,316,0.1477623759619518,0.3
1417,4.0,280,0.14768849477397084,0.3
1418,3.0,219,0.14761465052658385,0.3
1419,0.0,209,0.14754084320132055,0.3
1420,3.0,264,0.1474670727797199,0.3
1421,3.0,241,0.14739333924333006,0.3
1422,1.0,161,0.14731964257370841,0.3
1423,1.0,255,0.14724598275242157,0.3
1424,2.0,323,0.14717235976104537,0.3
1425,0.0,163,0.14709877358116485,0.3
1426,11.0,356,0.14702522419437428,0.3
1427,3.0,269,0.1469517115822771,0.3
1428,7.0,352,0.14687823572648598,0.3
1429,2.0,333,0.14680479660862275,0.3
1430,6.0,381,0.14673139421031844,0.3
1431,2.0,251,0.1466580285132133,0.3
1432,2.0,240,0.1465846994989567,0.3
1433,7.0,255,0.1465114071492072,0.3
1434,2.0,331,0.14643815144563263,0.3
1435,7.0,259,0.14636493236990983,0.3
1436,2.0,212,0.14629174990372487,0.3
1437,2.0,217,0.146218604028773,0.3
1438,3.0,233,0.14614549472675864,0.3
1439,8.0,447,0.14607242197939527,0.3
1440,2.0,230,0.14599938576840557,0.3
1441,0.0,172,0.14592638607552139,0.3
1442,2.0,317,0.14585342288248362,0.3
1443,2.0,214,0.14578049617104238,0.3
1444,0.0,266,0.14570760592295687,0.3
1445,4.0,297,0.1456347521199954,0.3
1446,2.0,265,0.14556193474393542,0.3
1447,1.0,170,0.14548915377656346,0.3
1448,2.0,203,0.1454164091996752,0.3
1449,0.0,184,0.14534370099507535,0.3
1450,0.0,127,0.14527102914457782,0.3
1451,3.0,238,0.14519839363000553,0.3
1452,0.0,141,0.14512579443319054,0.3
1453,1.0,174,0.14505323153597396,0.3
1454,1.0,242,0.14498070492020598,0.3
1455,0.0,169,0.14490821456774589,0.3
1456,0.0,166,0.144835760460462,0.3
1457,1.0,182,0.1447633425802318,0.3
1458,7.0,318,0.14469096090894168,0.3
1459,4.0,314,0.14461861542848722,0.3
1460,2.0,374,0.144546306120773,0.3
1461,4.0,376,0.1444740329677126,0.3
1462,2.0,191,0.14440179595122876,0.3
1463,2.0,225,0.14432959505325316,0.3
1464,2.0,217,0.14425743025572654,0.3
1465,0.0,147,0.1441853015405987,0.3
1466,0.0,195,0.1441132088898284,0.3
1467,1.0,204,0.1440411522853835,0.3
1468,7.0,347,0.1439691317092408,0.3
1469,4.0,341,0.1438971471433862,0.3
1470,3.0,237,0.14382519856981452,0.3
1471,1.0,228,0.1437532859705296,0.3
1472,7.0,287,0.14368140932754436,0.3
1473,5.0,329,0.1436095686228806,0.3
1474,3.0,222,0.14353776383856917,0.3
1475,7.0,252,0.14346599495664988,0.3
1476,1.0,184,0.14339426195917157,0.3
1477,1.0,183,0.143322564828192,0.3
1478,3.0,234,0.1432509035457779,0.3
1479,2.0,234,0.14317927809400502,0.3
1480,4.0,470,0.14310768845495803,0.3
1481,2.0,231,0.14303613461073056,0.3
1482,5.0,398,0.1429646165434252,0.3
1483,2.0,380,0.1428931342351535,0.3
1484,3.0,263,0.14282168766803593,0.3
1485,2.0,215,0.14275027682420194,0.3
1486,2.0,231,0.14267890168578984,0.3
1487,2.0,224,0.14260756223494694,0.3
1488,1.0,164,0.14253625845382947,0.3
1489,1.0,255,0.14246499032460255,0.3
1490,2.0,208,0.14239375782944025,0.3
1491,3.0,332,0.14232256095052553,0.3
1492,2.0,248,0.14225139967005027,0.3
1493,1.0,268,0.14218027397021524,0.3
1494,0.0,130,0.14210918383323012,0.3
1495,0.0,164,0.1420381292413135,0.3
1496,2.0,204,0.14196711017669286,0.3
1497,2.0,250,0.14189612662160453,0.3
1498,1.0,171,0.14182517855829374,0.3
1499,2.0,284,0.1417542659690146,0.3
1500,2.0,253,0.1416833888360301,0.3
1501,0.0,258,0.1416125471416121,0.3
1502,3.0,312,0.14154174086804128,0.3
1503,2.0,205,0.14147096999760728,0.3
1504,2.0,251,0.14140023451260847,0.3
1505,2.0,243,0.14132953439535217,0.3
1506,0.0,265,0.1412588696281545,0.3
1507,3.0,274,0.14118824019334045,0.3
1508,1.0,185,0.14111764607324379,0.3
1509,1.0,279,0.14104708725020718,0.3
1510,2.0,211,0.14097656370658207,0.3
1511,4.0,406,0.1409060754247288,0.3
1512,0.0,405,0.14083562238701644,0.3
1513,3.0,227,0.14076520457582295,0.3
1514,0.0,128,0.14069482197353506,0.3
1515,0.0,178,0.14062447456254829,0.3
1516,0.0,134,0.14055416232526702,0.3
1517,1.0,172,0.14048388524410438,0.3
1518,0.0,124,0.14041364330148234,0.3
1519,0.0,170,0.1403434364798316,0.3
1520,3.0,263,0.1402732647615917,0.3
1521,3.0,248,0.1402031281292109,0.3
1522,2.0,211,0.1401330265651463,0.3
1523,2.0,202,0.14006296005186375,0.3
1524,4.0,308,0.13999292857183782,0.3
1525,2.0,206,0.1399229321075519,0.3
1526,1.0,191,0.13985297064149815,0.3
1527,0.0,154,0.1397830441561774,0.3
1528,0.0,149,0.1397131526340993,0.3
1529,2.0,303,0.13964329605778228,0.3
1530,2.0,281,0.1395734744097534,0.3
1531,2.0,231,0.13950368767254853,0.3
1532,5.0,390,0.13943393582871227,0.3
1533,1.0,228,0.13936421886079792,0.3
1534,0.0,160,0.13929453675136752,0.3
1535,0.0,129,0.13922488948299183,0.3
1536,1.0,203,0.13915527703825034,0.3
1537,1.0,187,0.13908569939973123,0.3
1538,2.0,202,0.13901615655003136,0.3
1539,1.0,159,0.13894664847175633,0.3
1540,1.0,170,0.13887717514752046,0.3
1541,3.0,258,0.13880773655994672,0.3
1542,3.0,257,0.13873833269166674,0.3
1543,0.0,173,0.1386689635253209,0.3
1544,2.0,242,0.13859962904355824,0.3
1545,3.0,268,0.13853032922903646,0.3
1546,2.0,245,0.13846106406442196,0.3
1547,0.0,379,0.13839183353238976,0.3
1548,1.0,186,0.13832263761562358,0.3
1549,2.0,222,0.13825347629681578,0.3
1550,0.0,173,0.13818434955866737,0.3
1551,0.0,273,0.13811525738388805,0.3
1552,0.0,143,0.1380461997551961,0.3
1553,1.0,394,0.13797717665531853,0.3
1554,1.0,155,0.13790818806699087,0.3
1555,3.0,301,0.1378392339729574,0.3
1556,1.0,240,0.13777031435597092,0.3
1557,2.0,199,0.13770142919879294,0.3
1558,2.0,276,0.13763257848419355,0.3
1559,2.0,323,0.13756376219495145,0.3
1560,0.0,132,0.137494980313854,0.3
1561,0.0,181,0.13742623282369706,0.3
1562,0.0,129,0.1373575197072852,0.3
1563,0.0,163,0.13728884094743157,0.3
1564,0.0,182,0.13722019652695785,0.3
1565,0.0,207,0.13715158642869438,0.3
1566,0.0,131,0.13708301063548003,0.3
1567,0.0,132,0.1370144691301623,0.3
1568,0.0,144,0.1369459618955972,0.3
1569,2.0,299,0.13687748891464943,0.3
1570,2.0,257,0.13680905017019213,0.3
1571,0.0,214,0.13674064564510705,0.3
1572,0.0,206,0.1366722753222845,0.3
1573,3.0,312,0.13660393918462335,0.3
1574,0.0,290,0.13653563721503104,0.3
1575,0.0,147,0.13646736939642354,0.3
1576,1.0,206,0.13639913571172532,0.3
1577,1.0,288,0.13633093614386946,0.3
1578,0.0,137,0.13626277067579753,0.3
1579,2.0,242,0.13619463929045963,0.3
1580,3.0,339,0.13612654197081442,0.3
1581,7.0,351,0.136058478699829,0.3
1582,7.0,336,0.1359904494604791,0.3
1583,3.0,391,0.1359224542357489,0.3
1584,2.0,192,0.13585449300863103,0.3
1585,2.0,257,0.13578656576212672,0.3
1586,0.0,189,0.13571867247924566,0.3
1587,2.0,233,0.13565081314300603,0.3
1588,0.0,160,0.13558298773643454,0.3
1589,0.0,148,0.13551519624256633,0.3
1590,0.0,156,0.13544743864444506,0.3
1591,0.0,196,0.13537971492512285,0.3
1592,3.0,409,0.1353120250676603,0.3
1593,0.0,195,0.13524436905512646,0.3
1594,1.0,177,0.1351767468705989,0.3
1595,2.0,248,0.13510915849716362,0.3
1596,2.0,320,0.13504160391791506,0.3
1597,3.0,294,0.1349740831159561,0.3
1598,2.0,247,0.13490659607439812,0.3
1599,3.0,304,0.13483914277636092,0.3
1600,2.0,256,0.13477172320497274,0.3
1601,3.0,253,0.13470433734337026,0.3
1602,0.0,244,0.13463698517469858,0.3
1603,4.0,499,0.13456966668211123,0.3
1604,0.0,237,0.1345023818487702,0.3
1605,3.0,255,0.13443513065784582,0.3
1606,0.0,129,0.13436791309251692,0.3
1607,3.0,286,0.13430072913597066,0.3
1608,0.0,174,0.13423357877140268,0.3
1609,0.0,135,0.13416646198201698,0.3
1610,0.0,136,0.13409937875102598,0.3
1611,1.0,154,0.13403232906165047,0.3
1612,5.0,359,0.13396531289711966,0.3
1613,1.0,258,0.1338983302406711,0.3
1614,3.0,220,0.1338313810755508,0.3
1615,0.0,196,0.13376446538501302,0.3
1616,0.0,129,0.13369758315232053,0.3
1617,0.0,126,0.13363073436074438,0.3
1618,1.0,159,0.133563918993564,0.3
1619,0.0,136,0.13349713703406724,0.3
1620,1.0,157,0.13343038846555022,0.3
1621,3.0,263,0.13336367327131746,0.3
1622,2.0,241,0.1332969914346818,0.3
1623,2.0,184,0.13323034293896446,0.3
1624,7.0,253,0.133163727767495,0.3
1625,3.0,246,0.13309714590361124,0.3
1626,2.0,196,0.13303059733065944,0.3
1627,1.0,169,0.1329640820319941,0.3
1628,4.0,283,0.1328975999909781,0.3
1629,0.0,133,0.13283115119098263,0.3
1630,3.0,275,0.13276473561538715,0.3
1631,1.0,178,0.13269835324757948,0.3
1632,2.0,209,0.13263200407095568,0.3
1633,0.0,202,0.13256568806892022,0.3
1634,1.0,166,0.13249940522488576,0.3
1635,0.0,130,0.13243315552227333,0.3
1636,2.0,223,0.1323669389445122,0.3
1637,2.0,272,0.13230075547503997,0.3
1638,3.0,315,0.13223460509730245,0.3
1639,3.0,308,0.1321684877947538,0.3
1640,7.0,271,0.13210240355085642,0.3
1641,1.0,285,0.132036352349081,0.3
1642,2.0,194,0.1319703341729065,0.3
1643,7.0,302,0.13190434900582004,0.3
1644,2.0,270,0.13183839683131715,0.3
1645,3.0,286,0.1317724776329015,0.3
1646,3.0,309,0.13170659139408505,0.3
1647,3.0,224,0.13164073809838803,0.3
1648,2.0,262,0.13157491772933885,0.3
1649,0.0,156,0.1315091302704742,0.3
1650,1.0,204,0.13144337570533898,0.3
1651,0.0,169,0.13137765401748633,0.3
1652,0.0,193,0.13131196519047758,0.3
1653,1.0,186,0.13124630920788236,0.3
1654,1.0,169,0.13118068605327843,0.3
1655,1.0,179,0.1311150957102518,0.3
1656,8.0,345,0.13104953816239667,0.3
1657,4.0,349,0.13098401339331547,0.3
1658,5.0,364,0.13091852138661883,0.3
1659,11.0,409,0.13085306212592554,0.3
1660,0.0,126,0.1307876355948626,0.3
1661,5.0,486,0.13072224177706515,0.3
1662,7.0,340,0.13065688065617662,0.3
1663,1.0,230,0.13059155221584853,0.3
1664,3.0,261,0.1305262564397406,0.3
1665,3.0,276,0.13046099331152075,0.3
1666,1.0,218,0.130395762814865,0.3
1667,1.0,208,0.13033056493345757,0.3
1668,2.0,302,0.13026539965099085,0.3
1669,2.0,221,0.13020026695116535,0.3
1670,0.0,165,0.13013516681768977,0.3
1671,0.0,154,0.13007009923428092,0.3
1672,2.0,270,0.1300050641846638,0.3
1673,2.0,285,0.12994006165257146,0.3
1674,1.0,264,0.12987509162174518,0.3
1675,2.0,250,0.12981015407593433,0.3
1676,2.0,254,0.12974524899889636,0.3
1677,7.0,286,0.12968037637439692,0.3
1678,2.0,192,0.12961553618620972,0.3
1679,0.0,191,0.12955072841811663,0.3
1680,1.0,160,0.1294859530539076,0.3
1681,0.0,181,0.12942121007738064,0.3
1682,1.0,162,0.12935649947234196,0.3
1683,0.0,143,0.1292918212226058,0.3
1684,1.0,182,0.1292271753119945,0.3
1685,1.0,171,0.12916256172433851,0.3
1686,1.0,174,0.12909798044347634,0.3
1687,0.0,165,0.1290334314532546,0.3
1688,1.0,185,0.12896891473752797,0.3
1689,2.0,239,0.12890443028015922,0.3
1690,2.0,202,0.12883997806501915,0.3
1691,0.0,178,0.12877555807598665,0.3
1692,0.0,216,0.12871117029694865,0.3
1693,2.0,224,0.12864681471180017,0.3
1694,1.0,201,0.12858249130444427,0.3
1695,0.0,135,0.12851820005879205,0.3
1696,1.0,178,0.12845394095876267,0.3
1697,0.0,134,0.1283897139882833,0.3
1698,0.0,159,0.12832551913128917,0.3
1699,1.0,167,0.12826135637172353,0.3
1700,2.0,238,0.12819722569353767,0.3
1701,3.0,254,0.1281331270806909,0.3
1702,1.0,251,0.12806906051715058,0.3
1703,1.0,216,0.128005025986892,0.3
1704,4.0,292,0.12794102347389857,0.3
1705,0.0,170,0.12787705296216162,0.3
1706,0.0,205,0.12781311443568055,0.3
1707,0.0,156,0.12774920787846272,0.3
1708,0.0,284,0.1276853332745235,0.3
1709,0.0,199,0.12762149060788625,0.3
1710,1.0,177,0.12755767986258232,0.3
1711,0.0,152,0.12749390102265104,0.3
1712,0.0,173,0.12743015407213973,0.3
1713,1.0,213,0.12736643899510366,0.3
1714,0.0,164,0.12730275577560612,0.3
1715,0.0,232,0.12723910439771832,0.3
1716,0.0,129,0.12717548484551947,0.3
1717,2.0,289,0.1271118971030967,0.3
1718,0.0,194,0.12704834115454516,0.3
1719,0.0,150,0.1269848169839679,0.3
1720,3.0,289,0.12692132457547592,0.3
1721,0.0,159,0.12685786391318818,0.3
1722,0.0,243,0.12679443498123158,0.3
1723,0.0,171,0.12673103776374098,0.3
1724,0.0,152,0.12666767224485911,0.3
1725,0.0,135,0.1266043384087367,0.3
1726,0.0,144,0.12654103623953233,0.3
1727,1.0,171,0.1264777657214126,0.3
1728,2.0,251,0.1264145268385519,0.3
1729,2.0,199,0.12635131957513263,0.3
1730,1.0,154,0.12628814391534507,0.3
1731,4.0,280,0.1262249998433874,0.3
1732,0.0,126,0.1261618873434657,0.3
1733,5.0,388,0.12609880639979398,0.3
1734,0.0,140,0.12603575699659408,0.3
1735,4.0,422,0.12597273911809578,0.3
1736,1.0,232,0.12590975274853675,0.3
1737,1.0,207,0.1258467978721625,0.3
1738,1.0,258,0.12578387447322642,0.3
1739,5.0,329,0.12572098253598982,0.3
1740,1.0,296,0.12565812204472182,0.3
1741,0.0,162,0.12559529298369948,0.3
1742,1.0,436,0.12553249533720764,0.3
1743,2.0,227,0.12546972908953904,0.3
1744,3.0,216,0.1254069942249943,0.3
1745,3.0,243,0.1253442907278818,0.3
1746,1.0,241,0.12528161858251788,0.3
1747,1.0,234,0.12521897777322663,0.3
1748,3.0,265,0.12515636828434,0.3
1749,3.0,324,0.12509379010019786,0.3
1750,1.0,174,0.12503124320514777,0.3
1751,1.0,233,0.12496872758354521,0.3
1752,1.0,257,0.12490624321975345,0.3
1753,1.0,231,0.12484379009814359,0.3
1754,2.0,204,0.12478136820309452,0.3
1755,1.0,157,0.12471897751899298,0.3
1756,1.0,210,0.1246566180302335,0.3
1757,1.0,209,0.12459428972121839,0.3
1758,1.0,155,0.12453199257635779,0.3
1759,1.0,171,0.12446972658006962,0.3
1760,0.0,184,0.12440749171677959,0.3
1761,0.0,231,0.1243452879709212,0.3
1762,3.0,406,0.12428311532693576,0.3
1763,0.0,215,0.1242209737692723,0.3
1764,0.0,131,0.12415886328238766,0.3
1765,3.0,350,0.12409678385074648,0.3
1766,7.0,256,0.12403473545882111,0.3
1767,7.0,276,0.12397271809109171,0.3
1768,3.0,285,0.12391073173204617,0.3
1769,2.0,193,0.12384877636618015,0.3
1770,1.0,282,0.12378685197799706,0.3
1771,7.0,315,0.12372495855200807,0.3
1772,4.0,265,0.12366309607273207,0.3
1773,0.0,134,0.1236012645246957,0.3
1774,0.0,157,0.12353946389243337,0.3
1775,3.0,374,0.12347769416048715,0.3
1776,4.0,277,0.12341595531340692,0.3
1777,0.0,137,0.12335424733575022,0.3
1778,3.0,243,0.12329257021208236,0.3
1779,3.0,259,0.12323092392697632,0.3
1780,2.0,393,0.12316930846501284,0.3
1781,3.0,337,0.12310772381078033,0.3
1782,3.0,274,0.12304616994887495,0.3
1783,4.0,414,0.12298464686390052,0.3
1784,1.0,336,0.12292315454046858,0.3
1785,0.0,218,0.12286169296319835,0.3
1786,1.0,235,0.12280026211671675,0.3
1787,3.0,222,0.1227388619856584,0.3
1788,2.0,184,0.12267749255466559,0.3
1789,0.0,143,0.12261615380838826,0.3
1790,1.0,216,0.12255484573148408,0.3
1791,1.0,158,0.12249356830861834,0.3
1792,4.0,270,0.12243232152446404,0.3
1793,2.0,237,0.12237110536370181,0.3
1794,1.0,304,0.12230991981101996,0.3
1795,0.0,250,0.12224876485111445,0.3
1796,3.0,287,0.12218764046868891,0.3
1797,2.0,307,0.12212654664845457,0.3
1798,2.0,272,0.12206548337513035,0.3
1799,1.0,244,0.12200445063344278,0.3
1800,3.0,345,0.12194344840812607,0.3
1801,3.0,232,0.12188247668392202,0.3
1802,2.0,206,0.12182153544558007,0.3
1803,2.0,198,0.12176062467785728,0.3
1804,2.0,220,0.12169974436551836,0.3
1805,0.0,159,0.1216388944933356,0.3
1806,2.0,337,0.12157807504608895,0.3
1807,5.0,469,0.12151728600856591,0.3
1808,2.0,264,0.12145652736556163,0.3
1809,2.0,280,0.12139579910187885,0.3
1810,3.0,248,0.12133510120232792,0.3
1811,2.0,216,0.12127443365172676,0.3
1812,2.0,238,0.1212137964349009,0.3
1813,1.0,157,0.12115318953668346,0.3
1814,2.0,216,0.12109261294191512,0.3
1815,0.0,141,0.12103206663544416,0.3
1816,0.0,125,0.12097155060212644,0.3
1817,2.0,227,0.12091106482682538,0.3
1818,2.0,277,0.12085060929441198,0.3
1819,0.0,154,0.12079018398976478,0.3
1820,1.0,186,0.1207297888977699,0.3
1821,3.0,265,0.12066942400332102,0.3
1822,3.0,286,0.12060908929131937,0.3
1823,0.0,137,0.12054878474667372,0.3
1824,7.0,441,0.12048851035430039,0.3
1825,1.0,172,0.12042826609912324,0.3
1826,3.0,270,0.12036805196607368,0.3
1827,0.0,216,0.12030786794009066,0.3
1828,3.0,287,0.12024771400612062,0.3
1829,3.0,318,0.12018759014911758,0.3
1830,1.0,182,0.12012749635404302,0.3
1831,7.0,249,0.120067432605866,0.3
1832,2.0,205,0.12000739888956308,0.3
1833,2.0,246,0.11994739519011831,0.3
1834,2.0,223,0.11988742149252325,0.3
1835,11.0,309,0.11982747778177699,0.3
1836,3.0,259,0.1197675640428861,0.3
1837,3.0,264,0.11970768026086467,0.3
1838,2.0,284,0.11964782642073425,0.3
1839,2.0,215,0.1195880025075239,0.3
1840,2.0,235,0.11952820850627015,0.3
1841,1.0,175,0.11946844440201702,0.3
1842,3.0,307,0.11940871017981602,0.3
1843,2.0,205,0.11934900582472613,0.3
1844,1.0,254,0.11928933132181377,0.3
1845,0.0,124,0.11922968665615287,0.3
1846,0.0,145,0.1191700718128248,0.3
1847,1.0,252,0.11911048677691839,0.3
1848,2.0,351,0.11905093153352994,0.3
1849,0.0,136,0.11899140606776318,0.3
1850,0.0,138,0.1189319103647293,0.3
1851,0.0,193,0.11887244440954695,0.3
1852,0.0,139,0.11881300818734218,0.3
1853,1.0,202,0.11875360168324851,0.3
1854,2.0,217,0.1186942248824069,0.3
1855,3.0,246,0.1186348777699657,0.3
1856,2.0,301,0.11857556033108073,0.3
1857,3.0,334,0.1185162725509152,0.3
1858,3.0,264,0.11845701441463974,0.3
1859,0.0,264,0.11839778590743243,0.3
1860,3.0,357,0.11833858701447872,0.3
1861,3.0,272,0.11827941772097149,0.3
1862,0.0,147,0.118220278012111,0.3
1863,0.0,135,0.11816116787310496,0.3
1864,0.0,253,0.11810208728916842,0.3
1865,0.0,130,0.11804303624552384,0.3
1866,1.0,179,0.11798401472740108,0.3
1867,3.0,266,0.11792502272003738,0.3
1868,3.0,281,0.11786606020867738,0.3
1869,9.0,345,0.11780712717857304,0.3
1870,3.0,217,0.11774822361498376,0.3
1871,4.0,300,0.11768934950317628,0.3
1872,7.0,319,0.1176305048284247,0.3
1873,3.0,249,0.1175716895760105,0.3
1874,3.0,219,0.1175129037312225,0.3
1875,3.0,215,0.1174541472793569,0.3
1876,3.0,274,0.11739542020571722,0.3
1877,3.0,222,0.11733672249561437,0.3
1878,3.0,280,0.11727805413436657,0.3
1879,3.0,353,0.11721941510729939,0.3
1880,2.0,218,0.11716080539974574,0.3
1881,3.0,218,0.11710222499704588,0.3
1882,5.0,380,0.11704367388454737,0.3
1883,1.0,179,0.1169851520476051,0.3
1884,1.0,302,0.1169266594715813,0.3
1885,0.0,184,0.11686819614184552,0.3
1886,1.0,194,0.11680976204377459,0.3
1887,3.0,219,0.11675135716275271,0.3
1888,2.0,255,0.11669298148417134,0.3
1889,2.0,207,0.11663463499342927,0.3
1890,7.0,292,0.11657631767593256,0.3
1891,7.0,276,0.1165180295170946,0.3
1892,3.0,319,0.11645977050233605,0.3
1893,6.0,400,0.1164015406170849,0.3
1894,1.0,226,0.11634333984677636,0.3
1895,1.0,165,0.11628516817685298,0.3
1896,1.0,171,0.11622702559276457,0.3
1897,1.0,225,0.1161689120799682,0.3
1898,0.0,219,0.11611082762392821,0.3
1899,0.0,132,0.11605277221011626,0.3
1900,1.0,230,0.1159947458240112,0.3
1901,1.0,194,0.1159367484510992,0.3
1902,3.0,287,0.11587878007687366,0.3
1903,2.0,200,0.11582084068683524,0.3
1904,1.0,208,0.11576293026649183,0.3
1905,2.0,362,0.1157050488013586,0.3
1906,3.0,265,0.11564719627695792,0.3
1907,0.0,131,0.11558937267881945,0.3
1908,0.0,161,0.11553157799248005,0.3
1909,1.0,249,0.11547381220348382,0.3
1910,1.0,329,0.11541607529738208,0.3
1911,1.0,167,0.1153583672597334,0.3
1912,0.0,303,0.11530068807610354,0.3
1913,4.0,328,0.1152430377320655,0.3
1914,0.0,154,0.11518541621319947,0.3
1915,0.0,176,0.11512782350509287,0.3
1916,0.0,131,0.11507025959334033,0.3
1917,3.0,293,0.11501272446354367,0.3
1918,0.0,136,0.1149552181013119,0.3
1919,0.0,142,0.11489774049226126,0.3
1920,1.0,173,0.11484029162201513,0.3
1921,1.0,210,0.11478287147620413,0.3
1922,0.0,151,0.11472548004046602,0.3
1923,0.0,174,0.1146681173004458,0.3
1924,1.0,156,0.11461078324179558,0.3
1925,2.0,201,0.11455347785017468,0.3
1926,0.0,188,0.1144962011112496,0.3
1927,3.0,282,0.11443895301069398,0.3
1928,1.0,279,0.11438173353418864,0.3
1929,0.0,293,0.11432454266742155,0.3
1930,3.0,286,0.11426738039608784,0.3
1931,2.0,331,0.1142102467058898,0.3
1932,5.0,405,0.11415314158253687,0.3
1933,3.0,439,0.1140960650117456,0.3
1934,0.0,332,0.11403901697923974,0.3
1935,0.0,163,0.11398199747075012,0.3
1936,4.0,396,0.11392500647201476,0.3
1937,0.0,257,0.11386804396877875,0.3
1938,2.0,335,0.11381110994679437,0.3
1939,0.0,258,0.11375420439182098,0.3
1940,0.0,147,0.11369732728962507,0.3
1941,0.0,151,0.11364047862598027,0.3
1942,0.0,213,0.11358365838666729,0.3
1943,2.0,230,0.11352686655747396,0.3
1944,1.0,157,0.11347010312419523,0.3
1945,0.0,166,0.11341336807263314,0.3
1946,2.0,208,0.11335666138859683,0.3
1947,3.0,235,0.11329998305790254,0.3
1948,7.0,565,0.11324333306637359,0.3
1949,7.0,475,0.1131867113998404,0.3
1950,2.0,218,0.1131301180441405,0.3
1951,2.0,186,0.11307355298511844,0.3
1952,6.0,341,0.11301701620862589,0.3
1953,7.0,341,0.11296050770052159,0.3
1954,3.0,226,0.11290402744667133,0.3
1955,5.0,388,0.112847575432948,0.3
1956,2.0,250,0.11279115164523154,0.3
1957,1.0,178,0.11273475606940893,0.3
1958,1.0,153,0.11267838869137423,0.3
1959,3.0,269,0.11262204949702855,0.3
1960,4.0,336,0.11256573847228003,0.3
1961,1.0,249,0.1125094556030439,0.3
1962,4.0,332,0.11245320087524238,0.3
1963,2.0,251,0.11239697427480477,0.3
1964,2.0,206,0.11234077578766738,0.3
1965,1.0,241,0.11228460539977356,0.3
1966,2.0,225,0.11222846309707368,0.3
1967,1.0,220,0.11217234886552516,0.3
1968,3.0,287,0.1121162626910924,0.3
1969,0.0,137,0.11206020455974686,0.3
1970,2.0,318,0.11200417445746699,0.3
1971,3.0,235,0.11194817237023827,0.3
1972,2.0,299,0.11189219828405315,0.3
1973,8.0,324,0.11183625218491114,0.3
1974,0.0,124,0.1117803340588187,0.3
1975,2.0,201,0.11172444389178929,0.3
1976,3.0,224,0.1116685816698434,0.3
1977,2.0,188,0.11161274737900849,0.3
1978,2.0,186,0.11155694100531899,0.3
1979,3.0,245,0.11150116253481633,0.3
1980,1.0,210,0.11144541195354893,0.3
1981,11.0,404,0.11138968924757216,0.3
1982,1.0,184,0.11133399440294837,0.3
1983,4.0,269,0.1112783274057469,0.3
1984,1.0,210,0.11122268824204404,0.3
1985,2.0,232,0.11116707689792302,0.3
1986,1.0,183,0.11111149335947407,0.3
1987,1.0,249,0.11105593761279434,0.3
1988,3.0,685,0.11100040964398794,0.3
1989,0.0,154,0.11094490943916595,0.3
1990,1.0,264,0.11088943698444637,0.3
1991,0.0,132,0.11083399226595415,0.3
1992,0.0,190,0.11077857526982118,0.3
1993,2.0,308,0.11072318598218628,0.3
1994,2.0,264,0.11066782438919519,0.3
1995,1.0,248,0.1106124904770006,0.3
1996,1.0,153,0.1105571842317621,0.3
1997,1.0,243,0.11050190563964622,0.3
1998,3.0,258,0.1104466546868264,0.3
1999,0.0,166,0.110391431359483,0.3
2000,1.0,209,0.11033623564380327,0.3
2001,0.0,151,0.11028106752598137,0.3
2002,0.0,326,0.11022592699221838,0.3
2003,0.0,153,0.11017081402872228,0.3
2004,0.0,124,0.11011572862170793,0.3
2005,1.0,298,0.11006067075739709,0.3
2006,0.0,187,0.1100056404220184,0.3
2007,0.0,257,0.10995063760180739,0.3
2008,0.0,177,0.10989566228300648,0.3
2009,2.0,280,0.10984071445186498,0.3
2010,3.0,291,0.10978579409463905,0.3
2011,3.0,382,0.10973090119759174,0.3
2012,1.0,343,0.10967603574699294,0.3
2013,3.0,299,0.10962119772911945,0.3
2014,8.0,466,0.10956638713025489,0.3
2015,2.0,220,0.10951160393668977,0.3
2016,2.0,340,0.10945684813472142,0.3
2017,2.0,261,0.10940211971065407,0.3
2018,2.0,252,0.10934741865079875,0.3
2019,5.0,403,0.10929274494147335,0.3
2020,5.0,406,0.10923809856900263,0.3
2021,2.0,282,0.10918347951971813,0.3
2022,2.0,265,0.10912888777995827,0.3
2023,0.0,130,0.1090743233360683,0.3
2024,5.0,446,0.10901978617440027,0.3
2025,5.0,403,0.10896527628131307,0.3
2026,0.0,150,0.10891079364317242,0.3
2027,2.0,267,0.10885633824635084,0.3
2028,1.0,187,0.10880191007722767,0.3
2029,0.0,200,0.10874750912218906,0.3
2030,0.0,204,0.10869313536762797,0.3
2031,2.0,249,0.10863878879994415,0.3
2032,2.0,243,0.10858446940554418,0.3
2033,3.0,228,0.10853017717084142,0.3
2034,3.0,275,0.108475912082256,0.3
2035,2.0,218,0.10842167412621488,0.3
2036,4.0,390,0.10836746328915178,0.3
2037,1.0,304,0.10831327955750722,0.3
2038,0.0,200,0.10825912291772848,0.3
2039,0.0,144,0.10820499335626962,0.3
2040,2.0,372,0.1081508908595915,0.3
2041,2.0,296,0.1080968154141617,0.3
2042,0.0,156,0.10804276700645463,0.3
2043,0.0,135,0.10798874562295141,0.3
2044,0.0,157,0.10793475125013995,0.3
2045,1.0,164,0.10788078387451489,0.3
2046,2.0,200,0.10782684348257764,0.3
2047,0.0,230,0.10777293006083635,0.3
2048,0.0,165,0.10771904359580595,0.3
2049,1.0,224,0.10766518407400805,0.3
2050,2.0,283,0.10761135148197105,0.3
2051,0.0,300,0.10755754580623007,0.3
2052,2.0,203,0.10750376703332697,0.3
2053,2.0,205,0.10745001514981031,0.3
2054,1.0,192,0.10739629014223541,0.3
2055,2.0,246,0.1073425919971643,0.3
2056,2.0,204,0.10728892070116572,0.3
2057,0.0,138,0.10723527624081514,0.3
2058,0.0,144,0.10718165860269474,0.3
2059,0.0,157,0.1071280677733934,0.3
2060,2.0,300,0.10707450373950671,0.3
2061,3.0,344,0.10702096648763695,0.3
2062,0.0,311,0.10696745600439314,0.3
2063,2.0,213,0.10691397227639095,0.3
2064,0.0,292,0.10686051529025276,0.3
2065,0.0,185,0.10680708503260763,0.3
2066,1.0,158,0.10675368149009133,0.3
2067,0.0,280,0.1067003046493463,0.3
2068,3.0,394,0.10664695449702163,0.3
2069,2.0,249,0.10659363101977314,0.3
2070,1.0,195,0.10654033420426326,0.3
2071,0.0,202,0.10648706403716113,0.3
2072,1.0,253,0.10643382050514255,0.3
2073,0.0,264,0.10638060359488999,0.3
2074,0.0,182,0.10632741329309255,0.3
2075,2.0,209,0.106274249586446,0.3
2076,0.0,125,0.10622111246165279,0.3
2077,0.0,162,0.10616800190542197,0.3
2078,1.0,292,0.10611491790446927,0.3
2079,1.0,214,0.10606186044551703,0.3
2080,2.0,214,0.10600882951529428,0.3
2081,1.0,185,0.10595582510053664,0.3
2082,3.0,471,0.10590284718798637,0.3
2083,4.0,277,0.10584989576439238,0.3
2084,1.0,192,0.1057969708165102,0.3
2085,7.0,285,0.10574407233110195,0.3
2086,1.0,195,0.10569120029493641,0.3
2087,3.0,278,0.10563835469478894,0.3
2088,1.0,266,0.10558553551744156,0.3
2089,1.0,189,0.10553274274968284,0.3
2090,1.0,178,0.10547997637830801,0.3
2091,4.0,417,0.10542723639011886,0.3
2092,0.0,221,0.1053745227719238,0.3
2093,1.0,178,0.10532183551053785,0.3
2094,1.0,197,0.1052691745927826,0.3
2095,0.0,130,0.1052165400054862,0.3
2096,0.0,136,0.10516393173548347,0.3
2097,0.0,168,0.10511134976961574,0.3
2098,0.0,131,0.10505879409473094,0.3
2099,0.0,224,0.10500626469768358,0.3
2100,0.0,149,0.10495376156533474,0.3
2101,2.0,202,0.10490128468455208,0.3
2102,0.0,168,0.10484883404220981,0.3
2103,0.0,197,0.10479640962518871,0.3
2104,0.0,199,0.10474401142037612,0.3
2105,0.0,170,0.10469163941466594,0.3
2106,1.0,232,0.10463929359495862,0.3
2107,2.0,195,0.10458697394816115,0.3
2108,0.0,179,0.10453468046118707,0.3
2109,2.0,260,0.10448241312095648,0.3
2110,1.0,154,0.104430171914396,0.3
2111,1.0,187,0.10437795682843881,0.3
2112,2.0,260,0.10432576785002459,0.3
2113,0.0,187,0.10427360496609958,0.3
2114,0.0,150,0.10422146816361653,0.3
2115,1.0,177,0.10416935742953473,0.3
2116,0.0,142,0.10411727275081997,0.3
2117,0.0,202,0.10406521411444457,0.3
2118,1.0,244,0.10401318150738735,0.3
2119,2.0,279,0.10396117491663366,0.3
2120,1.0,174,0.10390919432917535,0.3
2121,3.0,255,0.10385723973201076,0.3
2122,0.0,145,0.10380531111214476,0.3
2123,0.0,130,0.1037534084565887,0.3
2124,5.0,328,0.10370153175236041,0.3
2125,1.0,157,0.10364968098648424,0.3
2126,1.0,201,0.103597856145991,0.3
2127,0.0,305,0.10354605721791801,0.3
2128,0.0,222,0.10349428418930906,0.3
2129,0.0,143,0.10344253704721441,0.3
2130,1.0,181,0.10339081577869082,0.3
2131,2.0,253,0.10333912037080148,0.3
2132,0.0,256,0.10328745081061609,0.3
2133,0.0,205,0.10323580708521078,0.3
2134,0.0,162,0.10318418918166818,0.3
2135,0.0,146,0.10313259708707735,0.3
2136,0.0,200,0.10308103078853383,0.3
2137,0.0,245,0.10302949027313957,0.3
2138,0.0,127,0.102977975528003,0.3
2139,0.0,208,0.102926486540239,0.3
2140,0.0,162,0.10287502329696889,0.3
2141,1.0,187,0.10282358578532041,0.3
2142,0.0,127,0.10277217399242776,0.3
2143,1.0,263,0.10272078790543156,0.3
2144,1.0,293,0.10266942751147885,0.3
2145,0.0,134,0.10261809279772312,0.3
2146,0.0,140,0.10256678375132426,0.3
2147,7.0,395,0.1025155003594486,0.3
2148,3.0,286,0.10246424260926888,0.3
2149,3.0,319,0.10241301048796425,0.3
2150,3.0,267,0.10236180398272028,0.3
2151,7.0,296,0.10231062308072893,0.3
2152,1.0,180,0.10225946776918857,0.3
2153,4.0,506,0.10220833803530398,0.3
2154,1.0,186,0.10215723386628633,0.3
2155,3.0,331,0.1021061552493532,0.3
2156,2.0,213,0.10205510217172853,0.3
2157,4.0,378,0.10200407462064268,0.3
2158,3.0,229,0.10195307258333236,0.3
2159,7.0,317,0.1019020960470407,0.3
2160,3.0,357,0.10185114499901719,0.3
2161,1.0,382,0.1018002194265177,0.3
2162,2.0,217,0.10174931931680443,0.3
2163,2.0,209,0.10169844465714604,0.3
2164,5.0,307,0.10164759543481748,0.3
2165,1.0,245,0.10159677163710008,0.3
2166,3.0,315,0.10154597325128153,0.3
2167,2.0,269,0.1014952002646559,0.3
2168,0.0,145,0.10144445266452358,0.3
2169,0.0,140,0.10139373043819132,0.3
2170,3.0,373,0.10134303357297222,0.3
2171,0.0,150,0.10129236205618575,0.3
2172,1.0,259,0.10124171587515766,0.3
2173,7.0,430,0.1011910950172201,0.3
2174,2.0,196,0.10114049946971149,0.3
2175,2.0,357,0.10108992921997664,0.3
2176,2.0,414,0.10103938425536665,0.3
2177,1.0,293,0.10098886456323898,0.3
2178,0.0,206,0.10093837013095737,0.3
2179,0.0,172,0.1008879009458919,0.3
2180,0.0,128,0.10083745699541896,0.3
2181,2.0,185,0.10078703826692126,0.3
2182,3.0,238,0.1007366447477878,0.3
2183,3.0,217,0.10068627642541392,0.3
2184,3.0,246,0.10063593328720122,0.3
2185,1.0,162,0.10058561532055763,0.3
2186,1.0,177,0.10053532251289735,0.3
2187,0.0,140,0.1004850548516409,0.3
2188,1.0,187,0.10043481232421508,0.3
2189,2.0,245,0.10038459491805299,0.3
2190,7.0,468,0.10033440262059397,0.3
2191,7.0,453,0.10028423541928368,0.3
2192,2.0,288,0.10023409330157404,0.3
2193,1.0,162,0.10018397625492326,0.3
2194,1.0,190,0.1001338842667958,0.3
2195,3.0,265,0.10008381732466241,0.3
2196,2.0,208,0.10003377541600009,0.3
2197,0.0,160,0.0999837585282921,0.3
2198,4.0,322,0.09993376664902795,0.3
2199,4.0,287,0.09988379976570344,0.3
2200,2.0,204,0.0998338578658206,0.3
2201,0.0,254,0.0997839409368877,0.3
2202,3.0,217,0.09973404896641926,0.3
2203,0.0,130,0.09968418194193605,0.3
2204,1.0,194,0.09963433985096509,0.3
2205,0.0,315,0.09958452268103962,0.3
2206,0.0,225,0.09953473041969911,0.3
2207,0.0,314,0.09948496305448927,0.3
2208,0.0,275,0.09943522057296203,0.3
2209,1.0,347,0.09938550296267555,0.3
2210,0.0,157,0.09933581021119423,0.3
2211,0.0,342,0.09928614230608863,0.3
2212,2.0,206,0.09923649923493559,0.3
2213,1.0,180,0.09918688098531812,0.3
2214,2.0,238,0.09913728754482547,0.3
2215,0.0,158,0.09908771890105306,0.3
2216,0.0,224,0.09903817504160253,0.3
2217,0.0,342,0.09898865595408174,0.3
2218,0.0,141,0.09893916162610471,0.3
2219,0.0,227,0.09888969204529166,0.3
2220,0.0,181,0.09884024719926902,0.3
2221,0.0,217,0.0987908270756694,0.3
2222,2.0,191,0.09874143166213158,0.3
2223,3.0,229,0.09869206094630052,0.3
2224,2.0,302,0.09864271491582738,0.3
2225,7.0,414,0.09859339355836948,0.3
2226,3.0,251,0.0985440968615903,0.3
2227,2.0,328,0.0984948248131595,0.3
2228,7.0,253,0.09844557740075294,0.3
2229,0.0,184,0.09839635461205257,0.3
2230,0.0,148,0.09834715643474655,0.3
2231,2.0,208,0.09829798285652919,0.3
2232,2.0,184,0.09824883386510093,0.3
2233,1.0,331,0.09819970944816839,0.3
2234,1.0,296,0.09815060959344431,0.3
2235,0.0,230,0.0981015342886476,0.3
2236,0.0,153,0.09805248352150328,0.3
2237,0.0,123,0.09800345727974254,0.3
2238,0.0,243,0.09795445555110267,0.3
2239,0.0,134,0.09790547832332713,0.3
2240,0.0,140,0.09785652558416548,0.3
2241,1.0,261,0.0978075973213734,0.3
2242,1.0,175,0.09775869352271271,0.3
2243,0.0,127,0.09770981417595136,0.3
2244,1.0,168,0.09766095926886338,0.3
2245,0.0,236,0.09761212878922895,0.3
2246,2.0,232,0.09756332272483434,0.3
2247,0.0,138,0.09751454106347193,0.3
2248,0.0,134,0.0974657837929402,0.3
2249,0.0,249,0.09741705090104373,0.3
2250,0.0,269,0.09736834237559322,0.3
2251,0.0,143,0.09731965820440543,0.3
2252,1.0,171,0.09727099837530323,0.3
2253,0.0,194,0.09722236287611559,0.3
2254,1.0,175,0.09717375169467754,0.3
2255,1.0,195,0.09712516481883021,0.3
2256,0.0,143,0.0970766022364208,0.3
2257,3.0,271,0.0970280639353026,0.3
2258,0.0,211,0.09697954990333495,0.3
2259,2.0,303,0.09693106012838329,0.3
2260,0.0,155,0.0968825945983191,0.3
2261,4.0,396,0.09683415330101995,0.3
2262,2.0,266,0.09678573622436945,0.3
2263,2.0,210,0.09673734335625728,0.3
2264,0.0,295,0.09668897468457915,0.3
2265,2.0,230,0.09664063019723687,0.3
2266,1.0,192,0.09659230988213825,0.3
2267,1.0,164,0.09654401372719719,0.3
2268,0.0,188,0.0964957417203336,0.3
2269,2.0,208,0.09644749384947343,0.3
2270,2.0,259,0.0963992701025487,0.3
2271,5.0,440,0.09635107046749743,0.3
2272,2.0,276,0.09630289493226368,0.3
2273,1.0,155,0.09625474348479755,0.3
2274,2.0,209,0.09620661611305516,0.3
2275,0.0,270,0.09615851280499864,0.3
2276,0.0,163,0.09611043354859615,0.3
2277,1.0,211,0.09606237833182185,0.3
2278,0.0,153,0.09601434714265594,0.3
2279,0.0,367,0.09596633996908462,0.3
2280,2.0,341,0.09591835679910007,0.3
2281,3.0,257,0.09587039762070053,0.3
2282,1.0,317,0.09582246242189019,0.3
2283,0.0,165,0.09577455119067925,0.3
2284,0.0,141,0.09572666391508391,0.3
2285,3.0,269,0.09567880058312637,0.3
2286,2.0,238,0.09563096118283482,0.3
2287,3.0,276,0.09558314570224341,0.3
2288,2.0,237,0.09553535412939229,0.3
2289,0.0,134,0.0954875864523276,0.3
2290,0.0,320,0.09543984265910145,0.3
2291,0.0,152,0.09539212273777191,0.3
2292,0.0,125,0.09534442667640303,0.3
2293,0.0,124,0.09529675446306483,0.3
2294,2.0,421,0.09524910608583331,0.3
2295,2.0,573,0.0952014815327904,0.3
2296,3.0,291,0.09515388079202401,0.3
2297,2.0,468,0.09510630385162801,0.3
2298,3.0,284,0.0950587506997022,0.3
2299,0.0,280,0.09501122132435236,0.3
2300,2.0,209,0.09496371571369018,0.3
2301,0.0,134,0.09491623385583334,0.3
2302,0.0,412,0.09486877573890543,0.3
2303,0.0,181,0.09482134135103598,0.3
2304,0.0,193,0.09477393068036047,0.3
2305,0.0,148,0.09472654371502029,0.3
2306,0.0,344,0.09467918044316279,0.3
2307,2.0,304,0.09463184085294121,0.3
2308,1.0,204,0.09458452493251475,0.3
2309,2.0,297,0.0945372326700485,0.3
2310,3.0,307,0.09448996405371349,0.3
2311,0.0,188,0.09444271907168664,0.3
2312,2.0,307,0.0943954977121508,0.3
2313,0.0,139,0.09434829996329473,0.3
2314,3.0,320,0.0943011258133131,0.3
2315,0.0,132,0.09425397525040645,0.3
2316,0.0,137,0.09420684826278125,0.3
2317,0.0,132,0.09415974483864986,0.3
2318,1.0,270,0.09411266496623054,0.3
2319,0.0,235,0.09406560863374742,0.3
2320,0.0,131,0.09401857582943056,0.3
2321,0.0,192,0.09397156654151585,0.3
2322,2.0,186,0.0939245807582451,0.3
2323,0.0,250,0.09387761846786598,0.3
2324,1.0,156,0.09383067965863205,0.3
2325,1.0,172,0.09378376431880274,0.3
2326,2.0,279,0.09373687243664335,0.3
2327,0.0,196,0.09369000400042503,0.3
2328,2.0,244,0.09364315899842482,0.3
2329,3.0,391,0.09359633741892562,0.3
2330,3.0,392,0.09354953925021615,0.3
2331,3.0,275,0.09350276448059106,0.3
2332,7.0,400,0.09345601309835076,0.3
2333,7.0,308,0.09340928509180159,0.3
2334,2.0,200,0.09336258044925569,0.3
2335,2.0,225,0.09331589915903106,0.3
2336,1.0,153,0.09326924120945156,0.3
2337,1.0,157,0.09322260658884683,0.3
2338,1.0,319,0.09317599528555241,0.3
2339,2.0,235,0.09312940728790964,0.3
2340,3.0,310,0.09308284258426569,0.3
2341,2.0,404,0.09303630116297357,0.3
2342,2.0,321,0.09298978301239208,0.3
2343,1.0,486,0.09294328812088588,0.3
2344,5.0,326,0.09289681647682545,0.3
2345,1.0,184,0.09285036806858704,0.3
2346,2.0,237,0.09280394288455275,0.3
2347,2.0,209,0.09275754091311048,0.3
2348,2.0,215,0.09271116214265393,0.3
2349,3.0,217,0.0926648065615826,0.3
2350,1.0,186,0.09261847415830182,0.3
2351,1.0,167,0.09257216492122268,0.3
2352,5.0,367,0.09252587883876208,0.3
2353,0.0,134,0.0924796158993427,0.3
2354,0.0,136,0.09243337609139303,0.3
2355,2.0,214,0.09238715940334734,0.3
2356,3.0,341,0.09234096582364566,0.3
2357,1.0,165,0.09229479534073384,0.3
2358,2.0,222,0.09224864794306348,0.3
2359,3.0,404,0.09220252361909195,0.3
2360,7.0,434,0.09215642235728241,0.3
2361,7.0,261,0.09211034414610378,0.3
2362,3.0,216,0.09206428897403073,0.3
2363,3.0,348,0.09201825682954372,0.3
2364,2.0,335,0.09197224770112895,0.3
2365,2.0,257,0.0919262615772784,0.3
2366,1.0,167,0.09188029844648976,0.3
2367,0.0,132,0.09183435829726652,0.3
2368,0.0,270,0.09178844111811789,0.3
2369,1.0,196,0.09174254689755884,0.3
2370,0.0,133,0.09169667562411006,0.3
2371,0.0,153,0.09165082728629802,0.3
2372,2.0,235,0.09160500187265487,0.3
2373,2.0,197,0.09155919937171855,0.3
2374,3.0,256,0.0915134197720327,0.3
2375,3.0,331,0.0914676630621467,0.3
2376,3.0,254,0.09142192923061562,0.3
2377,3.0,366,0.09137621826600031,0.3
2378,3.0,306,0.09133053015686732,0.3
2379,0.0,172,0.09128486489178889,0.3
2380,1.0,243,0.091239222459343,0.3
2381,6.0,415,0.09119360284811334,0.3
2382,2.0,277,0.0911480060466893,0.3
2383,3.0,213,0.09110243204366596,0.3
2384,2.0,320,0.09105688082764413,0.3
2385,7.0,298,0.09101135238723031,0.3
2386,3.0,322,0.09096584671103669,0.3
2387,1.0,416,0.09092036378768117,0.3
2388,3.0,404,0.09087490360578734,0.3
2389,7.0,528,0.09082946615398446,0.3
2390,1.0,196,0.09078405142090748,0.3
2391,6.0,472,0.09073865939519703,0.3
2392,7.0,323,0.09069329006549944,0.3
2393,3.0,253,0.09064794342046668,0.3
2394,6.0,462,0.09060261944875646,0.3
2395,0.0,140,0.09055731813903209,0.3
2396,1.0,192,0.09051203947996257,0.3
2397,0.0,135,0.09046678346022259,0.3
2398,1.0,156,0.09042155006849248,0.3
2399,0.0,144,0.09037633929345824,0.3
2400,2.0,251,0.09033115112381152,0.3
2401,2.0,221,0.09028598554824961,0.3
2402,3.0,424,0.09024084255547549,0.3
2403,1.0,184,0.09019572213419776,0.3
2404,3.0,264,0.09015062427313066,0.3
2405,0.0,160,0.0901055489609941,0.3
2406,0.0,132,0.0900604961865136,0.3
2407,0.0,133,0.09001546593842034,0.3
2408,3.0,275,0.08997045820545115,0.3
2409,2.0,260,0.08992547297634843,0.3
2410,0.0,439,0.08988051023986025,0.3
2411,0.0,269,0.08983556998474033,0.3
2412,0.0,178,0.08979065219974797,0.3
2413,0.0,129,0.0897457568736481,0.3
2414,0.0,136,0.08970088399521127,0.3
2415,1.0,154,0.08965603355321367,0.3
2416,1.0,212,0.08961120553643706,0.3
2417,0.0,156,0.08956639993366884,0.3
2418,2.0,207,0.08952161673370201,0.3
2419,2.0,197,0.08947685592533516,0.3
2420,0.0,134,0.0894321174973725,0.3
2421,1.0,302,0.08938740143862381,0.3
2422,5.0,359,0.08934270773790451,0.3
2423,7.0,290,0.08929803638403556,0.3
2424,2.0,184,0.08925338736584355,0.3
2425,2.0,269,0.08920876067216063,0.3
2426,3.0,238,0.08916415629182456,0.3
2427,3.0,334,0.08911957421367865,0.3
2428,1.0,167,0.08907501442657181,0.3
2429,6.0,343,0.08903047691935853,0.3
2430,2.0,216,0.08898596168089885,0.3
2431,2.0,276,0.08894146870005841,0.3
2432,1.0,350,0.08889699796570838,0.3
2433,2.0,368,0.08885254946672554,0.3
2434,1.0,309,0.08880812319199217,0.3
2435,2.0,306,0.08876371913039618,0.3
2436,0.0,176,0.08871933727083099,0.3
2437,0.0,201,0.08867497760219559,0.3
2438,1.0,186,0.0886306401133945,0.3
2439,7.0,352,0.0885863247933378,0.3
2440,3.0,330,0.08854203163094114,0.3
2441,1.0,153,0.08849776061512567,0.3
2442,0.0,141,0.08845351173481811,0.3
2443,2.0,313,0.0884092849789507,0.3
2444,2.0,231,0.08836508033646123,0.3
2445,4.0,523,0.08832089779629301,0.3
2446,0.0,160,0.08827673734739487,0.3
2447,1.0,357,0.08823259897872118,0.3
2448,2.0,264,0.08818848267923182,0.3
2449,0.0,156,0.08814438843789221,0.3
2450,2.0,401,0.08810031624367327,0.3
2451,1.0,178,0.08805626608555145,0.3
2452,1.0,221,0.08801223795250868,0.3
2453,11.0,453,0.08796823183353243,0.3
2454,1.0,342,0.08792424771761567,0.3
2455,7.0,446,0.08788028559375687,0.3
2456,2.0,194,0.08783634545095999,0.3
2457,8.0,332,0.08779242727823451,0.3
2458,4.0,292,0.0877485310645954,0.3
2459,3.0,215,0.08770465679906311,0.3
2460,1.0,226,0.08766080447066359,0.3
2461,0.0,261,0.08761697406842826,0.3
2462,2.0,210,0.08757316558139405,0.3
2463,3.0,328,0.08752937899860336,0.3
2464,1.0,403,0.08748561430910407,0.3
2465,2.0,204,0.08744187150194951,0.3
2466,0.0,153,0.08739815056619854,0.3
2467,2.0,263,0.08735445149091545,0.3
2468,2.0,270,0.08731077426516999,0.3
2469,1.0,197,0.08726711887803741,0.3
2470,0.0,165,0.0872234853185984,0.3
2471,0.0,272,0.0871798735759391,0.3
2472,0.0,193,0.08713628363915114,0.3
2473,0.0,136,0.08709271549733157,0.3
2474,0.0,124,0.08704916913958291,0.3
2475,0.0,283,0.08700564455501313,0.3
2476,2.0,309,0.08696214173273563,0.3
2477,4.0,419,0.08691866066186926,0.3
2478,2.0,288,0.08687520133153834,0.3
2479,4.0,305,0.08683176373087258,0.3
2480,3.0,296,0.08678834784900714,0.3
2481,1.0,166,0.08674495367508264,0.3
2482,2.0,247,0.0867015811982451,0.3
2483,3.0,253,0.08665823040764599,0.3
2484,0.0,239,0.08661490129244218,0.3
2485,0.0,169,0.08657159384179595,0.3
2486,0.0,354,0.08652830804487506,0.3
2487,0.0,181,0.08648504389085263,0.3
2488,1.0,352,0.08644180136890721,0.3
2489,3.0,225,0.08639858046822275,0.3
2490,3.0,283,0.08635538117798865,0.3
2491,1.0,321,0.08631220348739965,0.3
2492,3.0,284,0.08626904738565595,0.3
2493,2.0,309,0.08622591286196313,0.3
2494,1.0,240,0.08618279990553215,0.3
2495,1.0,339,0.0861397085055794,0.3
2496,0.0,331,0.0860966386513266,0.3
2497,0.0,238,0.08605359033200095,0.3
2498,2.0,313,0.08601056353683496,0.3
2499,2.0,300,0.08596755825506655,0.3
2500,2.0,251,0.08592457447593903,0.3
2501,6.0,452,0.08588161218870106,0.3
2502,0.0,144,0.08583867138260672,0.3
2503,3.0,303,0.08579575204691542,0.3
2504,0.0,247,0.08575285417089197,0.3
2505,1.0,158,0.08570997774380652,0.3
2506,3.0,280,0.08566712275493463,0.3
2507,2.0,204,0.08562428919355716,0.3
2508,3.0,474,0.0855814770489604,0.3
2509,2.0,379,0.08553868631043592,0.3
2510,7.0,378,0.0854959169672807,0.3
2511,5.0,399,0.08545316900879707,0.3
2512,3.0,313,0.08541044242429267,0.3
2513,0.0,154,0.08536773720308054,0.3
2514,3.0,278,0.085325053334479,0.3
2515,3.0,311,0.08528239080781176,0.3
2516,2.0,221,0.08523974961240786,0.3
2517,1.0,159,0.08519712973760167,0.3
2518,1.0,152,0.08515453117273288,0.3
2519,1.0,156,0.08511195390714651,0.3
2520,1.0,323,0.08506939793019294,0.3
2521,2.0,267,0.08502686323122785,0.3
2522,0.0,130,0.08498434979961224,0.3
2523,0.0,130,0.08494185762471243,0.3
2524,0.0,189,0.08489938669590008,0.3
2525,1.0,160,0.08485693700255213,0.3
2526,3.0,239,0.08481450853405086,0.3
2527,0.0,140,0.08477210127978384,0.3
2528,0.0,163,0.08472971522914395,0.3
2529,1.0,196,0.08468735037152939,0.3
2530,0.0,145,0.08464500669634363,0.3
2531,0.0,259,0.08460268419299546,0.3
2532,0.0,154,0.08456038285089897,0.3
2533,1.0,163,0.08451810265947352,0.3
2534,1.0,167,0.08447584360814378,0.3
2535,0.0,130,0.08443360568633972,0.3
2536,0.0,124,0.08439138888349655,0.3
2537,3.0,262,0.0843491931890548,0.3
2538,2.0,251,0.08430701859246029,0.3
2539,2.0,289,0.08426486508316407,0.3
2540,3.0,428,0.0842227326506225,0.3
2541,0.0,442,0.0841806212842972,0.3
2542,4.0,316,0.08413853097365505,0.3
2543,0.0,133,0.08409646170816823,0.3
2544,2.0,203,0.08405441347731415,0.3
2545,3.0,315,0.0840123862705755,0.3
2546,2.0,252,0.08397038007744022,0.3
2547,1.0,219,0.0839283948874015,0.3
2548,1.0,306,0.08388643068995781,0.3
2549,0.0,436,0.08384448747461283,0.3
2550,0.0,391,0.08380256523087552,0.3
2551,0.0,259,0.0837606639482601,0.3
2552,2.0,348,0.08371878361628597,0.3
2553,2.0,239,0.08367692422447784,0.3
2554,0.0,441,0.0836350857623656,0.3
2555,1.0,166,0.08359326821948442,0.3
2556,0.0,267,0.08355147158537468,0.3
2557,2.0,427,0.083509695849582,0.3
2558,2.0,257,0.0834679410016572,0.3
2559,3.0,267,0.08342620703115639,0.3
2560,2.0,267,0.08338449392764082,0.3
2561,0.0,311,0.083342801680677,0.3
2562,3.0,237,0.08330113027983665,0.3
2563,2.0,259,0.08325947971469674,0.3
2564,0.0,219,0.0832178499748394,0.3
2565,0.0,150,0.08317624104985198,0.3
2566,0.0,327,0.08313465292932706,0.3
2567,0.0,139,0.08309308560286241,0.3
2568,1.0,245,0.08305153906006098,0.3
2569,0.0,133,0.08301001329053095,0.3
2570,0.0,202,0.08296850828388569,0.3
2571,2.0,216,0.08292702402974375,0.3
2572,2.0,326,0.08288556051772888,0.3
2573,0.0,283,0.08284411773747002,0.3
2574,2.0,233,0.0828026956786013,0.3
2575,0.0,135,0.082761294330762,0.3
2576,0.0,155,0.08271991368359663,0.3
2577,0.0,248,0.08267855372675484,0.3
2578,0.0,247,0.08263721444989147,0.3
2579,2.0,250,0.08259589584266654,0.3
2580,0.0,142,0.0825545978947452,0.3
2581,0.0,138,0.08251332059579783,0.3
2582,0.0,191,0.08247206393549994,0.3
2583,0.0,153,0.08243082790353219,0.3
2584,0.0,145,0.08238961248958043,0.3
2585,2.0,263,0.08234841768333565,0.3
2586,0.0,167,0.08230724347449399,0.3
2587,2.0,263,0.08226608985275674,0.3
2588,1.0,363,0.08222495680783037,0.3
2589,2.0,241,0.08218384432942646,0.3
2590,1.0,261,0.08214275240726175,0.3
2591,3.0,302,0.08210168103105812,0.3
2592,0.0,133,0.0820606301905426,0.3
2593,1.0,213,0.08201959987544734,0.3
2594,4.0,305,0.08197859007550962,0.3
2595,0.0,232,0.08193760078047187,0.3
2596,1.0,422,0.08189663198008164,0.3
2597,0.0,256,0.0818556836640916,0.3
2598,3.0,522,0.08181475582225956,0.3
2599,0.0,254,0.08177384844434843,0.3
2600,1.0,205,0.08173296152012625,0.3
2601,7.0,279,0.0816920950393662,0.3
2602,0.0,316,0.08165124899184652,0.3
2603,1.0,178,0.0816104233673506,0.3
2604,1.0,378,0.08156961815566692,0.3
2605,7.0,283,0.08152883334658909,0.3
2606,3.0,269,0.0814880689299158,0.3
2607,3.0,243,0.08144732489545084,0.3
2608,0.0,207,0.08140660123300313,0.3
2609,3.0,327,0.08136589793238663,0.3
2610,3.0,267,0.08132521498342045,0.3
2611,1.0,244,0.08128455237592874,0.3
2612,0.0,293,0.08124391009974079,0.3
2613,0.0,254,0.08120328814469092,0.3
2614,1.0,194,0.08116268650061859,0.3
2615,0.0,156,0.08112210515736828,0.3
2616,2.0,228,0.0810815441047896,0.3
2617,3.0,244,0.08104100333273721,0.3
2618,0.0,122,0.08100048283107085,0.3
2619,2.0,187,0.08095998258965532,0.3
2620,0.0,212,0.0809195025983605,0.3
2621,0.0,158,0.08087904284706132,0.3
2622,3.0,364,0.08083860332563779,0.3
2623,2.0,245,0.08079818402397497,0.3
2624,4.0,411,0.08075778493196299,0.3
2625,0.0,338,0.08071740603949701,0.3
2626,1.0,202,0.08067704733647726,0.3
2627,7.0,295,0.08063670881280903,0.3
2628,2.0,297,0.08059639045840263,0.3
2629,2.0,198,0.08055609226317342,0.3
2630,2.0,186,0.08051581421704185,0.3
2631,1.0,176,0.08047555630993333,0.3
2632,0.0,127,0.08043531853177838,0.3
2633,0.0,222,0.08039510087251249,0.3
2634,2.0,340,0.08035490332207623,0.3
2635,0.0,482,0.0803147258704152,0.3
2636,1.0,199,0.08027456850748,0.3
2637,1.0,377,0.08023443122322625,0.3
2638,1.0,290,0.08019431400761465,0.3
2639,0.0,299,0.08015421685061085,0.3
2640,2.0,384,0.08011413974218555,0.3
2641,1.0,239,0.08007408267231446,0.3
2642,2.0,300,0.08003404563097831,0.3
2643,1.0,281,0.07999402860816282,0.3
2644,4.0,352,0.07995403159385875,0.3
2645,1.0,185,0.07991405457806182,0.3
2646,7.0,287,0.0798740975507728,0.3
2647,7.0,284,0.07983416050199742,0.3
2648,2.0,238,0.07979424342174642,0.3
2649,4.0,473,0.07975434630003554,0.3
2650,1.0,173,0.07971446912688553,0.3
2651,3.0,271,0.07967461189232208,0.3
2652,0.0,209,0.07963477458637593,0.3
2653,1.0,174,0.07959495719908274,0.3
2654,1.0,174,0.0795551597204832,0.3
2655,1.0,183,0.07951538214062297,0.3
2656,2.0,210,0.07947562444955265,0.3
2657,0.0,124,0.07943588663732788,0.3
2658,2.0,296,0.07939616869400923,0.3
2659,0.0,402,0.07935647060966222,0.3
2660,2.0,253,0.07931679237435739,0.3
2661,2.0,276,0.07927713397817021,0.3
2662,3.0,336,0.07923749541118114,0.3
2663,3.0,561,0.07919787666347555,0.3
2664,4.0,286,0.07915827772514382,0.3
2665,6.0,503,0.07911869858628125,0.3
2666,3.0,407,0.07907913923698812,0.3
2667,3.0,231,0.07903959966736962,0.3
2668,0.0,144,0.07900007986753593,0.3
2669,2.0,362,0.07896057982760217,0.3
2670,1.0,153,0.07892109953768837,0.3
2671,0.0,132,0.07888163898791953,0.3
2672,0.0,177,0.07884219816842557,0.3
2673,0.0,170,0.07880277706934136,0.3
2674,0.0,280,0.07876337568080669,0.3
2675,0.0,252,0.07872399399296628,0.3
2676,0.0,193,0.07868463199596981,0.3
2677,1.0,156,0.07864528967997184,0.3
2678,2.0,203,0.07860596703513185,0.3
2679,0.0,148,0.07856666405161429,0.3
2680,0.0,128,0.0785273807195885,0.3
2681,1.0,165,0.0784881170292287,0.3
2682,0.0,236,0.0784488729707141,0.3
2683,0.0,132,0.07840964853422874,0.3
2684,2.0,248,0.07837044370996163,0.3
2685,0.0,296,0.07833125848810665,0.3
2686,0.0,206,0.0782920928588626,0.3
2687,0.0,140,0.07825294681243317,0.3
2688,3.0,388,0.07821382033902695,0.3
2689,0.0,147,0.07817471342885744,0.3
2690,0.0,144,0.07813562607214301,0.3
2691,0.0,250,0.07809655825910694,0.3
2692,0.0,141,0.07805750997997739,0.3
2693,1.0,262,0.0780184812249874,0.3
2694,0.0,199,0.07797947198437491,0.3
2695,1.0,231,0.07794048224838272,0.3
2696,2.0,366,0.07790151200725853,0.3
2697,0.0,191,0.0778625612512549,0.3
2698,1.0,458,0.07782362997062928,0.3
2699,3.0,427,0.07778471815564397,0.3
2700,3.0,230,0.07774582579656615,0.3
2701,0.0,154,0.07770695288366787,0.3
2702,1.0,170,0.07766809940722604,0.3
2703,0.0,124,0.07762926535752243,0.3
2704,2.0,289,0.07759045072484368,0.3
2705,3.0,453,0.07755165549948126,0.3
2706,1.0,183,0.07751287967173152,0.3
2707,3.0,218,0.07747412323189566,0.3
2708,1.0,185,0.07743538617027972,0.3
2709,1.0,228,0.07739666847719458,0.3
2710,0.0,146,0.07735797014295598,0.3
2711,0.0,182,0.07731929115788451,0.3
2712,0.0,200,0.07728063151230558,0.3
2713,0.0,150,0.07724199119654943,0.3
2714,2.0,338,0.07720337020095115,0.3
2715,0.0,133,0.07716476851585068,0.3
2716,0.0,188,0.07712618613159275,0.3
2717,3.0,344,0.07708762303852695,0.3
2718,1.0,222,0.0770490792270077,0.3
2719,3.0,357,0.07701055468739419,0.3
2720,0.0,243,0.0769720494100505,0.3
2721,4.0,313,0.07693356338534547,0.3
2722,1.0,202,0.0768950966036528,0.3
2723,1.0,197,0.07685664905535099,0.3
2724,2.0,222,0.07681822073082331,0.3
2725,11.0,532,0.07677981162045791,0.3
2726,7.0,262,0.07674142171464769,0.3
2727,3.0,265,0.07670305100379038,0.3
2728,1.0,294,0.0766646994782885,0.3
2729,1.0,285,0.07662636712854935,0.3
2730,3.0,596,0.07658805394498508,0.3
2731,11.0,381,0.07654975991801259,0.3
2732,3.0,324,0.07651148503805359,0.3
2733,1.0,277,0.07647322929553457,0.3
2734,7.0,532,0.07643499268088681,0.3
2735,7.0,271,0.07639677518454638,0.3
2736,7.0,294,0.07635857679695411,0.3
2737,2.0,309,0.07632039750855564,0.3
2738,2.0,259,0.07628223730980137,0.3
2739,4.0,309,0.07624409619114647,0.3
2740,2.0,182,0.0762059741430509,0.3
2741,2.0,373,0.07616787115597938,0.3
2742,2.0,216,0.0761297872204014,0.3
2743,1.0,164,0.0760917223267912,0.3
2744,0.0,177,0.07605367646562781,0.3
2745,0.0,138,0.076015649627395,0.3
2746,2.0,288,0.0759776418025813,0.3
2747,0.0,244,0.07593965298168003,0.3
2748,2.0,279,0.07590168315518919,0.3
2749,1.0,184,0.0758637323136116,0.3
2750,1.0,249,0.0758258004474548,0.3
2751,0.0,169,0.07578788754723106,0.3
2752,2.0,192,0.07574999360345745,0.3
2753,2.0,390,0.07571211860665573,0.3
2754,2.0,209,0.0756742625473524,0.3
2755,1.0,212,0.07563642541607873,0.3
2756,4.0,280,0.0755986072033707,0.3
2757,3.0,308,0.07556080789976902,0.3
2758,2.0,374,0.07552302749581914,0.3
2759,2.0,260,0.07548526598207124,0.3
2760,8.0,341,0.07544752334908021,0.3
2761,2.0,315,0.07540979958740568,0.3
2762,3.0,295,0.07537209468761198,0.3
2763,1.0,179,0.07533440864026818,0.3
2764,1.0,257,0.07529674143594804,0.3
2765,2.0,217,0.07525909306523007,0.3
2766,7.0,358,0.07522146351869746,0.3
2767,7.0,403,0.07518385278693812,0.3
2768,2.0,232,0.07514626086054466,0.3
2769,1.0,194,0.07510868773011439,0.3
2770,2.0,244,0.07507113338624934,0.3
2771,2.0,280,0.07503359781955622,0.3
2772,3.0,376,0.07499608102064645,0.3
2773,2.0,313,0.07495858298013613,0.3
2774,1.0,179,0.07492110368864607,0.3
2775,1.0,229,0.07488364313680175,0.3
2776,2.0,241,0.07484620131523335,0.3
2777,7.0,338,0.07480877821457574,0.3
2778,7.0,440,0.07477137382546846,0.3
2779,1.0,253,0.07473398813855572,0.3
2780,3.0,256,0.07469662114448646,0.3
2781,7.0,424,0.07465927283391421,0.3
2782,3.0,312,0.07462194319749726,0.3
2783,7.0,268,0.07458463222589852,0.3
2784,3.0,295,0.07454733990978557,0.3
2785,2.0,209,0.07451006623983068,0.3
2786,3.0,785,0.07447281120671077,0.3
2787,1.0,265,0.07443557480110742,0.3
2788,0.0,290,0.07439835701370687,0.3
2789,0.0,158,0.07436115783520002,0.3
2790,1.0,170,0.07432397725628243,0.3
2791,1.0,202,0.0742868152676543,0.3
2792,1.0,159,0.07424967186002047,0.3
2793,1.0,193,0.07421254702409047,0.3
2794,1.0,341,0.07417544075057843,0.3
2795,0.0,162,0.07413835303020315,0.3
2796,7.0,425,0.07410128385368805,0.3
2797,2.0,227,0.07406423321176121,0.3
2798,0.0,236,0.07402720109515534,0.3
2799,0.0,126,0.07399018749460777,0.3
2800,0.0,138,0.07395319240086047,0.3
2801,2.0,379,0.07391621580466004,0.3
2802,0.0,206,0.07387925769675771,0.3
2803,3.0,340,0.07384231806790933,0.3
2804,0.0,159,0.07380539690887539,0.3
2805,2.0,285,0.07376849421042095,0.3
2806,0.0,195,0.07373160996331574,0.3
2807,1.0,357,0.07369474415833409,0.3
2808,0.0,128,0.07365789678625492,0.3
2809,3.0,430,0.0736210678378618,0.3
2810,0.0,132,0.07358425730394288,0.3
2811,1.0,185,0.07354746517529091,0.3
2812,4.0,399,0.07351069144270327,0.3
2813,2.0,406,0.07347393609698191,0.3
2814,1.0,410,0.07343719912893343,0.3
2815,4.0,356,0.07340048052936897,0.3
2816,4.0,352,0.07336378028910429,0.3
2817,2.0,237,0.07332709839895973,0.3
2818,0.0,131,0.07329043484976026,0.3
2819,0.0,152,0.07325378963233539,0.3
2820,2.0,201,0.07321716273751923,0.3
2821,2.0,248,0.07318055415615048,0.3
2822,0.0,285,0.0731439638790724,0.3
2823,0.0,512,0.07310739189713288,0.3
2824,2.0,314,0.07307083820118432,0.3
2825,2.0,457,0.07303430278208373,0.3
2826,2.0,232,0.07299778563069269,0.3
2827,0.0,222,0.07296128673787734,0.3
2828,0.0,126,0.07292480609450841,0.3
2829,0.0,122,0.07288834369146116,0.3
2830,0.0,169,0.07285189951961543,0.3
2831,0.0,182,0.07281547356985563,0.3
2832,0.0,151,0.0727790658330707,0.3
2833,1.0,321,0.07274267630015417,0.3
2834,2.0,360,0.0727063049620041,0.3
2835,3.0,380,0.0726699518095231,0.3
2836,2.0,358,0.07263361683361834,0.3
2837,2.0,398,0.07259730002520154,0.3
2838,3.0,269,0.07256100137518894,0.3
2839,3.0,370,0.07252472087450135,0.3
2840,4.0,384,0.0724884585140641,0.3
2841,2.0,206,0.07245221428480707,0.3
2842,4.0,354,0.07241598817766466,0.3
2843,2.0,237,0.07237978018357584,0.3
2844,2.0,230,0.07234359029348406,0.3
2845,3.0,344,0.07230741849833731,0.3
2846,2.0,314,0.07227126478908814,0.3
2847,4.0,310,0.0722351291566936,0.3
2848,2.0,459,0.07219901159211525,0.3
2849,1.0,356,0.0721629120863192,0.3
2850,0.0,432,0.07212683063027604,0.3
2851,3.0,300,0.07209076721496091,0.3
2852,0.0,174,0.07205472183135343,0.3
2853,0.0,223,0.07201869447043777,0.3
2854,2.0,235,0.07198268512320255,0.3
2855,2.0,401,0.07194669378064095,0.3
2856,2.0,224,0.07191072043375063,0.3
2857,1.0,271,0.07187476507353376,0.3
2858,5.0,361,0.07183882769099699,0.3
2859,3.0,321,0.0718029082771515,0.3
2860,2.0,390,0.07176700682301293,0.3
2861,4.0,365,0.07173112331960142,0.3
2862,2.0,249,0.07169525775794162,0.3
2863,2.0,467,0.07165941012906266,0.3
2864,3.0,270,0.07162358042399813,0.3
2865,2.0,305,0.07158776863378614,0.3
2866,0.0,126,0.07155197474946925,0.3
2867,0.0,309,0.07151619876209453,0.3
2868,3.0,263,0.07148044066271349,0.3
2869,2.0,207,0.07144470044238213,0.3
2870,0.0,228,0.07140897809216094,0.3
2871,2.0,227,0.07137327360311486,0.3
2872,2.0,355,0.07133758696631332,0.3
2873,0.0,258,0.07130191817283016,0.3
2874,0.0,358,0.07126626721374375,0.3
2875,0.0,354,0.07123063408013688,0.3
2876,3.0,347,0.07119501876309682,0.3
2877,0.0,325,0.07115942125371527,0.3
2878,2.0,241,0.07112384154308841,0.3
2879,2.0,207,0.07108827962231687,0.3
2880,0.0,193,0.07105273548250571,0.3
2881,2.0,203,0.07101720911476446,0.3
2882,0.0,195,0.07098170051020708,0.3
2883,3.0,333,0.07094620965995198,0.3
2884,2.0,330,0.070910736555122,0.3
2885,2.0,222,0.07087528118684445,0.3
2886,2.0,220,0.07083984354625103,0.3
2887,2.0,234,0.0708044236244779,0.3
2888,2.0,364,0.07076902141266567,0.3
2889,2.0,458,0.07073363690195934,0.3
2890,2.0,250,0.07069827008350836,0.3
2891,0.0,179,0.07066292094846661,0.3
2892,3.0,389,0.07062758948799239,0.3
2893,0.0,240,0.0705922756932484,0.3
2894,2.0,338,0.07055697955540177,0.3
2895,0.0,131,0.07052170106562408,0.3
2896,2.0,215,0.07048644021509128,0.3
2897,7.0,403,0.07045119699498373,0.3
2898,0.0,176,0.07041597139648624,0.3
2899,0.0,155,0.070380763410788,0.3
2900,0.0,126,0.0703455730290826,0.3
2901,0.0,245,0.07031040024256807,0.3
2902,0.0,178,0.0702752450424468,0.3
2903,2.0,220,0.07024010741992558,0.3
2904,2.0,318,0.07020498736621562,0.3
2905,2.0,251,0.07016988487253252,0.3
2906,3.0,437,0.07013479993009626,0.3
2907,0.0,371,0.07009973253013121,0.3
2908,2.0,224,0.07006468266386616,0.3
2909,3.0,340,0.07002965032253423,0.3
2910,2.0,329,0.06999463549737298,0.3
2911,2.0,312,0.06995963817962429,0.3
2912,2.0,351,0.06992465836053448,0.3
2913,2.0,325,0.06988969603135421,0.3
2914,3.0,250,0.06985475118333855,0.3
2915,0.0,309,0.06981982380774689,0.3
2916,3.0,271,0.06978491389584301,0.3
2917,0.0,140,0.0697500214388951,0.3
2918,0.0,128,0.06971514642817565,0.3
2919,2.0,232,0.06968028885496157,0.3
2920,3.0,372,0.06964544871053409,0.3
2921,2.0,228,0.06961062598617883,0.3
2922,2.0,237,0.06957582067318574,0.3
2923,0.0,293,0.06954103276284915,0.3
2924,0.0,125,0.06950626224646772,0.3
2925,1.0,157,0.06947150911534448,0.3
2926,2.0,204,0.06943677336078681,0.3
2927,1.0,484,0.06940205497410643,0.3
2928,0.0,145,0.06936735394661937,0.3
2929,0.0,145,0.06933267026964607,0.3
2930,1.0,162,0.06929800393451124,0.3
2931,0.0,458,0.06926335493254399,0.3
2932,2.0,248,0.06922872325507771,0.3
2933,1.0,336,0.06919410889345018,0.3
2934,0.0,266,0.06915951183900346,0.3
2935,0.0,129,0.06912493208308396,0.3
2936,2.0,765,0.06909036961704242,0.3
2937,0.0,133,0.0690558244322339,0.3
2938,3.0,251,0.06902129652001779,0.3
2939,0.0,329,0.06898678587175779,0.3
2940,2.0,341,0.06895229247882191,0.3
2941,0.0,144,0.06891781633258251,0.3
2942,1.0,222,0.06888335742441622,0.3
2943,2.0,348,0.06884891574570401,0.3
2944,2.0,268,0.06881449128783117,0.3
2945,2.0,373,0.06878008404218726,0.3
2946,2.0,217,0.06874569400016617,0.3
2947,0.0,299,0.06871132115316608,0.3
2948,2.0,348,0.0686769654925895,0.3
2949,1.0,259,0.06864262700984321,0.3
2950,0.0,347,0.06860830569633829,0.3
2951,3.0,289,0.06857400154349012,0.3
2952,0.0,127,0.06853971454271839,0.3
2953,3.0,233,0.06850544468544703,0.3
2954,3.0,231,0.0684711919631043,0.3
2955,1.0,211,0.06843695636712276,0.3
2956,1.0,278,0.0684027378889392,0.3
2957,7.0,272,0.06836853651999474,0.3
2958,1.0,238,0.06833435225173475,0.3
2959,3.0,291,0.06830018507560888,0.3
2960,0.0,127,0.06826603498307107,0.3
2961,2.0,338,0.06823190196557954,0.3
2962,1.0,405,0.06819778601459676,0.3
2963,2.0,243,0.06816368712158948,0.3
2964,0.0,370,0.06812960527802868,0.3
2965,0.0,178,0.06809554047538967,0.3
2966,0.0,152,0.06806149270515198,0.3
2967,0.0,128,0.06802746195879941,0.3
2968,1.0,228,0.06799344822782001,0.3
2969,1.0,157,0.06795945150370611,0.3
2970,4.0,422,0.06792547177795426,0.3
2971,2.0,327,0.06789150904206528,0.3
2972,7.0,374,0.06785756328754426,0.3
2973,0.0,521,0.0678236345059005,0.3
2974,0.0,277,0.06778972268864755,0.3
2975,0.0,137,0.06775582782730323,0.3
2976,0.0,171,0.06772194991338958,0.3
2977,3.0,282,0.06768808893843288,0.3
2978,2.0,321,0.06765424489396367,0.3
2979,0.0,143,0.06762041777151669,0.3
2980,1.0,203,0.06758660756263093,0.3
2981,1.0,301,0.06755281425884962,0.3
2982,3.0,217,0.0675190378517202,0.3
2983,2.0,191,0.06748527833279434,0.3
2984,3.0,271,0.06745153569362795,0.3
2985,2.0,201,0.06741780992578114,0.3
2986,0.0,190,0.06738410102081825,0.3
2987,0.0,130,0.06735040897030785,0.3
2988,0.0,131,0.0673167337658227,0.3
2989,0.0,188,0.0672830753989398,0.3
2990,1.0,314,0.06724943386124033,0.3
2991,4.0,359,0.0672158091443097,0.3
2992,0.0,193,0.06718220123973756,0.3
2993,2.0,437,0.0671486101391177,0.3
2994,0.0,480,0.06711503583404814,0.3
2995,0.0,155,0.06708147831613112,0.3
2996,1.0,316,0.06704793757697305,0.3
2997,0.0,262,0.06701441360818457,0.3
2998,0.0,302,0.06698090640138048,0.3
2999,2.0,227,0.0669474159481798,0.3
3000,1.0,216,0.0669139422402057,0.3
3001,0.0,146,0.0668804852690856,0.3
3002,1.0,204,0.06684704502645107,0.3
3003,0.0,234,0.06681362150393785,0.3
3004,0.0,168,0.06678021469318589,0.3
3005,0.0,131,0.0667468245858393,0.3
3006,7.0,306,0.06671345117354639,0.3
3007,2.0,312,0.06668009444795962,0.3
3008,5.0,343,0.06664675440073564,0.3
3009,1.0,309,0.06661343102353527,0.3
3010,2.0,486,0.06658012430802351,0.3
3011,0.0,153,0.0665468342458695,0.3
3012,3.0,282,0.06651356082874657,0.3
3013,3.0,226,0.0664803040483322,0.3
3014,4.0,262,0.06644706389630804,0.3
3015,7.0,372,0.06641384036435989,0.3
3016,7.0,317,0.06638063344417772,0.3
3017,4.0,640,0.06634744312745564,0.3
3018,3.0,434,0.06631426940589191,0.3
3019,2.0,239,0.06628111227118896,0.3
3020,1.0,704,0.06624797171505337,0.3
3021,3.0,288,0.06621484772919585,0.3
3022,3.0,237,0.06618174030533125,0.3
3023,0.0,260,0.06614864943517859,0.3
3024,0.0,336,0.06611557511046101,0.3
3025,0.0,138,0.06608251732290578,0.3
3026,2.0,269,0.06604947606424433,0.3
3027,1.0,187,0.06601645132621221,0.3
3028,0.0,537,0.06598344310054911,0.3
3029,1.0,159,0.06595045137899884,0.3
3030,0.0,185,0.06591747615330934,0.3
3031,8.0,453,0.06588451741523269,0.3
3032,3.0,314,0.06585157515652507,0.3
3033,1.0,186,0.06581864936894681,0.3
3034,2.0,183,0.06578574004426234,0.3
3035,7.0,311,0.06575284717424021,0.3
3036,7.0,578,0.0657199707506531,0.3
3037,2.0,188,0.06568711076527778,0.3
3038,2.0,216,0.06565426720989515,0.3
3039,2.0,239,0.0656214400762902,0.3
3040,0.0,302,0.06558862935625205,0.3
3041,2.0,442,0.06555583504157393,0.3
3042,11.0,378,0.06552305712405315,0.3
3043,1.0,201,0.06549029559549113,0.3
3044,5.0,345,0.06545755044769339,0.3
3045,2.0,196,0.06542482167246955,0.3
3046,3.0,231,0.06539210926163332,0.3
3047,0.0,156,0.0653594132070025,0.3
3048,0.0,284,0.06532673350039901,0.3
3049,1.0,254,0.06529407013364881,0.3
3050,0.0,162,0.06526142309858199,0.3
3051,2.0,208,0.0652287923870327,0.3
3052,2.0,388,0.0651961779908392,0.3
3053,2.0,269,0.06516357990184378,0.3
3054,0.0,161,0.06513099811189287,0.3
3055,2.0,230,0.06509843261283692,0.3
3056,0.0,131,0.06506588339653051,0.3
3057,2.0,235,0.06503335045483224,0.3
3058,2.0,296,0.06500083377960483,0.3
3059,1.0,159,0.06496833336271503,0.3
3060,2.0,279,0.06493584919603368,0.3
3061,0.0,156,0.06490338127143566,0.3
3062,0.0,219,0.06487092958079994,0.3
3063,0.0,189,0.06483849411600955,0.3
3064,2.0,267,0.06480607486895154,0.3
3065,3.0,275,0.06477367183151707,0.3
3066,7.0,288,0.06474128499560132,0.3
3067,0.0,163,0.06470891435310352,0.3
3068,3.0,298,0.06467655989592698,0.3
3069,1.0,322,0.06464422161597902,0.3
3070,3.0,390,0.06461189950517103,0.3
3071,0.0,155,0.06457959355541845,0.3
3072,3.0,256,0.06454730375864075,0.3
3073,1.0,156,0.06451503010676143,0.3
3074,3.0,212,0.06448277259170805,0.3
3075,0.0,133,0.0644505312054122,0.3
3076,3.0,357,0.0644183059398095,0.3
3077,3.0,570,0.0643860967868396,0.3
3078,2.0,304,0.06435390373844618,0.3
3079,4.0,424,0.06432172678657697,0.3
3080,2.0,200,0.06428956592318368,0.3
3081,2.0,400,0.06425742114022209,0.3
3082,3.0,400,0.06422529242965198,0.3
3083,7.0,386,0.06419317978343717,0.3
3084,7.0,300,0.06416108319354545,0.3
3085,3.0,243,0.06412900265194868,0.3
3086,7.0,463,0.06409693815062271,0.3
3087,3.0,322,0.0640648896815474,0.3
3088,2.0,224,0.06403285723670663,0.3
3089,1.0,168,0.06400084080808828,0.3
3090,0.0,228,0.06396884038768424,0.3
3091,0.0,132,0.06393685596749041,0.3
3092,0.0,141,0.06390488753950667,0.3
3093,0.0,171,0.06387293509573692,0.3
3094,0.0,572,0.06384099862818905,0.3
3095,0.0,145,0.06380907812887496,0.3
3096,0.0,303,0.06377717358981053,0.3
3097,0.0,146,0.06374528500301563,0.3
3098,1.0,180,0.06371341236051413,0.3
3099,1.0,184,0.06368155565433388,0.3
3100,1.0,173,0.06364971487650671,0.3
3101,0.0,226,0.06361789001906847,0.3
3102,0.0,147,0.06358608107405893,0.3
3103,0.0,172,0.06355428803352191,0.3
3104,2.0,212,0.06352251088950515,0.3
3105,2.0,217,0.0634907496340604,0.3
3106,2.0,432,0.06345900425924338,0.3
3107,0.0,293,0.06342727475711375,0.3
3108,0.0,195,0.0633955611197352,0.3
3109,0.0,359,0.06336386333917533,0.3
3110,0.0,216,0.06333218140750575,0.3
3111,3.0,280,0.063300515316802,0.3
3112,0.0,170,0.0632688650591436,0.3
3113,0.0,265,0.06323723062661403,0.3
3114,5.0,358,0.06320561201130073,0.3
3115,0.0,321,0.06317400920529509,0.3
3116,1.0,304,0.06314242220069245,0.3
3117,2.0,228,0.06311085098959211,0.3
3118,3.0,421,0.06307929556409732,0.3
3119,0.0,237,0.06304775591631527,0.3
3120,2.0,297,0.06301623203835711,0.3
3121,5.0,417,0.06298472392233793,0.3
3122,3.0,301,0.06295323156037677,0.3
3123,3.0,266,0.06292175494459659,0.3
3124,11.0,467,0.06289029406712429,0.3
3125,2.0,328,0.06285884892009073,0.3
3126,0.0,192,0.0628274194956307,0.3
3127,1.0,214,0.06279600578588289,0.3
3128,8.0,455,0.06276460778298995,0.3
3129,2.0,218,0.06273322547909846,0.3
3130,2.0,236,0.06270185886635891,0.3
3131,5.0,586,0.06267050793692573,0.3
3132,7.0,460,0.06263917268295727,0.3
3133,3.0,384,0.06260785309661579,0.3
3134,0.0,340,0.06257654917006748,0.3
3135,0.0,127,0.06254526089548246,0.3
3136,0.0,226,0.06251398826503472,0.3
3137,2.0,925,0.06248273127090221,0.3
3138,2.0,194,0.06245148990526676,0.3
3139,2.0,262,0.06242026416031413,0.3
3140,2.0,444,0.06238905402823398,0.3
3141,0.0,158,0.062357859501219866,0.3
3142,0.0,136,0.062326680571469256,0.3
3143,0.0,139,0.062295517231183525,0.3
3144,0.0,349,0.062264369472567936,0.3
3145,0.0,150,0.06223323728783166,0.3
3146,0.0,202,0.062202120669187747,0.3
3147,3.0,343,0.062171019608853156,0.3
3148,7.0,462,0.062139934099048735,0.3
3149,3.0,276,0.06210886413199922,0.3
3150,3.0,570,0.06207780969993322,0.3
3151,1.0,378,0.06204677079508326,0.3
3152,3.0,503,0.06201574740968572,0.3
3153,0.0,156,0.06198473953598088,0.3
3154,4.0,716,0.061953747166212894,0.3
3155,0.0,134,0.06192277029262979,0.3
3156,2.0,234,0.06189180890748348,0.3
3157,5.0,421,0.06186086300302974,0.3
3158,2.0,190,0.061829932571528225,0.3
3159,2.0,263,0.061799017605242465,0.3
3160,7.0,483,0.061768118096439846,0.3
3161,7.0,339,0.061737234037391626,0.3
3162,3.0,254,0.06170636542037294,0.3
3163,2.0,316,0.06167551223766275,0.3
3164,3.0,344,0.061644674481543926,0.3
3165,1.0,161,0.061613852144303156,0.3
3166,3.0,268,0.061583045218231006,0.3
3167,2.0,492,0.061552253695621895,0.3
3168,0.0,233,0.06152147756877409,0.3
3169,3.0,254,0.0614907168299897,0.3
3170,4.0,453,0.06145997147157471,0.3
3171,2.0,226,0.06142924148583893,0.3
3172,1.0,243,0.06139852686509601,0.3
3173,0.0,232,0.06136782760166347,0.3
3174,0.0,381,0.06133714368786264,0.3
3175,0.0,127,0.06130647511601871,0.3
3176,0.0,169,0.0612758218784607,0.3
3177,1.0,258,0.061245183967521474,0.3
3178,7.0,547,0.06121456137553772,0.3
3179,3.0,355,0.06118395409484995,0.3
3180,7.0,487,0.061153362117802534,0.3
3181,8.0,677,0.06112278543674363,0.3
3182,2.0,212,0.06109222404402526,0.3
3183,0.0,270,0.061061677932003254,0.3
3184,3.0,227,0.06103114709303725,0.3
3185,4.0,303,0.061000631519490735,0.3
3186,2.0,212,0.060970131203730994,0.3
3187,2.0,234,0.06093964613812913,0.3
3188,1.0,502,0.06090917631506007,0.3
3189,2.0,273,0.06087872172690254,0.3
3190,0.0,203,0.06084828236603909,0.3
3191,1.0,165,0.060817858224856074,0.3
3192,1.0,225,0.06078744929574365,0.3
3193,2.0,268,0.060757055571095786,0.3
3194,0.0,153,0.060726677043310244,0.3
3195,2.0,342,0.06069631370478859,0.3
3196,0.0,165,0.0606659655479362,0.3
3197,0.0,190,0.06063563256516223,0.3
3198,2.0,215,0.06060531474887965,0.3
3199,1.0,208,0.06057501209150522,0.3
3200,3.0,462,0.06054472458545947,0.3
3201,3.0,325,0.06051445222316674,0.3
3202,0.0,195,0.06048419499705516,0.3
3203,1.0,278,0.060453952899556636,0.3
3204,0.0,347,0.06042372592310686,0.3
3205,2.0,198,0.06039351406014531,0.3
3206,2.0,202,0.06036331730311524,0.3
3207,7.0,461,0.06033313564446369,0.3
3208,3.0,310,0.060302969076641455,0.3
3209,0.0,316,0.06027281759210314,0.3
3210,3.0,302,0.06024268118330709,0.3
3211,0.0,177,0.06021255984271544,0.3
3212,0.0,408,0.060182453562794086,0.3
3213,2.0,344,0.06015236233601269,0.3
3214,0.0,171,0.06012228615484469,0.3
3215,0.0,168,0.060092225011767274,0.3
3216,1.0,254,0.060062178899261395,0.3
3217,0.0,209,0.06003214780981177,0.3
3218,0.0,425,0.06000213173590686,0.3
3219,0.0,173,0.05997213067003891,0.3
3220,0.0,279,0.059942144604703894,0.3
3221,0.0,204,0.059912173532401546,0.3
3222,0.0,172,0.05988221744563535,0.3
3223,1.0,594,0.059852276336912535,0.3
3224,2.0,203,0.05982235019874408,0.3
3225,0.0,135,0.059792439023644714,0.3
3226,0.0,178,0.059762542804132894,0.3
3227,7.0,376,0.05973266153273083,0.3
3228,7.0,297,0.05970279520196447,0.3
3229,0.0,137,0.05967294380436349,0.3
3230,1.0,256,0.059643107332461316,0.3
3231,3.0,226,0.059613285778795086,0.3
3232,7.0,613,0.05958347913590569,0.3
3233,1.0,216,0.05955368739633774,0.3
3234,2.0,575,0.05952391055263958,0.3
3235,2.0,409,0.05949414859736326,0.3
3236,0.0,208,0.059464401523064585,0.3
3237,1.0,168,0.059434669322303055,0.3
3238,0.0,145,0.0594049519876419,0.3
3239,1.0,157,0.05937524951164808,0.3
3240,2.0,217,0.05934556188689226,0.3
3241,11.0,347,0.059315889105948816,0.3
3242,11.0,481,0.05928623116139584,0.3
3243,7.0,266,0.05925658804581515,0.3
3244,1.0,155,0.05922695975179224,0.3
3245,3.0,251,0.05919734627191635,0.3
3246,1.0,193,0.05916774759878039,0.3
3247,1.0,184,0.059138163724981006,0.3
3248,2.0,282,0.05910859464311852,0.3
3249,2.0,220,0.05907904034579696,0.3
3250,3.0,215,0.05904950082562407,0.3
3251,3.0,263,0.059019976075211256,0.3
3252,0.0,160,0.058990466087173656,0.3
3253,3.0,279,0.058960970854130074,0.3
3254,1.0,219,0.05893149036870301,0.3
3255,0.0,409,0.05890202462351866,0.3
3256,2.0,230,0.0588725736112069,0.3
3257,0.0,576,0.0588431373244013,0.3
3258,0.0,129,0.058813715755739106,0.3
3259,0.0,168,0.05878430889786124,0.3
3260,0.0,135,0.05875491674341231,0.3
3261,0.0,166,0.0587255392850406,0.3
3262,0.0,127,0.05869617651539809,0.3
3263,0.0,640,0.05866682842714039,0.3
3264,0.0,475,0.058637495012926824,0.3
3265,2.0,222,0.058608176265420364,0.3
3266,2.0,478,0.058578872177287654,0.3
3267,0.0,192,0.058549582741199015,0.3
3268,0.0,148,0.05852030794982842,0.3
3269,1.0,453,0.058491047795853505,0.3
3270,2.0,191,0.05846180227195558,0.3
3271,0.0,128,0.05843257137081961,0.3
3272,0.0,127,0.0584033550851342,0.3
3273,0.0,126,0.05837415340759164,0.3
3274,0.0,184,0.05834496633088784,0.3
3275,1.0,424,0.058315793847722404,0.3
3276,0.0,450,0.05828663595079855,0.3
3277,7.0,525,0.05825749263282315,0.3
3278,3.0,239,0.05822836388650674,0.3
3279,0.0,208,0.05819924970456349,0.3
3280,0.0,138,0.058170150079711214,0.3
3281,0.0,143,0.05814106500467136,0.3
3282,0.0,162,0.058111994472169026,0.3
3283,0.0,148,0.05808293847493295,0.3
3284,2.0,188,0.058053897005695486,0.3
3285,3.0,256,0.05802487005719264,0.3
3286,1.0,239,0.05799585762216405,0.3
3287,2.0,575,0.05796685969335297,0.3
3288,1.0,291,0.05793787626350629,0.3
3289,0.0,314,0.05790890732537454,0.3
3290,0.0,176,0.05787995287171186,0.3
3291,1.0,193,0.057851012895276006,0.3
3292,0.0,215,0.05782208738882837,0.3
3293,1.0,358,0.057793176345133965,0.3
3294,1.0,541,0.0577642797569614,0.3
3295,2.0,334,0.05773539761708292,0.3
3296,0.0,320,0.05770652991827438,0.3
3297,2.0,324,0.057677676653315246,0.3
3298,2.0,300,0.05764883781498859,0.3
3299,1.0,224,0.0576200133960811,0.3
3300,1.0,355,0.05759120338938307,0.3
3301,0.0,138,0.05756240778768838,0.3
3302,0.0,246,0.057533626583794545,0.3
3303,1.0,211,0.05750485977050265,0.3
3304,2.0,380,0.05747610734061741,0.3
3305,0.0,141,0.0574473692869471,0.3
3306,0.0,130,0.057418645602303635,0.3
3307,0.0,148,0.057389936279502486,0.3
3308,0.0,128,0.05736124131136274,0.3
3309,0.0,140,0.057332560690707066,0.3
3310,4.0,322,0.05730389441036172,0.3
3311,0.0,318,0.05727524246315654,0.3
3312,2.0,313,0.05724660484192496,0.3
3313,0.0,155,0.057217981539504,0.3
3314,0.0,363,0.05718937254873425,0.3
3315,0.0,195,0.057160777862459884,0.3
3316,0.0,140,0.057132197473528656,0.3
3317,0.0,162,0.057103631374791894,0.3
3318,0.0,206,0.0570750795591045,0.3
3319,1.0,264,0.05704654201932495,0.3
3320,0.0,567,0.05701801874831529,0.3
3321,3.0,468,0.05698950973894113,0.3
3322,2.0,288,0.05696101498407166,0.3
3323,0.0,143,0.05693253447657963,0.3
3324,0.0,333,0.056904068209341345,0.3
3325,0.0,452,0.056875616175236676,0.3
3326,0.0,148,0.05684717836714906,0.3
3327,0.0,224,0.05681875477796549,0.3
3328,0.0,257,0.05679034540057651,0.3
3329,0.0,129,0.05676195022787622,0.3
3330,0.0,199,0.05673356925276229,0.3
3331,3.0,566,0.05670520246813591,0.3
3332,3.0,222,0.05667684986690184,0.3
3333,3.0,223,0.0566485114419684,0.3
3334,2.0,365,0.056620187186247416,0.3
3335,0.0,129,0.05659187709265429,0.3
3336,7.0,487,0.05656358115410797,0.3
3337,3.0,352,0.05653529936353092,0.3
3338,2.0,253,0.05650703171384915,0.3
3339,3.0,500,0.056478778197992234,0.3
3340,7.0,469,0.05645053880889324,0.3
3341,3.0,229,0.056422313539488796,0.3
3342,3.0,308,0.05639410238271905,0.3
3343,3.0,219,0.056365905331527695,0.3
3344,3.0,224,0.056337722378861935,0.3
3345,2.0,394,0.05630955351767251,0.3
3346,0.0,128,0.056281398740913674,0.3
3347,2.0,281,0.05625325804154322,0.3
3348,6.0,420,0.05622513141252245,0.3
3349,0.0,127,0.056197018846816195,0.3
3350,1.0,160,0.05616892033739279,0.3
3351,11.0,791,0.0561408358772241,0.3
3352,3.0,353,0.05611276545928549,0.3
3353,3.0,393,0.05608470907655585,0.3
3354,7.0,316,0.056056666722017576,0.3
3355,2.0,188,0.05602863838865657,0.3
3356,2.0,199,0.05600062406946225,0.3
3357,1.0,178,0.05597262375742752,0.3
3358,2.0,316,0.05594463744554881,0.3
3359,2.0,307,0.05591666512682604,0.3
3360,1.0,201,0.05588870679426263,0.3
3361,3.0,218,0.055860762440865505,0.3
3362,3.0,266,0.05583283205964507,0.3
3363,0.0,229,0.055804915643615255,0.3
3364,0.0,321,0.05577701318579345,0.3
3365,0.0,230,0.055749124679200554,0.3
3366,4.0,264,0.05572125011686096,0.3
3367,11.0,658,0.05569338949180253,0.3
3368,3.0,288,0.055665542797056634,0.3
3369,2.0,341,0.05563771002565811,0.3
3370,2.0,535,0.055609891170645284,0.3
3371,0.0,180,0.055582086225059966,0.3
3372,1.0,480,0.05555429518194744,0.3
3373,0.0,127,0.055526518034356466,0.3
3374,0.0,179,0.05549875477533929,0.3
3375,1.0,181,0.05547100539795163,0.3
3376,1.0,153,0.05544326989525265,0.3
3377,2.0,228,0.05541554826030503,0.3
3378,1.0,153,0.05538784048617488,0.3
3379,1.0,174,0.05536014656593179,0.3
3380,3.0,338,0.05533246649264883,0.3
3381,2.0,185,0.05530480025940251,0.3
3382,1.0,159,0.05527714785927281,0.3
3383,0.0,399,0.055249509285343175,0.3
3384,2.0,445,0.0552218845307005,0.3
3385,1.0,235,0.05519427358843516,0.3
3386,0.0,166,0.055166676451640945,0.3
3387,0.0,131,0.055139093113415125,0.3
3388,1.0,205,0.05511152356685842,0.3
3389,5.0,514,0.05508396780507499,0.3
3390,3.0,409,0.055056425821172456,0.3
3391,5.0,316,0.05502889760826187,0.3
3392,3.0,280,0.055001383159457747,0.3
3393,5.0,1097,0.05497388246787802,0.3
3394,0.0,350,0.054946395526644085,0.3
3395,0.0,149,0.054918922328880765,0.3
3396,2.0,305,0.054891462867716324,0.3
3397,1.0,247,0.05486401713628247,0.3
3398,0.0,428,0.05483658512771433,0.3
3399,0.0,739,0.054809166835150476,0.3
3400,3.0,733,0.0547817622517329,0.3
3401,1.0,204,0.05475437137060704,0.3
3402,0.0,353,0.05472699418492174,0.3
3403,1.0,219,0.05469963068782928,0.3
3404,0.0,346,0.054672280872485365,0.3
3405,1.0,230,0.054644944732049124,0.3
3406,1.0,240,0.0546176222596831,0.3
3407,2.0,260,0.05459031344855326,0.3
3408,3.0,292,0.05456301829182898,0.3
3409,0.0,302,0.05453573678268307,0.3
3410,0.0,289,0.05450846891429174,0.3
3411,0.0,286,0.05448121467983459,0.3
3412,0.0,158,0.05445397407249468,0.3
3413,0.0,144,0.054426747085458436,0.3
3414,0.0,244,0.05439953371191571,0.3
3415,4.0,366,0.054372333945059755,0.3
3416,1.0,186,0.05434514777808723,0.3
3417,7.0,384,0.05431797520419819,0.3
3418,2.0,223,0.054290816216596094,0.3
3419,8.0,318,0.0542636708084878,0.3
3420,7.0,292,0.05423653897308356,0.3
3421,6.0,402,0.05420942070359702,0.3
3422,2.0,294,0.054182315993245224,0.3
3423,0.0,181,0.0541552248352486,0.3
3424,3.0,362,0.05412814722283098,0.3
3425,1.0,284,0.05410108314921956,0.3
3426,4.0,419,0.054074032607644956,0.3
3427,0.0,226,0.054046995591341136,0.3
3428,7.0,586,0.05401997209354547,0.3
3429,3.0,652,0.0539929621074987,0.3
3430,3.0,291,0.053965965626444956,0.3
3431,7.0,508,0.053938982643631735,0.3
3432,3.0,402,0.05391201315230992,0.3
3433,5.0,384,0.05388505714573377,0.3
3434,3.0,242,0.05385811461716091,0.3
3435,2.0,229,0.053831185559852335,0.3
3436,2.0,309,0.05380426996707241,0.3
3437,0.0,158,0.053777367832088876,0.3
3438,0.0,139,0.05375047914817283,0.3
3439,0.0,126,0.05372360390859875,0.3
3440,0.0,310,0.05369674210664445,0.3
3441,0.0,200,0.05366989373559113,0.3
3442,0.0,212,0.05364305878872334,0.3
3443,0.0,163,0.05361623725932898,0.3
3444,0.0,346,0.053589429140699314,0.3
3445,0.0,326,0.05356263442612897,0.3
3446,0.0,212,0.053535853108915905,0.3
3447,2.0,299,0.05350908518236145,0.3
3448,3.0,308,0.05348233063977027,0.3
3449,3.0,269,0.05345558947445039,0.3
3450,0.0,215,0.05342886167971317,0.3
3451,2.0,374,0.053402147248873315,0.3
3452,0.0,154,0.05337544617524888,0.3
3453,2.0,883,0.053348758452161256,0.3
3454,11.0,792,0.05332208407293518,0.3
3455,1.0,216,0.053295423030898716,0.3
3456,2.0,460,0.05326877531938327,0.3
3457,2.0,216,0.05324214093172358,0.3
3458,3.0,240,0.05321551986125772,0.3
3459,0.0,125,0.0531889121013271,0.3
3460,0.0,596,0.05316231764527644,0.3
3461,0.0,526,0.053135736486453804,0.3
3462,1.0,295,0.05310916861821058,0.3
3463,1.0,205,0.05308261403390148,0.3
3464,1.0,312,0.053056072726884534,0.3
3465,0.0,249,0.0530295446905211,0.3
3466,0.0,156,0.05300302991817584,0.3
3467,0.0,133,0.052976528403216754,0.3
3468,0.0,123,0.05295004013901515,0.3
3469,0.0,127,0.052923565118945644,0.3
3470,0.0,275,0.05289710333638618,0.3
3471,1.0,193,0.05287065478471799,0.3
3472,2.0,249,0.052844219457325634,0.3
3473,4.0,499,0.05281779734759697,0.3
3474,1.0,421,0.05279138844892318,0.3
3475,0.0,432,0.05276499275469872,0.3
3476,1.0,503,0.05273861025832137,0.3
3477,7.0,474,0.05271224095319221,0.3
3478,3.0,421,0.05268588483271562,0.3
3479,3.0,569,0.05265954189029927,0.3
3480,0.0,157,0.05263321211935412,0.3
3481,0.0,226,0.05260689551329445,0.3
3482,1.0,234,0.05258059206553781,0.3
3483,2.0,272,0.05255430176950504,0.3
3484,5.0,684,0.05252802461862029,0.3
3485,1.0,581,0.05250176060631099,0.3
3486,1.0,217,0.052475509726007834,0.3
3487,4.0,357,0.05244927197114483,0.3
3488,1.0,524,0.05242304733515926,0.3
3489,2.0,373,0.05239683581149168,0.3
3490,1.0,326,0.05237063739358594,0.3
3491,3.0,424,0.05234445207488915,0.3
3492,1.0,268,0.052318279848851706,0.3
3493,2.0,317,0.05229212070892728,0.3
3494,7.0,431,0.05226597464857282,0.3
3495,7.0,405,0.05223984166124854,0.3
3496,1.0,341,0.05221372174041792,0.3
3497,2.0,410,0.05218761487954771,0.3
3498,1.0,163,0.05216152107210794,0.3
3499,3.0,229,0.05213544031157189,0.3
3500,5.0,354,0.05210937259141611,0.3
3501,0.0,258,0.052083317905120406,0.3
3502,2.0,320,0.05205727624616785,0.3
3503,4.0,302,0.05203124760804477,0.3
3504,1.0,375,0.05200523198424075,0.3
3505,0.0,455,0.051979229368248635,0.3
3506,0.0,197,0.051953239753564515,0.3
3507,0.0,145,0.051927263133687736,0.3
3508,0.0,126,0.05190129950212089,0.3
3509,4.0,588,0.051875348852369836,0.3
3510,2.0,206,0.05184941117794365,0.3
3511,2.0,325,0.051823486472354685,0.3
3512,1.0,335,0.05179757472911851,0.3
3513,0.0,431,0.05177167594175395,0.3
3514,2.0,233,0.05174579010378307,0.3
3515,2.0,333,0.05171991720873118,0.3
3516,2.0,302,0.05169405725012682,0.3
3517,5.0,529,0.051668210221501754,0.3
3518,1.0,671,0.051642376116391005,0.3
3519,0.0,195,0.051616554928332815,0.3
3520,0.0,126,0.05159074665086865,0.3
3521,1.0,360,0.05156495127754322,0.3
3522,0.0,144,0.051539168801904456,0.3
3523,1.0,158,0.05151339921750351,0.3
3524,3.0,329,0.05148764251789476,0.3
3525,0.0,268,0.05146189869663582,0.3
3526,1.0,158,0.0514361677472875,0.3
3527,0.0,136,0.05141044966341386,0.3
3528,0.0,130,0.05138474443858216,0.3
3529,5.0,685,0.05135905206636287,0.3
3530,2.0,221,0.05133337254032969,0.3
3531,2.0,259,0.051307705854059533,0.3
3532,2.0,333,0.051282052001132505,0.3
3533,0.0,167,0.05125641097513194,0.3
3534,0.0,159,0.05123078276964438,0.3
3535,1.0,232,0.05120516737825956,0.3
3536,2.0,316,0.051179564794570434,0.3
3537,11.0,432,0.05115397501217315,0.3
3538,2.0,219,0.051128398024667066,0.3
3539,0.0,171,0.05110283382565473,0.3
3540,0.0,128,0.05107728240874191,0.3
3541,1.0,202,0.051051743767537544,0.3
3542,1.0,309,0.05102621789565378,0.3
3543,2.0,523,0.05100070478670596,0.3
3544,2.0,607,0.05097520443431261,0.3
3545,0.0,178,0.050949716832095454,0.3
3546,0.0,171,0.05092424197367941,0.3
3547,2.0,223,0.050898779852692574,0.3
3548,2.0,315,0.05087333046276623,0.3
3549,2.0,267,0.05084789379753485,0.3
3550,0.0,128,0.050822469850636084,0.3
3551,3.0,461,0.050797058615710766,0.3
3552,2.0,562,0.050771660086402916,0.3
3553,0.0,125,0.05074627425635972,0.3
3554,6.0,950,0.05072090111923154,0.3
3555,0.0,210,0.05069554066867193,0.3
3556,1.0,170,0.050670192898337595,0.3
3557,1.0,217,0.050644857801888425,0.3
3558,1.0,194,0.05061953537298748,0.3
3559,2.0,239,0.05059422560530099,0.3
3560,2.0,541,0.05056892849249834,0.3
3561,1.0,268,0.050543644028252094,0.3
3562,3.0,310,0.05051837220623797,0.3
3563,0.0,248,0.05049311302013485,0.3
3564,2.0,334,0.050467866463624785,0.3
3565,0.0,133,0.050442632530392974,0.3
3566,1.0,343,0.05041741121412778,0.3
3567,0.0,248,0.05039220250852072,0.3
3568,3.0,499,0.05036700640726646,0.3
3569,7.0,783,0.05034182290406283,0.3
3570,4.0,530,0.0503166519926108,0.3
3571,2.0,199,0.0502914936666145,0.3
3572,2.0,838,0.05026634791978119,0.3
3573,2.0,195,0.05024121474582131,0.3
3574,0.0,246,0.0502160941384484,0.3
3575,2.0,310,0.05019098609137918,0.3
3576,1.0,206,0.0501658905983335,0.3
3577,7.0,701,0.05014080765303434,0.3
3578,3.0,268,0.05011573724920782,0.3
3579,3.0,341,0.050090679380583224,0.3
3580,3.0,325,0.05006563404089293,0.3
3581,7.0,575,0.05004060122387249,0.3
3582,0.0,129,0.050015580923260555,0.3
3583,3.0,290,0.04999057313279893,0.3
3584,1.0,174,0.04996557784623253,0.3
3585,3.0,399,0.04994059505730942,0.3
3586,3.0,494,0.049915624759780765,0.3
3587,1.0,229,0.04989066694740088,0.3
3588,1.0,209,0.04986572161392718,0.3
3589,1.0,235,0.04984078875312022,0.3
3590,3.0,334,0.049815868358743666,0.3
3591,2.0,362,0.049790960424564296,0.3
3592,0.0,131,0.04976606494435202,0.3
3593,0.0,144,0.049741181911879845,0.3
3594,0.0,127,0.049716311320923905,0.3
3595,0.0,191,0.049691453165263445,0.3
3596,2.0,217,0.049666607438680815,0.3
3597,7.0,351,0.04964177413496148,0.3
3598,0.0,300,0.049616953247894,0.3
3599,0.0,173,0.04959214477127006,0.3
3600,2.0,470,0.04956734869888443,0.3
3601,0.0,183,0.04954256502453499,0.3
3602,0.0,134,0.049517793742022725,0.3
3603,1.0,188,0.04949303484515172,0.3
3604,0.0,153,0.04946828832772914,0.3
3605,0.0,246,0.04944355418356528,0.3
3606,0.0,131,0.049418832406473504,0.3
3607,0.0,652,0.04939412299027027,0.3
3608,1.0,340,0.049369425928775135,0.3
3609,1.0,188,0.04934474121581075,0.3
3610,0.0,154,0.04932006884520285,0.3
3611,2.0,225,0.04929540881078025,0.3
3612,1.0,296,0.04927076110637486,0.3
3613,0.0,185,0.049246125725821675,0.3
3614,0.0,126,0.049221502662958765,0.3
3615,0.0,156,0.04919689191162729,0.3
3616,2.0,191,0.04917229346567148,0.3
3617,2.0,221,0.049147707318938645,0.3
3618,2.0,442,0.049123133465279176,0.3
3619,1.0,190,0.049098571898546536,0.3
3620,0.0,942,0.049074022612597266,0.3
3621,0.0,155,0.04904948560129097,0.3
3622,0.0,241,0.04902496085849033,0.3
3623,3.0,312,0.049000448378061084,0.3
3624,1.0,414,0.04897594815387206,0.3
3625,0.0,259,0.048951460179795125,0.3
3626,0.0,220,0.04892698444970523,0.3
3627,3.0,423,0.048902520957480385,0.3
3628,1.0,334,0.04887806969700165,0.3
3629,3.0,306,0.04885363066215315,0.3
3630,0.0,238,0.04882920384682207,0.3
3631,2.0,482,0.048804789244898665,0.3
3632,4.0,306,0.04878038685027622,0.3
3633,1.0,180,0.04875599665685108,0.3
3634,4.0,288,0.04873161865852266,0.3
3635,3.0,387,0.048707252849193396,0.3
3636,0.0,566,0.048682899222768805,0.3
3637,3.0,428,0.048658557773157425,0.3
3638,2.0,257,0.04863422849427085,0.3
3639,2.0,243,0.04860991138002371,0.3
3640,0.0,178,0.048585606424333704,0.3
3641,3.0,367,0.04856131362112154,0.3
3642,1.0,247,0.04853703296431098,0.3
3643,2.0,221,0.04851276444782883,0.3
3644,1.0,193,0.04848850806560492,0.3
3645,7.0,273,0.048464263811572116,0.3
3646,7.0,695,0.04844003167966633,0.3
3647,3.0,443,0.048415811663826504,0.3
3648,3.0,450,0.048391603757994596,0.3
3649,0.0,204,0.048367407956115605,0.3
3650,1.0,264,0.04834322425213755,0.3
3651,3.0,722,0.04831905264001148,0.3
3652,0.0,819,0.04829489311369148,0.3
3653,0.0,183,0.048270745667134636,0.3
3654,2.0,202,0.04824661029430107,0.3
3655,3.0,238,0.04822248698915393,0.3
3656,0.0,130,0.048198375745659355,0.3
3657,0.0,131,0.04817427655778653,0.3
3658,2.0,708,0.04815018941950764,0.3
3659,1.0,268,0.04812611432479789,0.3
3660,2.0,234,0.04810205126763549,0.3
3661,2.0,201,0.04807800024200168,0.3
3662,2.0,464,0.04805396124188068,0.3
3663,0.0,156,0.048029934261259746,0.3
3664,0.0,339,0.04800591929412912,0.3
3665,2.0,597,0.04798191633448205,0.3
3666,0.0,137,0.04795792537631481,0.3
3667,0.0,126,0.04793394641362666,0.3
3668,1.0,194,0.047909979440419845,0.3
3669,7.0,389,0.04788602445069964,0.3
3670,3.0,335,0.04786208143847429,0.3
3671,3.0,671,0.04783815039775506,0.3
3672,2.0,204,0.04781423132255619,0.3
3673,3.0,374,0.04779032420689491,0.3
3674,1.0,161,0.04776642904479147,0.3
3675,2.0,273,0.04774254583026907,0.3
3676,3.0,637,0.04771867455735394,0.3
3677,1.0,227,0.04769481522007527,0.3
3678,0.0,132,0.047670967812465236,0.3
3679,2.0,240,0.04764713232855901,0.3
3680,2.0,468,0.047623308762394734,0.3
3681,0.0,169,0.04759949710801354,0.3
3682,0.0,178,0.04757569735945954,0.3
3683,0.0,138,0.04755190951077981,0.3
3684,1.0,179,0.04752813355602442,0.3
3685,0.0,130,0.04750436948924641,0.3
3686,1.0,557,0.047480617304501795,0.3
3687,1.0,867,0.047456876995849544,0.3
3688,1.0,209,0.047433148557351625,0.3
3689,0.0,287,0.04740943198307295,0.3
3690,1.0,173,0.047385727267081415,0.3
3691,0.0,145,0.04736203440344788,0.3
3692,2.0,206,0.04733835338624615,0.3
3693,7.0,338,0.04731468420955303,0.3
3694,2.0,211,0.04729102686744826,0.3
3695,2.0,233,0.04726738135401454,0.3
3696,1.0,474,0.04724374766333753,0.3
3697,2.0,238,0.047220125789505865,0.3
3698,4.0,467,0.04719651572661111,0.3
3699,0.0,303,0.04717291746874781,0.3
3700,1.0,430,0.047149331010013444,0.3
3701,1.0,339,0.04712575634450844,0.3
3702,3.0,295,0.047102193466336185,0.3
3703,1.0,222,0.04707864236960302,0.3
3704,1.0,166,0.04705510304841822,0.3
3705,0.0,138,0.04703157549689402,0.3
3706,1.0,583,0.04700805970914557,0.3
3707,0.0,159,0.046984555679291,0.3
3708,0.0,184,0.04696106340145136,0.3
3709,0.0,130,0.04693758286975064,0.3
3710,3.0,274,0.04691411407831576,0.3
3711,2.0,225,0.04689065702127661,0.3
3712,2.0,322,0.046867211692765975,0.3
3713,1.0,216,0.04684377808691959,0.3
3714,0.0,160,0.04682035619787613,0.3
3715,0.0,145,0.0467969460197772,0.3
3716,0.0,127,0.04677354754676731,0.3
3717,0.0,315,0.04675016077299393,0.3
3718,3.0,458,0.046726785692607437,0.3
3719,2.0,442,0.046703422299761134,0.3
3720,1.0,407,0.046680070588611254,0.3
3721,0.0,151,0.04665673055331695,0.3
3722,3.0,618,0.04663340218804029,0.3
3723,2.0,524,0.04661008548694627,0.3
3724,0.0,351,0.0465867804442028,0.3
3725,3.0,946,0.0465634870539807,0.3
3726,2.0,265,0.04654020531045371,0.3
3727,2.0,689,0.04651693520779849,0.3
3728,0.0,196,0.04649367674019459,0.3
3729,1.0,434,0.0464704299018245,0.3
3730,1.0,157,0.04644719468687359,0.3
3731,1.0,515,0.046423971089530155,0.3
3732,3.0,838,0.046400759103985396,0.3
3733,2.0,231,0.04637755872443341,0.3
3734,0.0,214,0.046354369945071194,0.3
3735,2.0,307,0.04633119276009866,0.3
3736,2.0,607,0.04630802716371861,0.3
3737,0.0,151,0.046284873150136754,0.3
3738,0.0,423,0.04626173071356169,0.3
3739,0.0,319,0.046238599848204914,0.3
3740,0.0,130,0.04621548054828081,0.3
3741,4.0,850,0.04619237280800668,0.3
3742,11.0,1136,0.046169276621602674,0.3
3743,2.0,748,0.046146191983291875,0.3
3744,3.0,485,0.04612311888730023,0.3
3745,11.0,561,0.04610005732785658,0.3
3746,5.0,691,0.04607700729919265,0.3
3747,0.0,561,0.046053968795543056,0.3
3748,1.0,372,0.04603094181114529,0.3
3749,0.0,222,0.046007926340239716,0.3
3750,0.0,187,0.045984922377069595,0.3
3751,0.0,259,0.045961929915881064,0.3
3752,2.0,456,0.045938948950923125,0.3
3753,0.0,159,0.04591597947644767,0.3
3754,1.0,173,0.04589302148670945,0.3
3755,0.0,131,0.045870074975966096,0.3
3756,0.0,221,0.04584713993847812,0.3
3757,0.0,137,0.04582421636850888,0.3
3758,0.0,132,0.045801304260324624,0.3
3759,0.0,125,0.04577840360819446,0.3
3760,0.0,220,0.04575551440639037,0.3
3761,0.0,252,0.045732636649187176,0.3
3762,2.0,205,0.045709770330862584,0.3
3763,1.0,161,0.045686915445697154,0.3
3764,0.0,194,0.04566407198797431,0.3
3765,0.0,170,0.04564123995198032,0.3
3766,2.0,391,0.045618419332004334,0.3
3767,2.0,247,0.045595610122338336,0.3
3768,0.0,153,0.04557281231727717,0.3
3769,0.0,124,0.04555002591111853,0.3
3770,3.0,258,0.04552725089816297,0.3
3771,0.0,169,0.045504487272713896,0.3
3772,3.0,251,0.04548173502907754,0.3
3773,0.0,384,0.045458994161563,0.3
3774,0.0,160,0.04543626466448222,0.3
3775,0.0,128,0.04541354653214998,0.3
3776,2.0,227,0.04539083975888391,0.3
3777,0.0,127,0.04536814433900447,0.3
3778,0.0,125,0.04534546026683497,0.3
3779,3.0,264,0.045322787536701555,0.3
3780,2.0,450,0.0453001261429332,0.3
3781,1.0,182,0.04527747607986174,0.3
3782,0.0,162,0.04525483734182181,0.3
3783,0.0,200,0.045232209923150905,0.3
3784,3.0,487,0.045209593818189335,0.3
3785,0.0,577,0.045186989021280245,0.3
3786,2.0,208,0.04516439552676961,0.3
3787,3.0,280,0.04514181332900623,0.3
3788,2.0,623,0.04511924242234173,0.3
3789,2.0,395,0.04509668280113056,0.3
3790,1.0,302,0.04507413445972999,0.3
3791,0.0,770,0.04505159739250013,0.3
3792,0.0,426,0.04502907159380388,0.3
3793,1.0,429,0.04500655705800698,0.3
3794,1.0,168,0.04498405377947798,0.3
3795,0.0,163,0.04496156175258824,0.3
3796,0.0,129,0.044939080971711946,0.3
3797,0.0,512,0.04491661143122609,0.3
3798,0.0,221,0.04489415312551048,0.3
3799,2.0,728,0.04487170604894773,0.3
3800,0.0,429,0.04484927019592326,0.3
3801,0.0,429,0.0448268455608253,0.3
3802,0.0,355,0.04480443213804489,0.3
3803,0.0,140,0.04478202992197587,0.3
3804,0.0,127,0.044759638907014884,0.3
3805,0.0,128,0.044737259087561376,0.3
3806,0.0,149,0.044714890458017596,0.3
3807,1.0,154,0.04469253301278859,0.3
3808,0.0,124,0.044670186746282196,0.3
3809,0.0,418,0.044647851652909055,0.3
3810,0.0,126,0.0446255277270826,0.3
3811,3.0,578,0.04460321496321906,0.3
3812,3.0,376,0.04458091335573745,0.3
3813,4.0,279,0.04455862289905959,0.3
3814,3.0,271,0.044536343587610064,0.3
3815,1.0,271,0.044514075415816264,0.3
3816,1.0,400,0.04449181837810836,0.3
3817,1.0,210,0.044469572468919305,0.3
3818,0.0,395,0.04444733768268485,0.3
3819,0.0,129,0.04442511401384351,0.3
3820,1.0,187,0.04440290145683659,0.3
3821,1.0,237,0.04438070000610818,0.3
3822,0.0,131,0.044358509656105126,0.3
3823,9.0,412,0.044336330401277074,0.3
3824,0.0,245,0.04431416223607644,0.3
3825,0.0,254,0.0442920051549584,0.3
3826,0.0,128,0.04426985915238093,0.3
3827,0.0,205,0.04424772422280474,0.3
3828,0.0,147,0.04422560036069334,0.3
3829,2.0,238,0.044203487560513,0.3
3830,2.0,489,0.04418138581673274,0.3
3831,0.0,397,0.044159295123824376,0.3
3832,0.0,141,0.04413721547626247,0.3
3833,2.0,204,0.04411514686852434,0.3
3834,0.0,581,0.04409308929509008,0.3
3835,0.0,141,0.04407104275044254,0.3
3836,3.0,427,0.04404900722906732,0.3
3837,0.0,249,0.04402698272545279,0.3
3838,1.0,165,0.044004969234090065,0.3
3839,7.0,551,0.043982966749473024,0.3
3840,7.0,446,0.04396097526609829,0.3
3841,0.0,190,0.04393899477846524,0.3
3842,1.0,160,0.04391702528107601,0.3
3843,0.0,280,0.04389506676843547,0.3
3844,0.0,126,0.04387311923505126,0.3
3845,0.0,191,0.04385118267543373,0.3
3846,0.0,137,0.04382925708409602,0.3
3847,3.0,304,0.043807342455553976,0.3
3848,0.0,144,0.043785438784326204,0.3
3849,0.0,200,0.043763546064934045,0.3
3850,1.0,188,0.04374166429190158,0.3
3851,0.0,207,0.04371979345975563,0.3
3852,1.0,188,0.04369793356302575,0.3
3853,3.0,786,0.04367608459624424,0.3
3854,0.0,213,0.04365424655394612,0.3
3855,0.0,581,0.043632419430669145,0.3
3856,0.0,170,0.043610603220953816,0.3
3857,0.0,168,0.04358879791934334,0.3
3858,0.0,126,0.043567003520383674,0.3
3859,0.0,133,0.04354522001862349,0.3
3860,1.0,196,0.04352344740861418,0.3
3861,0.0,205,0.04350168568490987,0.3
3862,2.0,258,0.04347993484206742,0.3
3863,0.0,129,0.04345819487464639,0.3
3864,0.0,129,0.04343646577720907,0.3
3865,1.0,168,0.04341474754432047,0.3
3866,0.0,172,0.04339304017054831,0.3
3867,3.0,256,0.04337134365046304,0.3
3868,3.0,229,0.04334965797863781,0.3
3869,2.0,429,0.043327983149648495,0.3
3870,2.0,336,0.043306319158073675,0.3
3871,0.0,197,0.04328466599849464,0.3
3872,2.0,577,0.0432630236654954,0.3
3873,3.0,340,0.043241392153662656,0.3
3874,0.0,176,0.04321977145758583,0.3
3875,0.0,357,0.04319816157185704,0.3
3876,1.0,307,0.043176562491071116,0.3
3877,0.0,285,0.043154974209825586,0.3
3878,0.0,149,0.04313339672272067,0.3
3879,0.0,133,0.04311183002435932,0.3
3880,1.0,422,0.04309027410934714,0.3
3881,0.0,173,0.04306872897229247,0.3
3882,0.0,270,0.04304719460780632,0.3
3883,0.0,131,0.04302567101050242,0.3
3884,2.0,509,0.04300415817499717,0.3
3885,3.0,977,0.04298265609590968,0.3
3886,0.0,453,0.04296116476786172,0.3
3887,2.0,363,0.04293968418547779,0.3
3888,2.0,310,0.04291821434338505,0.3
3889,0.0,590,0.04289675523621336,0.3
3890,2.0,225,0.04287530685859526,0.3
3891,3.0,509,0.04285386920516596,0.3
3892,2.0,419,0.04283244227056338,0.3
3893,0.0,203,0.0428110260494281,0.3
3894,0.0,137,0.04278962053640339,0.3
3895,3.0,633,0.04276822572613519,0.3
3896,2.0,458,0.04274684161327212,0.3
3897,0.0,198,0.04272546819246549,0.3
3898,0.0,505,0.04270410545836926,0.3
3899,0.0,294,0.042682753405640074,0.3
3900,0.0,428,0.04266141202893726,0.3
3901,2.0,215,0.04264008132292279,0.3
3902,11.0,918,0.04261876128226133,0.3
3903,11.0,418,0.042597451901620204,0.3
3904,11.0,448,0.042576153175669394,0.3
3905,3.0,246,0.04255486509908156,0.3
3906,1.0,185,0.04253358766653202,0.3
3907,1.0,458,0.04251232087269876,0.3
3908,8.0,718,0.04249106471226241,0.3
3909,1.0,308,0.04246981917990628,0.3
3910,2.0,332,0.04244858427031633,0.3
3911,3.0,289,0.04242735997818117,0.3
3912,0.0,291,0.04240614629819209,0.3
3913,4.0,375,0.04238494322504299,0.3
3914,1.0,206,0.042363750753430476,0.3
3915,2.0,446,0.042342568878053766,0.3
3916,0.0,184,0.042321397593614744,0.3
3917,2.0,202,0.04230023689481794,0.3
3918,0.0,132,0.04227908677637053,0.3
3919,1.0,271,0.042257947232982346,0.3
3920,0.0,124,0.04223681825936586,0.3
3921,2.0,408,0.042215699850236175,0.3
3922,0.0,126,0.04219459200031106,0.3
3923,0.0,713,0.04217349470431091,0.3
3924,2.0,195,0.04215240795695875,0.3
3925,7.0,423,0.042131331752980276,0.3
3926,2.0,795,0.04211026608710379,0.3
3927,2.0,193,0.04208921095406024,0.3
3928,2.0,265,0.042068166348583215,0.3
3929,0.0,421,0.042047132265408925,0.3
3930,1.0,296,0.04202610869927622,0.3
3931,0.0,286,0.042005095644926584,0.3
3932,0.0,279,0.04198409309710412,0.3
3933,0.0,172,0.041963101050555576,0.3
3934,0.0,222,0.0419421195000303,0.3
3935,0.0,227,0.04192114844028029,0.3
3936,3.0,247,0.04190018786606015,0.3
3937,3.0,530,0.041879237772127126,0.3
3938,1.0,391,0.04185829815324107,0.3
3939,2.0,319,0.04183736900416445,0.3
3940,8.0,408,0.04181645031966237,0.3
3941,7.0,345,0.04179554209450254,0.3
3942,2.0,590,0.0417746443234553,0.3
3943,0.0,161,0.04175375700129357,0.3
3944,0.0,190,0.04173288012279293,0.3
3945,5.0,384,0.04171201368273154,0.3
3946,1.0,492,0.04169115767589018,0.3
3947,0.0,264,0.041670312097052235,0.3
3948,0.0,376,0.04164947694100371,0.3
3949,0.0,619,0.04162865220253321,0.3
3950,2.0,202,0.04160783787643194,0.3
3951,2.0,501,0.041587033957493726,0.3
3952,1.0,349,0.04156624044051498,0.3
3953,0.0,981,0.04154545732029473,0.3
3954,0.0,235,0.04152468459163458,0.3
3955,2.0,596,0.041503922249338764,0.3
3956,0.0,185,0.0414831702882141,0.3
3957,0.0,270,0.041462428703069994,0.3
3958,2.0,334,0.04144169748871846,0.3
3959,3.0,293,0.04142097663997411,0.3
3960,3.0,482,0.041400266151654125,0.3
3961,4.0,498,0.0413795660185783,0.3
3962,4.0,291,0.04135887623556901,0.3
3963,0.0,161,0.04133819679745123,0.3
3964,0.0,159,0.04131752769905251,0.3
3965,0.0,146,0.041296868935202985,0.3
3966,0.0,327,0.041276220500735386,0.3
3967,0.0,162,0.04125558239048502,0.3
3968,0.0,135,0.041234954599289775,0.3
3969,0.0,144,0.04121433712199013,0.3
3970,5.0,453,0.04119372995342914,0.3
3971,2.0,415,0.04117313308845243,0.3
3972,2.0,743,0.0411525465219082,0.3
3973,2.0,306,0.04113197024864725,0.3
3974,0.0,155,0.04111140426352293,0.3
3975,0.0,423,0.04109084856139117,0.3
3976,3.0,478,0.04107030313711048,0.3
3977,3.0,454,0.04104976798554193,0.3
3978,2.0,404,0.04102924310154916,0.3
3979,3.0,346,0.04100872847999838,0.3
3980,2.0,363,0.040988224115758386,0.3
3981,2.0,230,0.040967730003700506,0.3
3982,7.0,287,0.040947246138698656,0.3
3983,3.0,226,0.04092677251562931,0.3
3984,3.0,815,0.040906309129371494,0.3
3985,2.0,366,0.04088585597480681,0.3
3986,2.0,295,0.04086541304681941,0.3
3987,0.0,157,0.040844980340296,0.3
3988,0.0,140,0.040824557850125856,0.3
3989,0.0,143,0.040804145571200795,0.3
3990,0.0,695,0.040783743498415195,0.3
3991,2.0,338,0.04076335162666599,0.3
3992,0.0,163,0.040742969950852664,0.3
3993,1.0,553,0.04072259846587724,0.3
3994,0.0,261,0.040702237166644305,0.3
3995,0.0,154,0.040681886048060986,0.3
3996,0.0,593,0.04066154510503696,0.3
3997,1.0,258,0.040641214332484445,0.3
3998,1.0,484,0.040620893725318206,0.3
3999,1.0,159,0.04060058327845555,0.3
4000,0.0,150,0.040580282986816325,0.3
4001,7.0,406,0.04055999284532292,0.3
4002,3.0,272,0.04053971284890026,0.3
4003,2.0,245,0.04051944299247581,0.3
4004,2.0,213,0.04049918327097958,0.3
4005,5.0,757,0.04047893367934409,0.3
4006,3.0,213,0.04045869421250442,0.3
4007,3.0,723,0.04043846486539817,0.3
4008,3.0,580,0.04041824563296547,0.3
4009,3.0,676,0.04039803651014899,0.3
4010,3.0,226,0.04037783749189392,0.3
4011,11.0,542,0.040357648573147976,0.3
4012,3.0,425,0.040337469748861404,0.3
4013,2.0,230,0.04031730101398698,0.3
4014,2.0,353,0.04029714236347999,0.3
4015,3.0,564,0.04027699379229825,0.3
4016,1.0,152,0.04025685529540211,0.3
4017,0.0,186,0.04023672686775441,0.3
4018,3.0,453,0.04021660850432054,0.3
4019,3.0,301,0.04019650020006838,0.3
4020,4.0,258,0.04017640194996835,0.3
4021,4.0,307,0.040156313748993366,0.3
4022,3.0,335,0.040136235592118874,0.3
4023,3.0,217,0.04011616747432282,0.3
4024,2.0,290,0.04009610939058566,0.3
4025,1.0,170,0.04007606133589037,0.3
4026,7.0,459,0.04005602330522243,0.3
4027,1.0,331,0.04003599529356982,0.3
4028,1.0,239,0.04001597729592304,0.3
4029,7.0,545,0.03999596930727508,0.3
4030,2.0,487,0.03997597132262144,0.3
4031,3.0,281,0.039955983336960134,0.3
4032,2.0,195,0.03993600534529165,0.3
4033,2.0,199,0.03991603734261901,0.3
4034,7.0,310,0.0398960793239477,0.3
4035,3.0,221,0.03987613128428573,0.3
4036,1.0,182,0.03985619321864359,0.3
4037,1.0,677,0.03983626512203427,0.3
4038,0.0,339,0.039816346989473256,0.3
4039,0.0,180,0.039796438815978524,0.3
4040,3.0,311,0.039776540596570535,0.3
4041,1.0,287,0.03975665232627225,0.3
4042,0.0,172,0.03973677400010912,0.3
4043,0.0,303,0.03971690561310907,0.3
4044,0.0,318,0.039697047160302514,0.3
4045,2.0,811,0.039677198636722366,0.3
4046,0.0,345,0.039657360037404006,0.3
4047,0.0,809,0.039637531357385306,0.3
4048,2.0,282,0.039617712591706614,0.3
4049,0.0,179,0.039597903735410764,0.3
4050,2.0,293,0.03957810478354306,0.3
4051,1.0,605,0.03955831573115129,0.3
4052,0.0,371,0.03953853657328572,0.3
4053,7.0,620,0.03951876730499908,0.3
4054,2.0,559,0.03949900792134658,0.3
4055,7.0,314,0.03947925841738591,0.3
4056,4.0,833,0.03945951878817722,0.3
4057,7.0,379,0.03943978902878313,0.3
4058,7.0,368,0.039420069134268744,0.3
4059,3.0,320,0.03940035909970161,0.3
4060,1.0,165,0.03938065892015176,0.3
4061,7.0,543,0.039360968590691686,0.3
4062,5.0,324,0.039341288106396345,0.3
4063,0.0,129,0.039321617462343146,0.3
4064,0.0,217,0.039301956653611976,0.3
4065,1.0,234,0.03928230567528517,0.3
4066,2.0,267,0.03926266452244753,0.3
4067,1.0,313,0.03924303319018631,0.3
4068,3.0,344,0.03922341167359122,0.3
4069,11.0,889,0.03920379996775442,0.3
4070,5.0,448,0.03918419806777055,0.3
4071,2.0,291,0.039164605968736665,0.3
4072,3.0,367,0.0391450236657523,0.3
4073,3.0,609,0.039125451153919424,0.3
4074,0.0,456,0.039105888428342464,0.3
4075,0.0,493,0.03908633548412829,0.3
4076,0.0,211,0.03906679231638623,0.3
4077,0.0,138,0.03904725892022804,0.3
4078,0.0,302,0.03902773529076793,0.3
4079,0.0,147,0.03900822142312255,0.3
4080,2.0,658,0.038988717312410985,0.3
4081,2.0,250,0.03896922295375478,0.3
4082,2.0,233,0.038949738342277905,0.3
4083,0.0,570,0.03893026347310677,0.3
4084,2.0,202,0.03891079834137022,0.3
4085,1.0,302,0.038891342942199536,0.3
4086,0.0,180,0.038871897270728435,0.3
4087,0.0,157,0.03885246132209307,0.3
4088,7.0,859,0.03883303509143203,0.3
4089,1.0,352,0.038813618573886315,0.3
4090,3.0,341,0.03879421176459937,0.3
4091,0.0,159,0.03877481465871707,0.3
4092,0.0,131,0.03875542725138772,0.3
4093,0.0,199,0.038736049537762024,0.3
4094,0.0,380,0.038716681512993144,0.3
4095,0.0,412,0.03869732317223665,0.3
4096,4.0,468,0.03867797451065053,0.3
4097,1.0,572,0.03865863552339521,0.3
4098,0.0,183,0.038639306205633515,0.3
4099,2.0,511,0.038619986552530704,0.3
4100,3.0,378,0.03860067655925444,0.3
4101,2.0,403,0.038581376220974815,0.3
4102,11.0,388,0.03856208553286433,0.3
4103,3.0,303,0.0385428044900979,0.3
4104,7.0,443,0.038523533087852856,0.3
4105,3.0,221,0.03850427132130893,0.3
4106,2.0,225,0.03848501918564828,0.3
4107,3.0,235,0.038465776676055455,0.3
4108,3.0,347,0.03844654378771743,0.3
4109,3.0,256,0.03842732051582358,0.3
4110,0.0,183,0.03840810685556567,0.3
4111,2.0,388,0.03838890280213789,0.3
4112,7.0,529,0.038369708350736824,0.3
4113,1.0,649,0.038350523496561456,0.3
4114,0.0,219,0.03833134823481318,0.3
4115,3.0,234,0.038312182560695775,0.3
4116,2.0,282,0.03829302646941543,0.3
4117,2.0,630,0.03827387995618073,0.3
4118,2.0,279,0.03825474301620264,0.3
4119,2.0,241,0.03823561564469454,0.3
4120,0.0,133,0.0382164978368722,0.3
4121,1.0,306,0.03819738958795377,0.3
4122,0.0,553,0.03817829089315979,0.3
4123,4.0,414,0.038159201747713214,0.3
4124,7.0,386,0.03814012214683936,0.3
4125,2.0,241,0.03812105208576594,0.3
4126,3.0,666,0.038101991559723054,0.3
4127,2.0,282,0.03808294056394319,0.3
4128,2.0,264,0.03806389909366122,0.3
4129,2.0,317,0.0380448671441144,0.3
4130,3.0,250,0.03802584471054234,0.3
4131,3.0,947,0.038006831788187076,0.3
4132,3.0,430,0.03798782837229298,0.3
4133,1.0,427,0.03796883445810684,0.3
4134,0.0,230,0.03794985004087779,0.3
4135,0.0,128,0.03793087511585735,0.3
4136,0.0,142,0.037911909678299424,0.3
4137,0.0,380,0.03789295372346028,0.3
4138,1.0,195,0.03787400724659855,0.3
4139,2.0,457,0.03785507024297525,0.3
4140,3.0,350,0.037836142707853765,0.3
4141,2.0,188,0.03781722463649984,0.3
4142,7.0,378,0.03779831602418159,0.3
4143,3.0,370,0.03777941686616951,0.3
4144,1.0,181,0.03776052715773642,0.3
4145,11.0,1258,0.03774164689415756,0.3
4146,2.0,240,0.03772277607071048,0.3
4147,1.0,208,0.03770391468267512,0.3
4148,1.0,236,0.037685062725333784,0.3
4149,0.0,247,0.03766622019397112,0.3
4150,2.0,460,0.037647387083874134,0.3
4151,7.0,676,0.0376285633903322,0.3
4152,3.0,366,0.037609749108637035,0.3
4153,0.0,162,0.03759094423408272,0.3
4154,0.0,155,0.03757214876196568,0.3
4155,0.0,189,0.0375533626875847,0.3
4156,2.0,569,0.037534586006240905,0.3
4157,0.0,128,0.03751581871323779,0.3
4158,0.0,129,0.03749706080388117,0.3
4159,0.0,211,0.03747831227347923,0.3
4160,2.0,218,0.03745957311734249,0.3
4161,2.0,240,0.037440843330783825,0.3
4162,2.0,330,0.037422122909118435,0.3
4163,2.0,832,0.03740341184766388,0.3
4164,2.0,777,0.03738471014174005,0.3
4165,3.0,480,0.03736601778666918,0.3
4166,2.0,448,0.03734733477777585,0.3
4167,0.0,366,0.03732866111038696,0.3
4168,2.0,274,0.037309996779831774,0.3
4169,2.0,385,0.03729134178144186,0.3
4170,0.0,145,0.037272696110551146,0.3
4171,0.0,138,0.03725405976249587,0.3
4172,1.0,373,0.03723543273261463,0.3
4173,0.0,193,0.03721681501624832,0.3
4174,1.0,154,0.0371982066087402,0.3
4175,0.0,134,0.037179607505435835,0.3
4176,4.0,275,0.03716101770168312,0.3
4177,0.0,160,0.03714243719283228,0.3
4178,0.0,134,0.037123865974235865,0.3
4179,0.0,125,0.037105304041248746,0.3
4180,0.0,127,0.03708675138922812,0.3
4181,0.0,251,0.03706820801353351,0.3
4182,0.0,208,0.03704967390952675,0.3
4183,2.0,222,0.03703114907257199,0.3
4184,2.0,494,0.037012633498035706,0.3
4185,1.0,181,0.03699412718128669,0.3
4186,0.0,326,0.03697563011769605,0.3
4187,1.0,267,0.036957142302637205,0.3
4188,0.0,424,0.03693866373148589,0.3
4189,0.0,163,0.036920194399620146,0.3
4190,0.0,156,0.03690173430242034,0.3
4191,3.0,393,0.03688328343526913,0.3
4192,2.0,319,0.0368648417935515,0.3
4193,0.0,219,0.03684640937265472,0.3
4194,0.0,166,0.036827986167968396,0.3
4195,0.0,269,0.03680957217488441,0.3
4196,2.0,244,0.03679116738879697,0.3
4197,0.0,152,0.03677277180510258,0.3
4198,2.0,202,0.03675438541920003,0.3
4199,0.0,156,0.03673600822649043,0.3
4200,6.0,555,0.03671764022237719,0.3
4201,0.0,258,0.036699281402266005,0.3
4202,0.0,198,0.036680931761564874,0.3
4203,2.0,221,0.0366625912956841,0.3
4204,1.0,171,0.036644260000036254,0.3
4205,0.0,139,0.036625937870036235,0.3
4206,0.0,180,0.03660762490110122,0.3
4207,3.0,345,0.03658932108865067,0.3
4208,11.0,464,0.03657102642810635,0.3
4209,2.0,270,0.036552740914892294,0.3
4210,1.0,243,0.03653446454443485,0.3
4211,3.0,380,0.03651619731216263,0.3
4212,3.0,222,0.03649793921350655,0.3
4213,0.0,386,0.0364796902438998,0.3
4214,0.0,213,0.03646145039877785,0.3
4215,0.0,199,0.03644321967357846,0.3
4216,0.0,714,0.03642499806374168,0.3
4217,1.0,342,0.03640678556470981,0.3
4218,2.0,337,0.03638858217192746,0.3
4219,3.0,480,0.0363703878808415,0.3
4220,1.0,306,0.036352202686901085,0.3
4221,0.0,257,0.036334026585557636,0.3
4222,7.0,470,0.03631585957226486,0.3
4223,7.0,846,0.03629770164247873,0.3
4224,3.0,410,0.036279552791657496,0.3
4225,3.0,361,0.036261413015261666,0.3
4226,7.0,445,0.03624328230875404,0.3
4227,2.0,317,0.03622516066759966,0.3
4228,3.0,218,0.03620704808726587,0.3
4229,2.0,305,0.03618894456322223,0.3
4230,2.0,345,0.03617085009094063,0.3
4231,3.0,361,0.03615276466589516,0.3
4232,2.0,248,0.036134688283562214,0.3
4233,2.0,402,0.03611662093942043,0.3
4234,3.0,444,0.036098562628950726,0.3
4235,0.0,185,0.036080513347636255,0.3
4236,2.0,307,0.03606247309096244,0.3
4237,1.0,173,0.03604444185441696,0.3
4238,2.0,199,0.03602641963348975,0.3
4239,4.0,484,0.036008406423673006,0.3
4240,3.0,673,0.035990402220461175,0.3
4241,2.0,1021,0.03597240701935095,0.3
4242,1.0,170,0.03595442081584128,0.3
4243,2.0,394,0.03593644360543336,0.3
4244,3.0,305,0.035918475383630646,0.3
4245,0.0,127,0.03590051614593883,0.3
4246,11.0,798,0.03588256588786586,0.3
4247,1.0,208,0.03586462460492193,0.3
4248,2.0,221,0.03584669229261947,0.3
4249,3.0,344,0.03582876894647316,0.3
4250,1.0,295,0.03581085456199993,0.3
4251,1.0,229,0.03579294913471893,0.3
4252,3.0,598,0.035775052660151574,0.3
4253,3.0,642,0.0357571651338215,0.3
4254,2.0,483,0.03573928655125459,0.3
4255,0.0,259,0.03572141690797897,0.3
4256,2.0,317,0.035703556199524984,0.3
4257,0.0,128,0.03568570442142523,0.3
4258,0.0,136,0.03566786156921452,0.3
4259,2.0,305,0.035650027638429914,0.3
4260,11.0,1014,0.0356322026246107,0.3
4261,3.0,280,0.035614386523298396,0.3
4262,7.0,472,0.03559657933003675,0.3
4263,1.0,154,0.03557878104037174,0.3
4264,2.0,751,0.035560991649851555,0.3
4265,1.0,169,0.03554321115402663,0.3
4266,2.0,471,0.03552543954844962,0.3
4267,1.0,313,0.035507676828675394,0.3
4268,1.0,161,0.03548992299026106,0.3
4269,3.0,361,0.035472178028765934,0.3
4270,2.0,207,0.03545444193975155,0.3
4271,1.0,160,0.035436714718781674,0.3
4272,1.0,349,0.03541899636142228,0.3
4273,1.0,387,0.03540128686324157,0.3
4274,2.0,970,0.03538358621980996,0.3
4275,7.0,708,0.03536589442670005,0.3
4276,8.0,506,0.035348211479486705,0.3
4277,1.0,211,0.035330537373746966,0.3
4278,0.0,720,0.035312872105060095,0.3
4279,0.0,295,0.03529521566900757,0.3
4280,2.0,214,0.03527756806117307,0.3
4281,3.0,531,0.035259929277142485,0.3
4282,3.0,363,0.035242299312503916,0.3
4283,1.0,422,0.03522467816284767,0.3
4284,0.0,327,0.035207065823766245,0.3
4285,2.0,370,0.035189462290854366,0.3
4286,3.0,401,0.03517186755970894,0.3
4287,0.0,615,0.03515428162592909,0.3
4288,0.0,201,0.035136704485116126,0.3
4289,1.0,197,0.03511913613287357,0.3
4290,0.0,226,0.035101576564807134,0.3
4291,0.0,273,0.03508402577652473,0.3
4292,5.0,423,0.03506648376363647,0.3
4293,3.0,365,0.035048950521754656,0.3
4294,0.0,304,0.03503142604649378,0.3
4295,0.0,258,0.03501391033347053,0.3
4296,0.0,124,0.0349964033783038,0.3
4297,3.0,250,0.03497890517661465,0.3
4298,1.0,457,0.03496141572402635,0.3
4299,0.0,660,0.034943935016164336,0.3
4300,0.0,245,0.03492646304865626,0.3
4301,0.0,296,0.034908999817131935,0.3
4302,0.0,161,0.03489154531722337,0.3
4303,2.0,273,0.03487409954456476,0.3
4304,1.0,238,0.03485666249479248,0.3
4305,0.0,347,0.034839234163545084,0.3
4306,3.0,355,0.03482181454646331,0.3
4307,7.0,584,0.03480440363919008,0.3
4308,1.0,158,0.034787001437370485,0.3
4309,4.0,659,0.0347696079366518,0.3
4310,2.0,341,0.034752223132683474,0.3
4311,0.0,703,0.034734847021117135,0.3
4312,1.0,693,0.03471747959760658,0.3
4313,2.0,519,0.03470012085780778,0.3
4314,1.0,481,0.03468277079737887,0.3
4315,1.0,269,0.034665429411980184,0.3
4316,0.0,746,0.03464809669727419,0.3
4317,0.0,126,0.034630772648925556,0.3
4318,2.0,632,0.034613457262601094,0.3
4319,2.0,301,0.0345961505339698,0.3
4320,4.0,387,0.03457885245870281,0.3
4321,4.0,353,0.034561563032473465,0.3
4322,1.0,350,0.03454428225095723,0.3
4323,0.0,663,0.03452701010983175,0.3
4324,1.0,371,0.03450974660477684,0.3
4325,0.0,184,0.03449249173147446,0.3
4326,0.0,229,0.03447524548560872,0.3
4327,0.0,371,0.034458007862865916,0.3
4328,2.0,339,0.034440778858934484,0.3
4329,2.0,684,0.03442355846950502,0.3
4330,3.0,685,0.03440634669027027,0.3
4331,1.0,312,0.03438914351692514,0.3
4332,0.0,748,0.03437194894516668,0.3
4333,2.0,635,0.0343547629706941,0.3
4334,1.0,479,0.034337585589208755,0.3
4335,0.0,265,0.03432041679641415,0.3
4336,1.0,232,0.034303256588015946,0.3
4337,0.0,130,0.03428610495972194,0.3
4338,3.0,230,0.03426896190724208,0.3
4339,1.0,613,0.03425182742628846,0.3
4340,3.0,327,0.03423470151257532,0.3
4341,3.0,600,0.03421758416181903,0.3
4342,1.0,419,0.03420047536973812,0.3
4343,2.0,303,0.03418337513205326,0.3
4344,7.0,647,0.03416628344448724,0.3
4345,1.0,234,0.034149200302765,0.3
4346,11.0,605,0.03413212570261362,0.3
4347,3.0,370,0.034115059639762316,0.3
4348,2.0,400,0.03409800210994244,0.3
4349,1.0,163,0.03408095310888747,0.3
4350,0.0,236,0.03406391263233303,0.3
4351,3.0,458,0.03404688067601686,0.3
4352,2.0,258,0.034029857235678855,0.3
4353,0.0,144,0.03401284230706102,0.3
4354,0.0,129,0.03399583588590749,0.3
4355,0.0,153,0.03397883796796454,0.3
4356,1.0,190,0.03396184854898056,0.3
4357,1.0,218,0.03394486762470607,0.3
4358,1.0,314,0.03392789519089372,0.3
4359,7.0,470,0.03391093124329827,0.3
4360,11.0,524,0.033893975777676624,0.3
4361,7.0,329,0.03387702878978779,0.3
4362,4.0,545,0.0338600902753929,0.3
4363,4.0,413,0.0338431602302552,0.3
4364,7.0,468,0.033826238650140075,0.3
4365,2.0,315,0.033809325530815004,0.3
4366,1.0,158,0.0337924208680496,0.3
4367,3.0,316,0.03377552465761558,0.3
4368,3.0,416,0.03375863689528678,0.3
4369,3.0,246,0.033741757576839136,0.3
4370,2.0,220,0.03372488669805072,0.3
4371,1.0,339,0.03370802425470169,0.3
4372,1.0,420,0.03369117024257434,0.3
4373,1.0,408,0.033674324657453056,0.3
4374,1.0,176,0.03365748749512433,0.3
4375,2.0,293,0.03364065875137677,0.3
4376,1.0,215,0.03362383842200108,0.3
4377,2.0,255,0.033607026502790086,0.3
4378,1.0,347,0.03359022298953869,0.3
4379,2.0,235,0.033573427878043925,0.3
4380,2.0,503,0.03355664116410491,0.3
4381,2.0,249,0.03353986284352286,0.3
4382,0.0,462,0.0335230929121011,0.3
4383,0.0,271,0.03350633136564505,0.3
4384,3.0,268,0.033489578199962226,0.3
4385,0.0,573,0.03347283341086225,0.3
4386,0.0,188,0.03345609699415682,0.3
4387,0.0,619,0.03343936894565974,0.3
4388,3.0,255,0.03342264926118691,0.3
4389,2.0,488,0.03340593793655632,0.3
4390,0.0,194,0.03338923496758805,0.3
4391,0.0,361,0.03337254035010426,0.3
4392,1.0,436,0.033355854079929206,0.3
4393,2.0,213,0.03333917615288924,0.3
4394,7.0,1365,0.033322506564812795,0.3
4395,3.0,500,0.03330584531153039,0.3
4396,2.0,302,0.03328919238887463,0.3
4397,1.0,335,0.03327254779268019,0.3
4398,3.0,379,0.033255911518783855,0.3
4399,0.0,297,0.03323928356302446,0.3
4400,0.0,724,0.03322266392124295,0.3
4401,0.0,298,0.03320605258928233,0.3
4402,2.0,1239,0.033189449562987694,0.3
4403,0.0,193,0.0331728548382062,0.3
4404,3.0,268,0.0331562684107871,0.3
4405,0.0,629,0.03313969027658171,0.3
4406,1.0,684,0.03312312043144342,0.3
4407,3.0,262,0.0331065588712277,0.3
4408,11.0,1038,0.03309000559179209,0.3
4409,7.0,556,0.0330734605889962,0.3
4410,3.0,630,0.0330569238587017,0.3
4411,4.0,373,0.03304039539677235,0.3
4412,3.0,393,0.03302387519907397,0.3
4413,3.0,556,0.03300736326147443,0.3
4414,1.0,174,0.0329908595798437,0.3
4415,3.0,289,0.03297436415005378,0.3
4416,2.0,307,0.03295787696797876,0.3
4417,1.0,229,0.03294139802949477,0.3
4418,11.0,421,0.032924927330480025,0.3
4419,11.0,488,0.032908464866814785,0.3
4420,4.0,357,0.03289201063438138,0.3
4421,3.0,288,0.03287556462906419,0.3
4422,3.0,262,0.03285912684674966,0.3
4423,1.0,161,0.03284269728332628,0.3
4424,5.0,382,0.03282627593468462,0.3
4425,3.0,386,0.032809862796717285,0.3
4426,3.0,638,0.032793457865318926,0.3
4427,2.0,466,0.03277706113638627,0.3
4428,0.0,175,0.032760672605818074,0.3
4429,0.0,137,0.03274429226951517,0.3
4430,0.0,157,0.03272792012338041,0.3
4431,2.0,248,0.03271155616331872,0.3
4432,2.0,479,0.032695200385237065,0.3
4433,0.0,499,0.03267885278504445,0.3
4434,2.0,428,0.032662513358651925,0.3
4435,1.0,294,0.0326461821019726,0.3
4436,7.0,467,0.032629859010921615,0.3
4437,0.0,333,0.03261354408141615,0.3
4438,7.0,590,0.03259723730937545,0.3
4439,1.0,352,0.03258093869072076,0.3
4440,2.0,354,0.032564648221375406,0.3
4441,2.0,190,0.03254836589726472,0.3
4442,11.0,596,0.032532091714316085,0.3
4443,2.0,773,0.032515825668458925,0.3
4444,1.0,886,0.032499567755624695,0.3
4445,1.0,344,0.03248331797174688,0.3
4446,0.0,310,0.03246707631276101,0.3
4447,0.0,186,0.03245084277460463,0.3
4448,0.0,251,0.03243461735321733,0.3
4449,0.0,235,0.032418400044540725,0.3
4450,2.0,287,0.03240219084451846,0.3
4451,1.0,412,0.0323859897490962,0.3
4452,3.0,232,0.03236979675422165,0.3
4453,0.0,236,0.03235361185584454,0.3
4454,0.0,225,0.03233743504991662,0.3
4455,0.0,141,0.032321266332391664,0.3
4456,2.0,240,0.03230510569922547,0.3
4457,0.0,148,0.03228895314637586,0.3
4458,0.0,242,0.03227280866980267,0.3
4459,0.0,136,0.03225667226546777,0.3
4460,0.0,533,0.03224054392933504,0.3
4461,0.0,547,0.032224423657370375,0.3
4462,0.0,323,0.03220831144554169,0.3
4463,2.0,802,0.03219220728981892,0.3
4464,0.0,569,0.032176111186174014,0.3
4465,0.0,139,0.03216002313058093,0.3
4466,0.0,131,0.03214394311901564,0.3
4467,7.0,794,0.03212787114745613,0.3
4468,3.0,540,0.03211180721188241,0.3
4469,3.0,404,0.032095751308276466,0.3
4470,2.0,266,0.03207970343262233,0.3
4471,1.0,399,0.03206366358090602,0.3
4472,1.0,311,0.03204763174911557,0.3
4473,0.0,472,0.03203160793324101,0.3
4474,0.0,144,0.03201559212927439,0.3
4475,0.0,222,0.031999584333209756,0.3
4476,0.0,351,0.03198358454104315,0.3
4477,1.0,285,0.03196759274877263,0.3
4478,0.0,656,0.03195160895239824,0.3
4479,0.0,151,0.03193563314792205,0.3
4480,0.0,125,0.03191966533134809,0.3
4481,1.0,213,0.03190370549868241,0.3
4482,1.0,574,0.031887753645933076,0.3
4483,2.0,241,0.03187180976911011,0.3
4484,3.0,487,0.03185587386422556,0.3
4485,0.0,374,0.031839945927293445,0.3
4486,2.0,588,0.0318240259543298,0.3
4487,1.0,317,0.03180811394135264,0.3
4488,0.0,191,0.031792209884381965,0.3
4489,0.0,950,0.03177631377943978,0.3
4490,0.0,293,0.03176042562255006,0.3
4491,0.0,172,0.03174454540973879,0.3
4492,2.0,574,0.031728673137033925,0.3
4493,3.0,415,0.03171280880046541,0.3
4494,0.0,400,0.03169695239606518,0.3
4495,0.0,333,0.03168110391986715,0.3
4496,0.0,451,0.03166526336790722,0.3
4497,0.0,125,0.03164943073622327,0.3
4498,0.0,135,0.03163360602085516,0.3
4499,0.0,158,0.031617789217844736,0.3
4500,0.0,181,0.031601980323235815,0.3
4501,2.0,201,0.0315861793330742,0.3
4502,2.0,219,0.03157038624340766,0.3
4503,2.0,512,0.03155460105028596,0.3
4504,0.0,337,0.031538823749760816,0.3
4505,4.0,520,0.031523054337885936,0.3
4506,2.0,413,0.03150729281071699,0.3
4507,2.0,298,0.03149153916431163,0.3
4508,2.0,334,0.03147579339472948,0.3
4509,3.0,230,0.031460055498032116,0.3
4510,2.0,202,0.0314443254702831,0.3
4511,1.0,279,0.03142860330754796,0.3
4512,2.0,313,0.03141288900589419,0.3
4513,0.0,778,0.03139718256139124,0.3
4514,2.0,869,0.03138148397011055,0.3
4515,4.0,560,0.031365793228125494,0.3
4516,0.0,542,0.03135011033151143,0.3
4517,0.0,195,0.031334435276345676,0.3
4518,0.0,143,0.03131876805870751,0.3
4519,0.0,271,0.03130310867467816,0.3
4520,4.0,325,0.03128745712034082,0.3
4521,0.0,251,0.03127181339178065,0.3
4522,1.0,496,0.03125617748508476,0.3
4523,2.0,423,0.03124054939634222,0.3
4524,1.0,728,0.03122492912164405,0.3
4525,4.0,1109,0.03120931665708323,0.3
4526,1.0,780,0.03119371199875469,0.3
4527,0.0,753,0.031178115142755314,0.3
4528,1.0,863,0.03116252608518394,0.3
4529,3.0,253,0.031146944822141347,0.3
4530,2.0,330,0.031131371349730277,0.3
4531,4.0,284,0.031115805664055415,0.3
4532,0.0,728,0.031100247761223387,0.3
4533,2.0,241,0.031084697637342777,0.3
4534,0.0,145,0.03106915528852411,0.3
4535,0.0,126,0.03105362071087985,0.3
4536,0.0,320,0.03103809390052441,0.3
4537,0.0,263,0.03102257485357415,0.3
4538,2.0,246,0.031007063566147363,0.3
4539,2.0,515,0.03099156003436429,0.3
4540,3.0,263,0.03097606425434711,0.3
4541,1.0,492,0.030960576222219937,0.3
4542,0.0,627,0.030945095934108827,0.3
4543,3.0,848,0.030929623386141775,0.3
4544,0.0,326,0.030914158574448704,0.3
4545,0.0,458,0.030898701495161482,0.3
4546,0.0,252,0.030883252144413904,0.3
4547,1.0,253,0.0308678105183417,0.3
4548,0.0,449,0.03085237661308253,0.3
4549,0.0,268,0.03083695042477599,0.3
4550,3.0,410,0.030821531949563604,0.3
4551,1.0,239,0.030806121183588824,0.3
4552,0.0,193,0.03079071812299703,0.3
4553,3.0,372,0.030775322763935534,0.3
4554,1.0,182,0.03075993510255357,0.3
4555,3.0,681,0.030744555135002294,0.3
4556,1.0,336,0.030729182857434794,0.3
4557,3.0,279,0.03071381826600608,0.3
4558,0.0,168,0.030698461356873076,0.3
4559,3.0,803,0.03068311212619464,0.3
4560,0.0,741,0.030667770570131543,0.3
4561,0.0,249,0.03065243668484648,0.3
4562,2.0,958,0.03063711046650406,0.3
4563,1.0,446,0.030621791911270808,0.3
4564,4.0,641,0.030606481015315174,0.3
4565,2.0,804,0.030591177774807517,0.3
4566,1.0,192,0.030575882185920115,0.3
4567,3.0,616,0.030560594244827155,0.3
4568,2.0,382,0.030545313947704742,0.3
4569,4.0,590,0.03053004129073089,0.3
4570,2.0,597,0.030514776270085527,0.3
4571,11.0,1047,0.030499518881950485,0.3
4572,7.0,364,0.03048426912250951,0.3
4573,3.0,462,0.030469026987948258,0.3
4574,4.0,473,0.030453792474454285,0.3
4575,3.0,611,0.03043856557821706,0.3
4576,0.0,646,0.03042334629542795,0.3
4577,2.0,226,0.030408134622280238,0.3
4578,1.0,176,0.0303929305549691,0.3
4579,1.0,202,0.03037773408969162,0.3
4580,0.0,123,0.030362545222646774,0.3
4581,1.0,215,0.030347363950035452,0.3
4582,4.0,818,0.030332190268060437,0.3
4583,3.0,661,0.030317024172926407,0.3
4584,0.0,122,0.030301865660839946,0.3
4585,2.0,316,0.030286714728009527,0.3
4586,3.0,1293,0.030271571370645525,0.3
4587,2.0,634,0.030256435584960203,0.3
4588,2.0,238,0.030241307367167725,0.3
4589,7.0,882,0.030226186713484142,0.3
4590,0.0,303,0.030211073620127402,0.3
4591,3.0,580,0.03019596808331734,0.3
4592,2.0,411,0.030180870099275683,0.3
4593,0.0,394,0.030165779664226046,0.3
4594,3.0,850,0.030150696774393936,0.3
4595,2.0,988,0.03013562142600674,0.3
4596,0.0,875,0.03012055361529374,0.3
4597,2.0,265,0.030105493338486097,0.3
4598,3.0,240,0.030090440591816855,0.3
4599,2.0,633,0.030075395371520947,0.3
4600,2.0,244,0.03006035767383519,0.3
4601,0.0,128,0.03004532749499827,0.3
4602,0.0,454,0.030030304831250774,0.3
4603,1.0,156,0.03001528967883515,0.3
4604,0.0,184,0.030000282033995733,0.3
4605,0.0,570,0.029985281892978735,0.3
4606,0.0,504,0.029970289252032246,0.3
4607,0.0,331,0.029955304107406232,0.3
4608,2.0,375,0.02994032645535253,0.3
4609,2.0,312,0.029925356292124856,0.3
4610,3.0,384,0.029910393613978795,0.3
4611,2.0,615,0.029895438417171807,0.3
4612,11.0,874,0.029880490697963225,0.3
4613,3.0,401,0.029865550452614246,0.3
4614,3.0,277,0.02985061767738794,0.3
4615,0.0,140,0.029835692368549247,0.3
4616,0.0,125,0.029820774522364975,0.3
4617,3.0,336,0.029805864135103794,0.3
4618,3.0,236,0.029790961203036245,0.3
4619,1.0,153,0.029776065722434727,0.3
4620,4.0,460,0.029761177689573513,0.3
4621,5.0,501,0.02974629710072873,0.3
4622,11.0,1053,0.029731423952178367,0.3
4623,3.0,725,0.02971655824020228,0.3
4624,3.0,351,0.02970169996108218,0.3
4625,7.0,414,0.02968684911110164,0.3
4626,2.0,450,0.029672005686546092,0.3
4627,1.0,179,0.02965716968370282,0.3
4628,5.0,424,0.02964234109886097,0.3
4629,2.0,342,0.02962751992831154,0.3
4630,11.0,647,0.029612706168347387,0.3
4631,3.0,587,0.029597899815263215,0.3
4632,8.0,918,0.029583100865355583,0.3
4633,1.0,273,0.029568309314922908,0.3
4634,3.0,753,0.029553525160265447,0.3
4635,7.0,511,0.029538748397685315,0.3
4636,2.0,413,0.029523979023486475,0.3
4637,2.0,1156,0.029509217033974734,0.3
4638,7.0,1227,0.029494462425457748,0.3
4639,7.0,377,0.02947971519424502,0.3
4640,6.0,423,0.029464975336647898,0.3
4641,3.0,387,0.029450242848979576,0.3
4642,5.0,709,0.029435517727555087,0.3
4643,7.0,973,0.029420799968691312,0.3
4644,3.0,250,0.029406089568706967,0.3
4645,2.0,222,0.029391386523922616,0.3
4646,0.0,168,0.029376690830660655,0.3
4647,2.0,201,0.029362002485245328,0.3
4648,0.0,436,0.02934732148400271,0.3
4649,3.0,761,0.02933264782326071,0.3
4650,11.0,781,0.02931798149934908,0.3
4651,7.0,680,0.029303322508599405,0.3
4652,7.0,402,0.029288670847345107,0.3
4653,3.0,528,0.029274026511921434,0.3
4654,1.0,425,0.029259389498665474,0.3
4655,2.0,390,0.029244759803916144,0.3
4656,0.0,407,0.029230137424014188,0.3
4657,0.0,134,0.029215522355302184,0.3
4658,0.0,144,0.029200914594124536,0.3
4659,2.0,476,0.029186314136827474,0.3
4660,3.0,227,0.029171720979759064,0.3
4661,2.0,202,0.029157135119269185,0.3
4662,2.0,506,0.029142556551709553,0.3
4663,1.0,369,0.0291279852734337,0.3
4664,2.0,510,0.029113421280796987,0.3
4665,0.0,172,0.02909886457015659,0.3
4666,0.0,134,0.029084315137871512,0.3
4667,2.0,211,0.02906977298030258,0.3
4668,1.0,185,0.02905523809381243,0.3
4669,0.0,175,0.029040710474765526,0.3
4670,0.0,284,0.029026190119528145,0.3
4671,0.0,153,0.029011677024468382,0.3
4672,0.0,572,0.02899717118595615,0.3
4673,1.0,574,0.028982672600363173,0.3
4674,2.0,498,0.028968181264062993,0.3
4675,0.0,340,0.028953697173430964,0.3
4676,1.0,277,0.02893922032484425,0.3
4677,2.0,430,0.02892475071468183,0.3
4678,2.0,861,0.02891028833932449,0.3
4679,3.0,514,0.02889583319515483,0.3
4680,2.0,676,0.028881385278557253,0.3
4681,0.0,175,0.028866944585917976,0.3
4682,0.0,130,0.02885251111362502,0.3
4683,0.0,468,0.02883808485806821,0.3
4684,0.0,298,0.028823665815639176,0.3
4685,2.0,506,0.028809253982731358,0.3
4686,0.0,190,0.028794849355739994,0.3
4687,2.0,298,0.028780451931062125,0.3
4688,1.0,281,0.028766061705096595,0.3
4689,0.0,189,0.02875167867424405,0.3
4690,0.0,278,0.028737302834906928,0.3
4691,1.0,256,0.028722934183489476,0.3
4692,0.0,397,0.02870857271639773,0.3
4693,0.0,132,0.028694218430039532,0.3
4694,0.0,346,0.028679871320824515,0.3
4695,5.0,398,0.028665531385164103,0.3
4696,2.0,207,0.028651198619471522,0.3
4697,1.0,203,0.02863687302016179,0.3
4698,5.0,932,0.02862255458365171,0.3
4699,9.0,362,0.028608243306359884,0.3
4700,7.0,509,0.028593939184706707,0.3
4701,2.0,434,0.028579642215114356,0.3
4702,2.0,435,0.0285653523940068,0.3
4703,2.0,446,0.0285510697178098,0.3
4704,0.0,150,0.028536794182950895,0.3
4705,0.0,237,0.02852252578585942,0.3
4706,0.0,134,0.02850826452296649,0.3
4707,2.0,205,0.02849401039070501,0.3
4708,1.0,160,0.02847976338550966,0.3
4709,1.0,330,0.028465523503816908,0.3
4710,0.0,554,0.028451290742065,0.3
4711,3.0,372,0.02843706509669397,0.3
4712,1.0,261,0.028422846564145624,0.3
4713,3.0,790,0.02840863514086355,0.3
4714,1.0,372,0.028394430823293123,0.3
4715,3.0,338,0.02838023360788148,0.3
4716,3.0,695,0.02836604349107754,0.3
4717,3.0,243,0.028351860469332003,0.3
4718,2.0,337,0.028337684539097338,0.3
4719,3.0,400,0.02832351569682779,0.3
4720,2.0,256,0.02830935393897938,0.3
4721,1.0,484,0.02829519926200989,0.3
4722,7.0,620,0.028281051662378886,0.3
4723,1.0,606,0.0282669111365477,0.3
4724,1.0,486,0.028252777680979425,0.3
4725,1.0,277,0.028238651292138938,0.3
4726,0.0,328,0.02822453196649287,0.3
4727,0.0,247,0.028210419700509623,0.3
4728,1.0,342,0.02819631449065937,0.3
4729,0.0,1933,0.028182216333414042,0.3
4730,7.0,1212,0.028168125225247337,0.3
4731,2.0,364,0.028154041162634716,0.3
4732,7.0,702,0.0281399641420534,0.3
4733,2.0,653,0.028125894159982377,0.3
4734,7.0,549,0.028111831212902387,0.3
4735,1.0,474,0.028097775297295936,0.3
4736,3.0,357,0.02808372640964729,0.3
4737,2.0,380,0.02806968454644247,0.3
4738,4.0,315,0.02805564970416925,0.3
4739,1.0,257,0.028041621879317167,0.3
4740,0.0,214,0.02802760106837751,0.3
4741,1.0,365,0.028013587267843323,0.3
4742,1.0,231,0.027999580474209404,0.3
4743,4.0,439,0.027985580683972302,0.3
4744,2.0,192,0.027971587893630318,0.3
4745,3.0,1014,0.027957602099683506,0.3
4746,1.0,277,0.027943623298633667,0.3
4747,0.0,442,0.027929651486984352,0.3
4748,0.0,202,0.027915686661240863,0.3
4749,2.0,391,0.027901728817910244,0.3
4750,2.0,627,0.02788777795350129,0.3
4751,1.0,183,0.027873834064524542,0.3
4752,4.0,434,0.02785989714749228,0.3
4753,0.0,145,0.027845967198918537,0.3
4754,0.0,279,0.02783204421531908,0.3
4755,1.0,224,0.02781812819321142,0.3
4756,0.0,158,0.027804219129114818,0.3
4757,0.0,230,0.027790317019550263,0.3
4758,1.0,498,0.027776421861040488,0.3
4759,0.0,412,0.02776253365010997,0.3
4760,0.0,337,0.027748652383284916,0.3
4761,3.0,286,0.027734778057093276,0.3
4762,2.0,578,0.02772091066806473,0.3
4763,3.0,263,0.027707050212730698,0.3
4764,3.0,233,0.027693196687624336,0.3
4765,0.0,124,0.027679350089280526,0.3
4766,0.0,458,0.027665510414235886,0.3
4767,3.0,273,0.02765167765902877,0.3
4768,0.0,198,0.027637851820199257,0.3
4769,0.0,139,0.02762403289428916,0.3
4770,0.0,145,0.027610220877842016,0.3
4771,0.0,201,0.027596415767403095,0.3
4772,0.0,236,0.027582617559519396,0.3
4773,1.0,546,0.02756882625073964,0.3
4774,3.0,782,0.027555041837614272,0.3
4775,2.0,518,0.027541264316695468,0.3
4776,1.0,242,0.02752749368453712,0.3
4777,0.0,125,0.027513729937694853,0.3
4778,0.0,418,0.027499973072726006,0.3
4779,0.0,144,0.027486223086189646,0.3
4780,0.0,128,0.027472479974646552,0.3
4781,0.0,124,0.02745874373465923,0.3
4782,0.0,535,0.0274450143627919,0.3
4783,3.0,568,0.027431291855610506,0.3
4784,2.0,1010,0.0274175762096827,0.3
4785,1.0,159,0.02740386742157786,0.3
4786,1.0,323,0.027390165487867074,0.3
4787,2.0,303,0.027376470405123143,0.3
4788,0.0,470,0.027362782169920583,0.3
4789,2.0,264,0.027349100778835626,0.3
4790,2.0,368,0.02733542622844621,0.3
4791,0.0,128,0.027321758515331987,0.3
4792,1.0,211,0.02730809763607432,0.3
4793,0.0,641,0.027294443587256287,0.3
4794,3.0,555,0.02728079636546266,0.3
4795,1.0,498,0.02726715596727993,0.3
4796,0.0,138,0.027253522389296292,0.3
4797,0.0,122,0.027239895628101644,0.3
4798,0.0,359,0.027226275680287595,0.3
4799,2.0,534,0.027212662542447454,0.3
4800,3.0,424,0.027199056211176232,0.3
4801,3.0,562,0.027185456683070645,0.3
4802,1.0,589,0.027171863954729113,0.3
4803,0.0,195,0.02715827802275175,0.3
4804,1.0,497,0.027144698883740374,0.3
4805,0.0,516,0.027131126534298507,0.3
4806,2.0,447,0.02711756097103136,0.3
4807,2.0,328,0.027104002190545845,0.3
4808,0.0,124,0.027090450189450575,0.3
4809,2.0,360,0.02707690496435585,0.3
4810,2.0,475,0.027063366511873674,0.3
4811,3.0,328,0.02704983482861774,0.3
4812,0.0,151,0.02703630991120343,0.3
4813,0.0,820,0.02702279175624783,0.3
4814,1.0,270,0.027009280360369706,0.3
4815,1.0,210,0.026995775720189522,0.3
4816,3.0,708,0.02698227783232943,0.3
4817,11.0,1392,0.026968786693413266,0.3
4818,9.0,431,0.026955302300066562,0.3
4819,5.0,394,0.02694182464891653,0.3
4820,2.0,283,0.026928353736592074,0.3
4821,3.0,1174,0.02691488955972378,0.3
4822,3.0,1121,0.02690143211494392,0.3
4823,1.0,163,0.026887981398886446,0.3
4824,1.0,813,0.026874537408187005,0.3
4825,0.0,165,0.026861100139482914,0.3
4826,11.0,1250,0.026847669589413172,0.3
4827,7.0,331,0.026834245754618468,0.3
4828,7.0,437,0.02682082863174116,0.3
4829,0.0,316,0.026807418217425293,0.3
4830,0.0,320,0.02679401450831658,0.3
4831,0.0,734,0.026780617501062424,0.3
4832,3.0,506,0.026767227192311893,0.3
4833,0.0,139,0.026753843578715738,0.3
4834,0.0,475,0.026740466656926382,0.3
4835,1.0,183,0.02672709642359792,0.3
4836,3.0,656,0.02671373287538612,0.3
4837,3.0,434,0.02670037600894843,0.3
4838,1.0,971,0.02668702582094396,0.3
4839,1.0,290,0.026673682308033488,0.3
4840,2.0,654,0.026660345466879475,0.3
4841,0.0,248,0.026647015294146037,0.3
4842,0.0,226,0.026633691786498964,0.3
4843,4.0,1021,0.026620374940605717,0.3
4844,1.0,415,0.026607064753135415,0.3
4845,2.0,488,0.02659376122075885,0.3
4846,0.0,545,0.02658046434014847,0.3
4847,3.0,265,0.026567174107978396,0.3
4848,0.0,456,0.026553890520924408,0.3
4849,0.0,126,0.026540613575663948,0.3
4850,1.0,911,0.026527343268876118,0.3
4851,2.0,333,0.026514079597241683,0.3
4852,5.0,333,0.026500822557443064,0.3
4853,4.0,363,0.026487572146164345,0.3
4854,0.0,327,0.026474328360091264,0.3
4855,1.0,871,0.02646109119591122,0.3
4856,0.0,701,0.026447860650313265,0.3
4857,0.0,388,0.02643463671998811,0.3
4858,2.0,575,0.026421419401628114,0.3
4859,0.0,213,0.026408208691927303,0.3
4860,0.0,142,0.02639500458758134,0.3
4861,0.0,207,0.02638180708528755,0.3
4862,0.0,216,0.02636861618174491,0.3
4863,3.0,941,0.026355431873654037,0.3
4864,4.0,1302,0.02634225415771721,0.3
4865,7.0,288,0.026329083030638353,0.3
4866,2.0,213,0.026315918489123034,0.3
4867,3.0,222,0.026302760529878476,0.3
4868,3.0,315,0.02628960914961354,0.3
4869,1.0,273,0.026276464345038733,0.3
4870,1.0,253,0.026263326112866216,0.3
4871,3.0,364,0.026250194449809784,0.3
4872,5.0,361,0.02623706935258488,0.3
4873,0.0,1043,0.026223950817908587,0.3
4874,1.0,539,0.026210838842499636,0.3
4875,1.0,608,0.02619773342307839,0.3
4876,0.0,1398,0.02618463455636685,0.3
4877,0.0,277,0.026171542239088668,0.3
4878,1.0,1078,0.026158456467969125,0.3
4879,1.0,488,0.026145377239735142,0.3
4880,1.0,202,0.026132304551115277,0.3
4881,7.0,641,0.02611923839883972,0.3
4882,1.0,168,0.026106178779640304,0.3
4883,0.0,298,0.026093125690250487,0.3
4884,0.0,793,0.026080079127405363,0.3
4885,0.0,241,0.02606703908784166,0.3
4886,0.0,185,0.02605400556829774,0.3
4887,0.0,393,0.026040978565513594,0.3
4888,1.0,352,0.026027958076230838,0.3
4889,0.0,131,0.026014944097192724,0.3
4890,0.0,140,0.02600193662514413,0.3
4891,2.0,335,0.02598893565683156,0.3
4892,3.0,595,0.025975941189003145,0.3
4893,2.0,458,0.025962953218408646,0.3
4894,0.0,225,0.025949971741799444,0.3
4895,1.0,510,0.025936996755928546,0.3
4896,2.0,370,0.025924028257550583,0.3
4897,0.0,323,0.02591106624342181,0.3
4898,3.0,648,0.025898110710300102,0.3
4899,0.0,133,0.025885161654944953,0.3
4900,0.0,343,0.02587221907411748,0.3
4901,2.0,516,0.025859282964580423,0.3
4902,2.0,516,0.025846353323098134,0.3
4903,2.0,373,0.025833430146436586,0.3
4904,0.0,148,0.02582051343136337,0.3
4905,0.0,405,0.025807603174647687,0.3
4906,1.0,499,0.025794699373060365,0.3
4907,0.0,198,0.025781802023373837,0.3
4908,3.0,584,0.02576891112236215,0.3
4909,0.0,457,0.02575602666680097,0.3
4910,0.0,1014,0.025743148653467572,0.3
4911,0.0,171,0.02573027707914084,0.3
4912,0.0,869,0.02571741194060127,0.3
4913,1.0,179,0.02570455323463097,0.3
4914,2.0,197,0.025691700958013656,0.3
4915,2.0,270,0.025678855107534652,0.3
4916,0.0,179,0.025666015679980884,0.3
4917,2.0,301,0.025653182672140895,0.3
4918,3.0,644,0.025640356080804828,0.3
4919,0.0,145,0.025627535902764426,0.3
4920,7.0,887,0.025614722134813046,0.3
4921,7.0,372,0.02560191477374564,0.3
4922,2.0,334,0.02558911381635877,0.3
4923,2.0,457,0.02557631925945059,0.3
4924,1.0,568,0.025563531099820867,0.3
4925,1.0,177,0.02555074933427096,0.3
4926,0.0,147,0.025537973959603825,0.3
4927,0.0,218,0.025525204972624026,0.3
4928,0.0,394,0.025512442370137715,0.3
4929,2.0,241,0.02549968614895265,0.3
4930,3.0,291,0.025486936305878175,0.3
4931,3.0,258,0.025474192837725236,0.3
4932,2.0,343,0.025461455741306375,0.3
4933,3.0,684,0.025448725013435723,0.3
4934,3.0,756,0.025436000650929005,0.3
4935,7.0,491,0.02542328265060354,0.3
4936,1.0,754,0.02541057100927824,0.3
4937,0.0,384,0.025397865723773602,0.3
4938,0.0,400,0.025385166790911715,0.3
4939,1.0,175,0.02537247420751626,0.3
4940,7.0,586,0.025359787970412502,0.3
4941,3.0,411,0.0253471080764273,0.3
4942,7.0,625,0.025334434522389086,0.3
4943,7.0,370,0.025321767305127894,0.3
4944,1.0,205,0.02530910642147533,0.3
4945,3.0,298,0.025296451868264597,0.3
4946,1.0,371,0.025283803642330467,0.3
4947,5.0,338,0.025271161740509304,0.3
4948,1.0,155,0.025258526159639052,0.3
4949,0.0,133,0.025245896896559233,0.3
4950,0.0,475,0.025233273948110955,0.3
4951,0.0,130,0.0252206573111369,0.3
4952,0.0,153,0.025208046982481334,0.3
4953,1.0,284,0.025195442958990094,0.3
4954,7.0,346,0.0251828452375106,0.3
4955,3.0,647,0.025170253814891845,0.3
4956,3.0,910,0.0251576686879844,0.3
4957,1.0,331,0.025145089853640407,0.3
4958,0.0,428,0.02513251730871359,0.3
4959,2.0,604,0.025119951050059233,0.3
4960,0.0,153,0.025107391074534205,0.3
4961,2.0,190,0.02509483737899694,0.3
4962,3.0,353,0.025082289960307442,0.3
4963,7.0,348,0.02506974881532729,0.3
4964,11.0,798,0.02505721394091963,0.3
4965,3.0,329,0.02504468533394917,0.3
4966,5.0,317,0.0250321629912822,0.3
4967,9.0,514,0.025019646909786558,0.3
4968,2.0,236,0.025007137086331666,0.3
4969,3.0,226,0.024994633517788502,0.3
4970,2.0,270,0.024982136201029608,0.3
4971,4.0,350,0.024969645132929093,0.3
4972,2.0,216,0.02495716031036263,0.3
4973,3.0,500,0.02494468173020745,0.3
4974,7.0,1362,0.024932209389342347,0.3
4975,7.0,363,0.024919743284647678,0.3
4976,1.0,234,0.024907283413005354,0.3
4977,1.0,272,0.02489482977129885,0.3
4978,2.0,221,0.024882382356413203,0.3
4979,7.0,524,0.024869941165235,0.3
4980,7.0,595,0.024857506194652382,0.3
4981,11.0,452,0.024845077441555057,0.3
4982,3.0,894,0.02483265490283428,0.3
4983,0.0,202,0.024820238575382864,0.3
4984,7.0,765,0.024807828456095173,0.3
4985,7.0,378,0.024795424541867127,0.3
4986,3.0,532,0.024783026829596197,0.3
4987,5.0,887,0.0247706353161814,0.3
4988,1.0,712,0.02475824999852331,0.3
4989,3.0,415,0.024745870873524048,0.3
4990,4.0,581,0.02473349793808729,0.3
4991,13.0,680,0.024721131189118246,0.3
4992,1.0,273,0.02470877062352369,0.3
4993,3.0,1267,0.024696416238211928,0.3
4994,7.0,644,0.024684068030092824,0.3
4995,3.0,653,0.024671725996077778,0.3
4996,4.0,506,0.02465939013307974,0.3
4997,2.0,526,0.024647060438013204,0.3
4998,2.0,284,0.0246347369077942,0.3
4999,0.0,247,0.0246224195393403,0.3
5000,0.0,271,0.024610108329570633,0.3
5001,3.0,302,0.02459780327540585,0.3
5002,1.0,241,0.024585504373768146,0.3
5003,3.0,390,0.024573211621581263,0.3
5004,11.0,1313,0.024560925015770473,0.3
5005,2.0,432,0.02454864455326259,0.3
5006,8.0,849,0.02453637023098596,0.3
5007,7.0,532,0.02452410204587047,0.3
5008,2.0,245,0.024511839994847535,0.3
5009,5.0,804,0.024499584074850114,0.3
5010,3.0,823,0.02448733428281269,0.3
5011,2.0,639,0.024475090615671283,0.3
5012,3.0,430,0.024462853070363447,0.3
5013,1.0,394,0.024450621643828267,0.3
5014,4.0,386,0.024438396333006353,0.3
5015,2.0,200,0.02442617713483985,0.3
5016,2.0,389,0.024413964046272434,0.3
5017,0.0,324,0.0244017570642493,0.3
5018,7.0,390,0.024389556185717177,0.3
5019,6.0,537,0.02437736140762432,0.3
5020,11.0,472,0.024365172726920507,0.3
5021,3.0,330,0.02435299014055705,0.3
5022,8.0,639,0.024340813645486774,0.3
5023,2.0,388,0.024328643238664033,0.3
5024,0.0,123,0.024316478917044703,0.3
5025,7.0,612,0.024304320677586182,0.3
5026,4.0,770,0.02429216851724739,0.3
5027,3.0,394,0.024280022432988768,0.3
5028,1.0,440,0.024267882421772274,0.3
5029,11.0,802,0.02425574848056139,0.3
5030,3.0,278,0.024243620606321112,0.3
5031,11.0,1078,0.024231498796017954,0.3
5032,4.0,854,0.024219383046619945,0.3
5033,7.0,544,0.024207273355096637,0.3
5034,3.0,466,0.02419516971841909,0.3
5035,7.0,2011,0.024183072133559882,0.3
5036,3.0,218,0.024170980597493102,0.3
5037,3.0,712,0.024158895107194357,0.3
5038,3.0,215,0.02414681565964076,0.3
5039,3.0,294,0.02413474225181094,0.3
5040,1.0,246,0.024122674880685036,0.3
5041,3.0,1051,0.024110613543244695,0.3
5042,1.0,248,0.024098558236473073,0.3
5043,7.0,455,0.024086508957354837,0.3
5044,7.0,670,0.02407446570287616,0.3
5045,0.0,780,0.024062428470024724,0.3
5046,1.0,770,0.024050397255789713,0.3
5047,0.0,388,0.02403837205716182,0.3
5048,5.0,464,0.02402635287113324,0.3
5049,1.0,274,0.024014339694697674,0.3
5050,4.0,291,0.024002332524850328,0.3
5051,1.0,570,0.023990331358587903,0.3
5052,2.0,287,0.02397833619290861,0.3
5053,0.0,261,0.023966347024812155,0.3
5054,0.0,272,0.02395436385129975,0.3
5055,0.0,124,0.0239423866693741,0.3
5056,0.0,135,0.023930415476039416,0.3
5057,1.0,170,0.0239184502683014,0.3
5058,9.0,608,0.02390649104316725,0.3
5059,3.0,799,0.02389453779764567,0.3
5060,2.0,185,0.023882590528746847,0.3
5061,0.0,133,0.023870649233482474,0.3
5062,0.0,573,0.023858713908865733,0.3
5063,1.0,244,0.0238467845519113,0.3
5064,1.0,288,0.023834861159635345,0.3
5065,3.0,271,0.02382294372905553,0.3
5066,7.0,510,0.023811032257191004,0.3
5067,3.0,447,0.02379912674106241,0.3
5068,2.0,486,0.02378722717769188,0.3
5069,2.0,614,0.023775333564103034,0.3
5070,2.0,311,0.023763445897320983,0.3
5071,0.0,173,0.023751564174372325,0.3
5072,1.0,357,0.02373968839228514,0.3
5073,0.0,408,0.023727818548089,0.3
5074,0.0,175,0.023715954638814957,0.3
5075,0.0,135,0.02370409666149555,0.3
5076,0.0,131,0.023692244613164805,0.3
5077,1.0,157,0.023680398490858224,0.3
5078,0.0,125,0.023668558291612796,0.3
5079,5.0,320,0.02365672401246699,0.3
5080,0.0,140,0.023644895650460757,0.3
5081,0.0,201,0.023633073202635527,0.3
5082,1.0,310,0.02362125666603421,0.3
5083,0.0,375,0.023609446037701196,0.3
5084,2.0,369,0.023597641314682345,0.3
5085,7.0,417,0.023585842494025004,0.3
5086,2.0,565,0.02357404957277799,0.3
5087,3.0,484,0.023562262547991604,0.3
5088,11.0,742,0.02355048141671761,0.3
5089,11.0,751,0.023538706176009252,0.3
5090,7.0,482,0.023526936822921247,0.3
5091,3.0,301,0.023515173354509786,0.3
5092,3.0,217,0.023503415767832533,0.3
5093,3.0,1192,0.023491664059948618,0.3
5094,7.0,1038,0.023479918227918645,0.3
5095,3.0,217,0.023468178268804686,0.3
5096,3.0,1245,0.023456444179670285,0.3
5097,11.0,524,0.02344471595758045,0.3
5098,2.0,235,0.023432993599601663,0.3
5099,11.0,605,0.02342127710280186,0.3
5100,3.0,315,0.02340956646425046,0.3
5101,2.0,758,0.023397861681018338,0.3
5102,1.0,157,0.02338616275017783,0.3
5103,1.0,156,0.023374469668802744,0.3
5104,11.0,1035,0.023362782433968343,0.3
5105,13.0,855,0.02335110104275136,0.3
5106,3.0,734,0.023339425492229986,0.3
5107,1.0,453,0.023327755779483872,0.3
5108,2.0,234,0.02331609190159413,0.3
5109,0.0,135,0.023304433855643333,0.3
5110,7.0,746,0.023292781638715513,0.3
5111,2.0,1452,0.023281135247896156,0.3
5112,0.0,401,0.02326949468027221,0.3
5113,3.0,274,0.023257859932932074,0.3
5114,0.0,983,0.02324623100296561,0.3
5115,0.0,493,0.023234607887464127,0.3
5116,3.0,701,0.023222990583520398,0.3
5117,1.0,578,0.023211379088228637,0.3
5118,0.0,264,0.023199773398684523,0.3
5119,0.0,130,0.023188173511985183,0.3
5120,0.0,154,0.02317657942522919,0.3
5121,2.0,327,0.023164991135516576,0.3
5122,2.0,498,0.02315340863994882,0.3
5123,2.0,343,0.023141831935628847,0.3
5124,2.0,249,0.023130261019661032,0.3
5125,2.0,550,0.023118695889151202,0.3
5126,2.0,351,0.02310713654120663,0.3
5127,3.0,291,0.023095582972936027,0.3
5128,2.0,1015,0.02308403518144956,0.3
5129,2.0,1002,0.023072493163858836,0.3
5130,1.0,159,0.023060956917276908,0.3
5131,0.0,132,0.02304942643881827,0.3
5132,3.0,252,0.023037901725598862,0.3
5133,0.0,123,0.023026382774736065,0.3
5134,0.0,168,0.0230148695833487,0.3
5135,0.0,156,0.023003362148557027,0.3
5136,6.0,1303,0.02299186046748275,0.3
5137,3.0,1106,0.02298036453724901,0.3
5138,2.0,930,0.022968874354980386,0.3
5139,2.0,354,0.022957389917802898,0.3
5140,0.0,361,0.022945911222843996,0.3
5141,2.0,625,0.022934438267232574,0.3
5142,3.0,310,0.02292297104809896,0.3
5143,2.0,236,0.02291150956257491,0.3
5144,0.0,523,0.022900053807793624,0.3
5145,1.0,220,0.02288860378088973,0.3
5146,2.0,330,0.022877159478999286,0.3
5147,2.0,775,0.022865720899259787,0.3
5148,1.0,260,0.02285428803881016,0.3
5149,0.0,128,0.022842860894790755,0.3
5150,0.0,251,0.02283143946434336,0.3
5151,0.0,340,0.02282002374461119,0.3
5152,1.0,295,0.022808613732738885,0.3
5153,0.0,204,0.022797209425872517,0.3
5154,0.0,172,0.02278581082115958,0.3
5155,0.0,123,0.022774417915749003,0.3
5156,1.0,325,0.02276303070679113,0.3
5157,2.0,328,0.022751649191437736,0.3
5158,3.0,1112,0.022740273366842017,0.3
5159,2.0,313,0.0227289032301586,0.3
5160,2.0,827,0.02271753877854352,0.3
5161,11.0,969,0.02270618000915425,0.3
5162,2.0,1005,0.022694826919149674,0.3
5163,3.0,684,0.0226834795056901,0.3
5164,0.0,173,0.022672137765937257,0.3
5165,3.0,731,0.02266080169705429,0.3
5166,2.0,301,0.022649471296205766,0.3
5167,7.0,788,0.022638146560557664,0.3
5168,7.0,1324,0.022626827487277387,0.3
5169,1.0,338,0.02261551407353375,0.3
5170,4.0,416,0.022604206316496983,0.3
5171,4.0,1526,0.022592904213338736,0.3
5172,1.0,897,0.022581607761232067,0.3
5173,3.0,1070,0.02257031695735145,0.3
5174,0.0,1326,0.022559031798872777,0.3
5175,1.0,353,0.022547752282973343,0.3
5176,0.0,277,0.02253647840683186,0.3
5177,0.0,156,0.022525210167628443,0.3
5178,2.0,608,0.02251394756254463,0.3
5179,7.0,505,0.022502690588763356,0.3
5180,3.0,772,0.022491439243468976,0.3
5181,2.0,201,0.022480193523847242,0.3
5182,7.0,393,0.02246895342708532,0.3
5183,11.0,303,0.022457718950371776,0.3
5184,7.0,433,0.022446490090896592,0.3
5185,2.0,232,0.022435266845851145,0.3
5186,1.0,158,0.022424049212428222,0.3
5187,2.0,245,0.02241283718782201,0.3
5188,5.0,302,0.0224016307692281,0.3
5189,0.0,251,0.022390429953843487,0.3
5190,11.0,1076,0.022379234738866566,0.3
5191,3.0,596,0.022368045121497135,0.3
5192,0.0,329,0.02235686109893639,0.3
5193,1.0,181,0.02234568266838692,0.3
5194,2.0,1330,0.022334509827052727,0.3
5195,1.0,1216,0.022323342572139204,0.3
5196,3.0,471,0.022312180900853136,0.3
5197,7.0,665,0.02230102481040271,0.3
5198,3.0,648,0.02228987429799751,0.3
5199,0.0,856,0.02227872936084851,0.3
5200,0.0,194,0.02226758999616809,0.3
5201,2.0,354,0.02225645620117001,0.3
5202,11.0,1757,0.022245327973069426,0.3
5203,7.0,284,0.02223420530908289,0.3
5204,7.0,367,0.022223088206428352,0.3
5205,3.0,230,0.02221197666232514,0.3
5206,2.0,189,0.02220087067399398,0.3
5207,2.0,609,0.022189770238656984,0.3
5208,1.0,423,0.022178675353537656,0.3
5209,0.0,386,0.02216758601586089,0.3
5210,0.0,163,0.02215650222285296,0.3
5211,1.0,1333,0.022145423971741535,0.3
5212,2.0,235,0.022134351259755665,0.3
5213,3.0,652,0.02212328408412579,0.3
5214,7.0,716,0.022112222442083728,0.3
5215,3.0,234,0.022101166330862686,0.3
5216,2.0,259,0.022090115747697255,0.3
5217,2.0,476,0.02207907068982341,0.3
5218,2.0,424,0.022068031154478498,0.3
5219,1.0,511,0.02205699713890126,0.3
5220,3.0,332,0.02204596864033181,0.3
5221,7.0,2151,0.022034945656011648,0.3
5222,2.0,907,0.022023928183183644,0.3
5223,2.0,297,0.022012916219092054,0.3
5224,1.0,179,0.02200190976098251,0.3
5225,1.0,163,0.02199090880610202,0.3
5226,7.0,1274,0.02197991335169897,0.3
5227,7.0,546,0.02196892339502312,0.3
5228,1.0,644,0.02195793893332561,0.3
5229,6.0,987,0.02194695996385895,0.3
5230,2.0,1258,0.021935986483877023,0.3
5231,2.0,373,0.021925018490635086,0.3
5232,3.0,711,0.02191405598138977,0.3
5233,0.0,328,0.021903098953399078,0.3
5234,2.0,799,0.02189214740392238,0.3
5235,3.0,1355,0.02188120133022042,0.3
5236,2.0,1012,0.02187026072955531,0.3
5237,2.0,906,0.021859325599190533,0.3
5238,2.0,350,0.02184839593639094,0.3
5239,0.0,860,0.021837471738422747,0.3
5240,0.0,546,0.021826553002553536,0.3
5241,0.0,280,0.02181563972605226,0.3
5242,7.0,435,0.021804731906189236,0.3
5243,2.0,688,0.02179382954023614,0.3
5244,0.0,171,0.021782932625466024,0.3
5245,0.0,274,0.021772041159153294,0.3
5246,8.0,392,0.02176115513857372,0.3
5247,8.0,733,0.021750274561004434,0.3
5248,2.0,251,0.021739399423723934,0.3
5249,7.0,598,0.021728529724012072,0.3
5250,1.0,198,0.02171766545915007,0.3
5251,0.0,146,0.021706806626420494,0.3
5252,2.0,383,0.021695953223107287,0.3
5253,7.0,846,0.021685105246495733,0.3
5254,9.0,924,0.021674262693872487,0.3
5255,3.0,888,0.02166342556252555,0.3
5256,2.0,1063,0.02165259384974429,0.3
5257,7.0,266,0.021641767552819418,0.3
5258,7.0,518,0.02163094666904301,0.3
5259,1.0,559,0.02162013119570849,0.3
5260,4.0,298,0.021609321130110635,0.3
5261,2.0,499,0.02159851646954558,0.3
5262,3.0,1053,0.02158771721131081,0.3
5263,7.0,501,0.021576923352705155,0.3
5264,3.0,281,0.021566134891028804,0.3
5265,6.0,398,0.02155535182358329,0.3
5266,0.0,132,0.021544574147671497,0.3
5267,2.0,982,0.02153380186059766,0.3
5268,7.0,723,0.021523034959667363,0.3
5269,7.0,515,0.02151227344218753,0.3
5270,3.0,278,0.021501517305466438,0.3
5271,2.0,1001,0.021490766546813707,0.3
5272,7.0,833,0.0214800211635403,0.3
5273,6.0,1178,0.02146928115295853,0.3
5274,1.0,159,0.021458546512382052,0.3
5275,2.0,190,0.021447817239125862,0.3
5276,3.0,215,0.0214370933305063,0.3
5277,3.0,246,0.02142637478384105,0.3
5278,1.0,297,0.02141566159644913,0.3
5279,1.0,157,0.021404953765650905,0.3
5280,1.0,764,0.021394251288768082,0.3
5281,9.0,752,0.021383554163123698,0.3
5282,7.0,724,0.02137286238604214,0.3
5283,1.0,299,0.021362175954849117,0.3
5284,7.0,1205,0.021351494866871695,0.3
5285,2.0,472,0.02134081911943826,0.3
5286,4.0,292,0.02133014870987854,0.3
5287,1.0,161,0.021319483635523603,0.3
5288,7.0,803,0.021308823893705843,0.3
5289,7.0,552,0.021298169481758993,0.3
5290,3.0,696,0.021287520397018114,0.3
5291,1.0,261,0.021276876636819604,0.3
5292,0.0,124,0.021266238198501194,0.3
5293,2.0,552,0.021255605079401944,0.3
5294,1.0,605,0.021244977276862243,0.3
5295,2.0,282,0.021234354788223813,0.3
5296,1.0,338,0.021223737610829702,0.3
5297,2.0,373,0.02121312574202429,0.3
5298,0.0,129,0.02120251917915328,0.3
5299,0.0,130,0.021191917919563704,0.3
5300,0.0,128,0.021181321960603922,0.3
5301,9.0,876,0.021170731299623623,0.3
5302,2.0,233,0.021160145933973813,0.3
5303,3.0,635,0.021149565861006827,0.3
5304,1.0,798,0.021138991078076326,0.3
5305,2.0,1986,0.02112842158253729,0.3
5306,11.0,744,0.021117857371746023,0.3
5307,7.0,302,0.02110729844306015,0.3
5308,2.0,242,0.021096744793838624,0.3
5309,2.0,401,0.021086196421441706,0.3
5310,0.0,129,0.021075653323230987,0.3
5311,1.0,2256,0.02106511549656937,0.3
5312,4.0,525,0.02105458293882109,0.3
5313,3.0,227,0.021044055647351678,0.3
5314,10.0,568,0.021033533619528002,0.3
5315,3.0,332,0.02102301685271824,0.3
5316,3.0,229,0.02101250534429188,0.3
5317,3.0,328,0.021001999091619736,0.3
5318,7.0,1968,0.02099149809207393,0.3
5319,4.0,999,0.020981002343027893,0.3
5320,1.0,423,0.02097051184185638,0.3
5321,3.0,563,0.020960026585935453,0.3
5322,1.0,871,0.020949546572642485,0.3
5323,0.0,135,0.020939071799356165,0.3
5324,1.0,168,0.020928602263456487,0.3
5325,4.0,486,0.02091813796232476,0.3
5326,5.0,1175,0.0209076788933436,0.3
5327,0.0,150,0.02089722505389693,0.3
5328,0.0,195,0.02088677644136998,0.3
5329,0.0,133,0.020876333053149298,0.3
5330,0.0,240,0.020865894886622726,0.3
5331,0.0,353,0.020855461939179417,0.3
5332,0.0,905,0.02084503420820983,0.3
5333,3.0,454,0.020834611691105728,0.3
5334,1.0,566,0.020824194385260175,0.3
5335,1.0,795,0.020813782288067545,0.3
5336,11.0,1517,0.020803375396923514,0.3
5337,7.0,491,0.020792973709225053,0.3
5338,3.0,273,0.02078257722237044,0.3
5339,2.0,301,0.020772185933759256,0.3
5340,1.0,328,0.020761799840792378,0.3
5341,6.0,1370,0.02075141894087198,0.3
5342,2.0,857,0.020741043231401548,0.3
5343,3.0,880,0.020730672709785847,0.3
5344,7.0,1373,0.020720307373430957,0.3
5345,7.0,417,0.020709947219744243,0.3
5346,2.0,684,0.020699592246134373,0.3
5347,7.0,1595,0.020689242450011306,0.3
5348,2.0,1152,0.0206788978287863,0.3
5349,3.0,396,0.02066855837987191,0.3
5350,0.0,128,0.020658224100681973,0.3
5351,0.0,133,0.02064789498863163,0.3
5352,0.0,168,0.020637571041137316,0.3
5353,0.0,208,0.02062725225561675,0.3
5354,1.0,171,0.02061693862948894,0.3
5355,3.0,802,0.020606630160174198,0.3
5356,7.0,475,0.02059632684509411,0.3
5357,3.0,388,0.020586028681671566,0.3
5358,1.0,1091,0.02057573566733073,0.3
5359,0.0,1190,0.020565447799497066,0.3
5360,0.0,215,0.02055516507559732,0.3
5361,3.0,614,0.02054488749305952,0.3
5362,0.0,142,0.020534615049312994,0.3
5363,1.0,380,0.020524347741788337,0.3
5364,7.0,750,0.020514085567917444,0.3
5365,7.0,851,0.020503828525133487,0.3
5366,11.0,2443,0.020493576610870923,0.3
5367,3.0,406,0.02048332982256549,0.3
5368,2.0,857,0.02047308815765421,0.3
5369,2.0,563,0.020462851613575382,0.3
5370,3.0,318,0.020452620187768597,0.3
5371,11.0,860,0.020442393877674714,0.3
5372,3.0,682,0.02043217268073588,0.3
5373,4.0,531,0.020421956594395514,0.3
5374,2.0,608,0.020411745616098317,0.3
5375,1.0,159,0.02040153974329027,0.3
5376,0.0,569,0.020391338973418625,0.3
5377,1.0,736,0.02038114330393192,0.3
5378,0.0,595,0.020370952732279953,0.3
5379,0.0,579,0.020360767255913813,0.3
5380,0.0,153,0.02035058687228586,0.3
5381,0.0,135,0.020340411578849717,0.3
5382,1.0,177,0.020330241373060293,0.3
5383,2.0,343,0.020320076252373764,0.3
5384,0.0,1098,0.02030991621424758,0.3
5385,2.0,698,0.020299761256140456,0.3
5386,0.0,449,0.020289611375512388,0.3
5387,2.0,590,0.02027946656982463,0.3
5388,3.0,789,0.02026932683653972,0.3
5389,1.0,565,0.02025919217312145,0.3
5390,2.0,626,0.02024906257703489,0.3
5391,2.0,471,0.020238938045746373,0.3
5392,6.0,813,0.0202288185767235,0.3
5393,0.0,514,0.02021870416743514,0.3
5394,0.0,213,0.02020859481535142,0.3
5395,0.0,200,0.020198490517943746,0.3
5396,4.0,590,0.020188391272684774,0.3
5397,7.0,1881,0.02017829707704843,0.3
5398,1.0,907,0.02016820792850991,0.3
5399,0.0,1118,0.020158123824545654,0.3
5400,1.0,421,0.020148044762633384,0.3
5401,0.0,271,0.02013797074025207,0.3
5402,0.0,310,0.020127901754881945,0.3
5403,3.0,439,0.020117837804004505,0.3
5404,0.0,146,0.020107778885102505,0.3
5405,0.0,166,0.020097724995659955,0.3
5406,0.0,147,0.020087676133162126,0.3
5407,0.0,128,0.020077632295095547,0.3
5408,2.0,481,0.020067593478948,0.3
5409,0.0,1140,0.02005755968220853,0.3
5410,4.0,594,0.020047530902367425,0.3
5411,2.0,603,0.020037507136916242,0.3
5412,3.0,942,0.020027488383347784,0.3
5413,0.0,608,0.02001747463915611,0.3
5414,1.0,162,0.020007465901836535,0.3
5415,0.0,280,0.019997462168885618,0.3
5416,0.0,184,0.019987463437801178,0.3
5417,0.0,666,0.019977469706082277,0.3
5418,3.0,237,0.01996748097122924,0.3
5419,7.0,292,0.019957497230743627,0.3
5420,11.0,844,0.019947518482128255,0.3
5421,11.0,998,0.019937544722887193,0.3
5422,3.0,261,0.01992757595052575,0.3
5423,5.0,310,0.019917612162550488,0.3
5424,1.0,157,0.019907653356469213,0.3
5425,7.0,822,0.01989769952979098,0.3
5426,5.0,530,0.019887750680026087,0.3
5427,2.0,1064,0.019877806804686076,0.3
5428,7.0,965,0.019867867901283733,0.3
5429,2.0,388,0.019857933967333093,0.3
5430,1.0,447,0.019848005000349427,0.3
5431,1.0,255,0.019838080997849252,0.3
5432,0.0,127,0.019828161957350328,0.3
5433,2.0,519,0.019818247876371653,0.3
5434,3.0,339,0.019808338752433468,0.3
5435,3.0,275,0.019798434583057252,0.3
5436,4.0,568,0.019788535365765723,0.3
5437,0.0,186,0.01977864109808284,0.3
5438,1.0,180,0.0197687517775338,0.3
5439,2.0,774,0.019758867401645033,0.3
5440,2.0,915,0.01974898796794421,0.3
5441,2.0,1045,0.019739113473960238,0.3
5442,4.0,994,0.01972924391722326,0.3
5443,4.0,310,0.019719379295264648,0.3
5444,1.0,525,0.019709519605617017,0.3
5445,2.0,419,0.01969966484581421,0.3
5446,1.0,306,0.0196898150133913,0.3
5447,3.0,555,0.019679970105884608,0.3
5448,0.0,866,0.01967013012083167,0.3
5449,2.0,629,0.019660295055771253,0.3
5450,1.0,1168,0.01965046490824337,0.3
5451,0.0,1517,0.01964063967578925,0.3
5452,2.0,319,0.019630819355951356,0.3
5453,0.0,126,0.01962100394627338,0.3
5454,2.0,299,0.019611193444300245,0.3
5455,0.0,569,0.019601387847578096,0.3
5456,2.0,445,0.01959158715365431,0.3
5457,0.0,178,0.019581791360077483,0.3
5458,0.0,231,0.019572000464397447,0.3
5459,0.0,822,0.01956221446416525,0.3
5460,1.0,305,0.019552433356933168,0.3
5461,0.0,130,0.0195426571402547,0.3
5462,0.0,584,0.019532885811684577,0.3
5463,0.0,650,0.019523119368778735,0.3
5464,0.0,166,0.019513357809094346,0.3
5465,1.0,155,0.0195036011301898,0.3
5466,0.0,200,0.019493849329624707,0.3
5467,2.0,185,0.019484102404959895,0.3
5468,7.0,432,0.019474360353757415,0.3
5469,7.0,960,0.01946462317358054,0.3
5470,9.0,1000,0.01945489086199375,0.3
5471,11.0,425,0.019445163416562754,0.3
5472,3.0,281,0.019435440834854475,0.3
5473,1.0,174,0.01942572311443705,0.3
5474,7.0,591,0.019416010252879833,0.3
5475,3.0,221,0.019406302247753394,0.3
5476,0.0,130,0.019396599096629517,0.3
5477,0.0,122,0.019386900797081205,0.3
5478,1.0,199,0.019377207346682666,0.3
5479,0.0,281,0.019367518743009324,0.3
5480,0.0,128,0.01935783498363782,0.3
5481,0.0,164,0.019348156066146004,0.3
5482,0.0,438,0.019338481988112933,0.3
5483,0.0,268,0.019328812747118878,0.3
5484,1.0,869,0.01931914834074532,0.3
5485,0.0,380,0.019309488766574946,0.3
5486,3.0,248,0.01929983402219166,0.3
5487,2.0,232,0.019290184105180564,0.3
5488,4.0,1035,0.019280539013127974,0.3
5489,0.0,129,0.01927089874362141,0.3
5490,3.0,404,0.0192612632942496,0.3
5491,2.0,238,0.019251632662602478,0.3
5492,0.0,275,0.019242006846271177,0.3
5493,0.0,638,0.019232385842848043,0.3
5494,0.0,250,0.01922276964992662,0.3
5495,1.0,771,0.019213158265101657,0.3
5496,2.0,438,0.019203551685969107,0.3
5497,0.0,160,0.019193949910126122,0.3
5498,0.0,123,0.01918435293517106,0.3
5499,2.0,796,0.019174760758703478,0.3
5500,1.0,716,0.019165173378324126,0.3
5501,1.0,1192,0.019155590791634966,0.3
5502,0.0,459,0.01914601299623915,0.3
5503,0.0,1598,0.019136439989741034,0.3
5504,5.0,489,0.019126871769746163,0.3
5505,0.0,125,0.019117308333861292,0.3
5506,0.0,413,0.019107749679694364,0.3
5507,0.0,575,0.019098195804854518,0.3
5508,2.0,627,0.01908864670695209,0.3
5509,0.0,1928,0.019079102383598615,0.3
5510,0.0,433,0.019069562832406815,0.3
5511,0.0,192,0.019060028050990614,0.3
5512,0.0,801,0.01905049803696512,0.3
5513,0.0,384,0.019040972787946638,0.3
5514,1.0,175,0.019031452301552666,0.3
5515,0.0,591,0.01902193657540189,0.3
5516,0.0,165,0.019012425607114188,0.3
5517,1.0,900,0.019002919394310633,0.3
5518,0.0,1283,0.01899341793461348,0.3
5519,0.0,125,0.018983921225646173,0.3
5520,3.0,499,0.01897442926503335,0.3
5521,1.0,504,0.018964942050400835,0.3
5522,1.0,758,0.018955459579375635,0.3
5523,0.0,140,0.018945981849585947,0.3
5524,0.0,850,0.018936508858661154,0.3
5525,0.0,233,0.018927040604231823,0.3
5526,0.0,202,0.01891757708392971,0.3
5527,2.0,273,0.018908118295387744,0.3
5528,2.0,293,0.01889866423624005,0.3
5529,0.0,469,0.01888921490412193,0.3
5530,0.0,460,0.018879770296669873,0.3
5531,2.0,234,0.01887033041152154,0.3
5532,2.0,199,0.01886089524631578,0.3
5533,2.0,1282,0.01885146479869262,0.3
5534,3.0,1729,0.018842039066293274,0.3
5535,2.0,911,0.01883261804676013,0.3
5536,4.0,571,0.01882320173773675,0.3
5537,1.0,594,0.018813790136867885,0.3
5538,3.0,359,0.018804383241799453,0.3
5539,2.0,992,0.018794981050178555,0.3
5540,0.0,211,0.018785583559653467,0.3
5541,0.0,227,0.01877619076787364,0.3
5542,0.0,278,0.018766802672489705,0.3
5543,0.0,139,0.01875741927115346,0.3
5544,2.0,219,0.018748040561517885,0.3
5545,0.0,218,0.018738666541237126,0.3
5546,0.0,200,0.018729297207966508,0.3
5547,0.0,622,0.018719932559362527,0.3
5548,0.0,433,0.018710572593082845,0.3
5549,0.0,221,0.018701217306786304,0.3
5550,0.0,123,0.01869186669813291,0.3
5551,2.0,407,0.018682520764783845,0.3
5552,2.0,290,0.018673179504401453,0.3
5553,4.0,1260,0.018663842914649252,0.3
5554,0.0,129,0.018654510993191927,0.3
5555,2.0,1277,0.01864518373769533,0.3
5556,2.0,1540,0.018635861145826483,0.3
5557,2.0,571,0.01862654321525357,0.3
5558,0.0,953,0.018617229943645945,0.3
5559,1.0,207,0.018607921328674122,0.3
5560,2.0,339,0.018598617368009787,0.3
5561,0.0,145,0.018589318059325784,0.3
5562,0.0,243,0.018580023400296124,0.3
5563,2.0,218,0.018570733388595977,0.3
5564,0.0,475,0.01856144802190168,0.3
5565,0.0,294,0.01855216729789073,0.3
5566,0.0,174,0.018542891214241786,0.3
5567,0.0,173,0.018533619768634668,0.3
5568,2.0,1193,0.01852435295875035,0.3
5569,0.0,1655,0.018515090782270975,0.3
5570,0.0,352,0.01850583323687984,0.3
5571,3.0,347,0.018496580320261403,0.3
5572,4.0,242,0.018487332030101274,0.3
5573,1.0,164,0.018478088364086223,0.3
5574,1.0,232,0.018468849319904182,0.3
5575,2.0,295,0.018459614895244232,0.3
5576,7.0,1422,0.01845038508779661,0.3
5577,7.0,255,0.018441159895252714,0.3
5578,2.0,959,0.01843193931530509,0.3
5579,0.0,207,0.018422723345647436,0.3
5580,0.0,183,0.018413511983974614,0.3
5581,1.0,153,0.01840430522798263,0.3
5582,3.0,804,0.018395103075368638,0.3
5583,1.0,308,0.018385905523830955,0.3
5584,2.0,650,0.01837671257106904,0.3
5585,11.0,1847,0.018367524214783507,0.3
5586,4.0,884,0.018358340452676116,0.3
5587,2.0,638,0.018349161282449778,0.3
5588,2.0,351,0.018339986701808555,0.3
5589,7.0,522,0.01833081670845765,0.3
5590,2.0,1714,0.018321651300103423,0.3
5591,0.0,344,0.018312490474453373,0.3
5592,0.0,181,0.018303334229216147,0.3
5593,0.0,168,0.01829418256210154,0.3
5594,1.0,323,0.018285035470820492,0.3
5595,0.0,881,0.01827589295308508,0.3
5596,2.0,950,0.01826675500660854,0.3
5597,0.0,335,0.018257621629105235,0.3
5598,0.0,538,0.018248492818290683,0.3
5599,1.0,963,0.018239368571881538,0.3
5600,0.0,248,0.0182302488875956,0.3
5601,0.0,172,0.018221133763151803,0.3
5602,2.0,869,0.018212023196270227,0.3
5603,1.0,203,0.018202917184672093,0.3
5604,8.0,350,0.018193815726079757,0.3
5605,1.0,170,0.01818471881821672,0.3
5606,0.0,429,0.01817562645880761,0.3
5607,2.0,201,0.01816653864557821,0.3
5608,2.0,273,0.01815745537625542,0.3
5609,0.0,368,0.01814837664856729,0.3
5610,0.0,1079,0.01813930246024301,0.3
5611,2.0,705,0.01813023280901289,0.3
5612,7.0,1405,0.018121167692608384,0.3
5613,11.0,876,0.01811210710876208,0.3
5614,4.0,1161,0.0181030510552077,0.3
5615,1.0,207,0.018093999529680098,0.3
5616,4.0,1184,0.01808495252991526,0.3
5617,2.0,573,0.018075910053650304,0.3
5618,3.0,421,0.01806687209862348,0.3
5619,2.0,185,0.01805783866257417,0.3
5620,7.0,1380,0.018048809743242883,0.3
5621,2.0,1635,0.01803978533837126,0.3
5622,2.0,775,0.018030765445702077,0.3
5623,7.0,605,0.018021750062979226,0.3
5624,3.0,516,0.018012739187947737,0.3
5625,7.0,949,0.018003732818353765,0.3
5626,7.0,394,0.01799473095194459,0.3
5627,6.0,439,0.017985733586468617,0.3
5628,3.0,708,0.017976740719675383,0.3
5629,2.0,490,0.017967752349315545,0.3
5630,3.0,1403,0.017958768473140888,0.3
5631,3.0,1230,0.01794978908890432,0.3
5632,3.0,698,0.017940814194359868,0.3
5633,11.0,1139,0.01793184378726269,0.3
5634,2.0,675,0.017922877865369058,0.3
5635,2.0,204,0.017913916426436374,0.3
5636,2.0,412,0.017904959468223156,0.3
5637,0.0,156,0.017896006988489047,0.3
5638,3.0,1431,0.017887058984994802,0.3
5639,2.0,254,0.017878115455502306,0.3
5640,3.0,284,0.017869176397774557,0.3
5641,3.0,1210,0.01786024180957567,0.3
5642,2.0,1267,0.017851311688670882,0.3
5643,3.0,421,0.01784238603282655,0.3
5644,1.0,838,0.017833464839810135,0.3
5645,1.0,240,0.01782454810739023,0.3
5646,1.0,1648,0.01781563583333654,0.3
5647,0.0,427,0.01780672801541987,0.3
5648,3.0,609,0.01779782465141216,0.3
5649,3.0,1549,0.017788925739086456,0.3
5650,0.0,311,0.017780031276216912,0.3
5651,0.0,294,0.017771141260578806,0.3
5652,5.0,466,0.017762255689948516,0.3
5653,0.0,393,0.017753374562103543,0.3
5654,0.0,200,0.017744497874822494,0.3
5655,0.0,785,0.017735625625885085,0.3
5656,0.0,154,0.017726757813072144,0.3
5657,11.0,1591,0.017717894434165608,0.3
5658,7.0,598,0.017709035486948525,0.3
5659,3.0,295,0.017700180969205052,0.3
5660,4.0,749,0.017691330878720452,0.3
5661,5.0,1057,0.017682485213281092,0.3
5662,6.0,1030,0.017673643970674453,0.3
5663,3.0,669,0.017664807148689118,0.3
5664,7.0,591,0.017655974745114773,0.3
5665,3.0,775,0.01764714675774222,0.3
5666,3.0,922,0.01763832318436335,0.3
5667,7.0,1233,0.017629504022771168,0.3
5668,2.0,655,0.017620689270759785,0.3
5669,3.0,393,0.017611878926124407,0.3
5670,3.0,1274,0.017603072986661347,0.3
5671,4.0,326,0.01759427145016802,0.3
5672,3.0,528,0.017585474314442937,0.3
5673,2.0,662,0.017576681577285716,0.3
5674,11.0,1119,0.017567893236497073,0.3
5675,7.0,719,0.017559109289878826,0.3
5676,2.0,424,0.017550329735233888,0.3
5677,1.0,160,0.017541554570366272,0.3
5678,0.0,813,0.01753278379308109,0.3
5679,0.0,187,0.01752401740118455,0.3
5680,3.0,286,0.01751525539248396,0.3
5681,0.0,138,0.01750649776478772,0.3
5682,0.0,124,0.017497744515905325,0.3
5683,0.0,197,0.017488995643647372,0.3
5684,0.0,407,0.01748025114582555,0.3
5685,1.0,1027,0.017471511020252635,0.3
5686,0.0,126,0.01746277526474251,0.3
5687,1.0,563,0.01745404387711014,0.3
5688,2.0,300,0.017445316855171585,0.3
5689,2.0,284,0.017436594196744,0.3
5690,2.0,242,0.017427875899645628,0.3
5691,2.0,798,0.017419161961695805,0.3
5692,0.0,361,0.01741045238071496,0.3
5693,0.0,372,0.017401747154524604,0.3
5694,0.0,643,0.01739304628094734,0.3
5695,0.0,395,0.017384349757806866,0.3
5696,2.0,1623,0.017375657582927962,0.3
5697,0.0,328,0.0173669697541365,0.3
5698,0.0,749,0.01735828626925943,0.3
5699,2.0,258,0.0173496071261248,0.3
5700,0.0,837,0.01734093232256174,0.3
5701,0.0,552,0.017332261856400463,0.3
5702,2.0,1097,0.017323595725472263,0.3
5703,2.0,203,0.01731493392760953,0.3
5704,3.0,867,0.017306276460645725,0.3
5705,4.0,1552,0.017297623322415405,0.3
5706,2.0,1101,0.017288974510754198,0.3
5707,0.0,505,0.01728033002349882,0.3
5708,2.0,1748,0.017271689858487073,0.3
5709,0.0,806,0.017263054013557832,0.3
5710,0.0,207,0.017254422486551055,0.3
5711,1.0,151,0.01724579527530778,0.3
5712,2.0,1366,0.01723717237767013,0.3
5713,2.0,674,0.017228553791481294,0.3
5714,0.0,154,0.017219939514585555,0.3
5715,0.0,724,0.017211329544828263,0.3
5716,0.0,168,0.01720272388005585,0.3
5717,1.0,180,0.017194122518115824,0.3
5718,0.0,1330,0.017185525456856768,0.3
5719,2.0,651,0.01717693269412834,0.3
5720,2.0,344,0.01716834422778128,0.3
5721,2.0,1471,0.01715976005566739,0.3
5722,2.0,332,0.017151180175639557,0.3
5723,1.0,216,0.017142604585551738,0.3
5724,2.0,1563,0.01713403328325896,0.3
5725,2.0,1368,0.01712546626661733,0.3
5726,2.0,1369,0.017116903533484024,0.3
5727,0.0,1597,0.017108345081717283,0.3
5728,1.0,331,0.017099790909176425,0.3
5729,0.0,929,0.01709124101372184,0.3
5730,0.0,253,0.01708269539321498,0.3
5731,3.0,1275,0.017074154045518375,0.3
5732,2.0,814,0.017065616968495616,0.3
5733,3.0,732,0.01705708416001137,0.3
5734,3.0,303,0.017048555617931366,0.3
5735,3.0,412,0.0170400313401224,0.3
5736,2.0,1445,0.01703151132445234,0.3
5737,1.0,389,0.017022995568790115,0.3
5738,0.0,127,0.017014484071005722,0.3
5739,0.0,961,0.01700597682897022,0.3
5740,2.0,386,0.01699747384055574,0.3
5741,0.0,129,0.01698897510363546,0.3
5742,0.0,140,0.016980480616083645,0.3
5743,2.0,185,0.016971990375775604,0.3
5744,0.0,125,0.01696350438058772,0.3
5745,0.0,172,0.016955022628397425,0.3
5746,1.0,237,0.016946545117083225,0.3
5747,3.0,275,0.016938071844524685,0.3
5748,2.0,736,0.016929602808602423,0.3
5749,0.0,223,0.016921138007198123,0.3
5750,0.0,570,0.016912677438194523,0.3
5751,0.0,797,0.01690422109947543,0.3
5752,0.0,229,0.016895768988925693,0.3
5753,2.0,859,0.01688732110443123,0.3
5754,2.0,723,0.016878877443879017,0.3
5755,2.0,1034,0.016870438005157078,0.3
5756,0.0,338,0.0168620027861545,0.3
5757,1.0,258,0.016853571784761424,0.3
5758,0.0,775,0.016845144998869042,0.3
5759,3.0,1107,0.016836722426369608,0.3
5760,2.0,639,0.016828304065156424,0.3
5761,2.0,223,0.01681988991312385,0.3
5762,2.0,960,0.016811479968167287,0.3
5763,1.0,197,0.016803074228183203,0.3
5764,0.0,135,0.01679467269106911,0.3
5765,0.0,403,0.016786275354723577,0.3
5766,2.0,598,0.016777882217046215,0.3
5767,0.0,1662,0.016769493275937693,0.3
5768,0.0,147,0.016761108529299726,0.3
5769,0.0,149,0.016752727975035075,0.3
5770,3.0,682,0.016744351611047557,0.3
5771,3.0,442,0.016735979435242035,0.3
5772,1.0,1250,0.016727611445524416,0.3
5773,7.0,1440,0.016719247639801656,0.3
5774,4.0,770,0.016710888015981754,0.3
5775,3.0,416,0.016702532571973763,0.3
5776,11.0,2760,0.016694181305687776,0.3
5777,3.0,1266,0.016685834215034934,0.3
5778,4.0,1152,0.016677491297927418,0.3
5779,2.0,193,0.016669152552278455,0.3
5780,1.0,825,0.01666081797600232,0.3
5781,0.0,366,0.016652487567014318,0.3
5782,2.0,875,0.01664416132323081,0.3
5783,0.0,256,0.016635839242569197,0.3
5784,1.0,411,0.016627521322947914,0.3
5785,2.0,708,0.01661920756228644,0.3
5786,2.0,632,0.0166108979585053,0.3
5787,3.0,757,0.016602592509526046,0.3
5788,2.0,924,0.016594291213271283,0.3
5789,2.0,436,0.016585994067664648,0.3
5790,2.0,290,0.016577701070630817,0.3
5791,1.0,324,0.016569412220095503,0.3
5792,3.0,249,0.016561127513985457,0.3
5793,0.0,698,0.016552846950228465,0.3
5794,2.0,394,0.01654457052675335,0.3
5795,0.0,991,0.016536298241489975,0.3
5796,3.0,1118,0.01652803009236923,0.3
5797,3.0,1517,0.016519766077323046,0.3
5798,2.0,556,0.016511506194284386,0.3
5799,3.0,847,0.016503250441187244,0.3
5800,2.0,205,0.016494998815966652,0.3
5801,3.0,260,0.01648675131655867,0.3
5802,0.0,132,0.016478507940900392,0.3
5803,0.0,242,0.016470268686929943,0.3
5804,0.0,233,0.016462033552586477,0.3
5805,0.0,473,0.016453802535810184,0.3
5806,0.0,697,0.01644557563454228,0.3
5807,2.0,257,0.01643735284672501,0.3
5808,3.0,303,0.016429134170301646,0.3
5809,0.0,163,0.016420919603216497,0.3
5810,0.0,556,0.01641270914341489,0.3
5811,2.0,724,0.016404502788843183,0.3
5812,1.0,166,0.01639630053744876,0.3
5813,0.0,127,0.01638810238718004,0.3
5814,0.0,726,0.01637990833598645,0.3
5815,0.0,162,0.016371718381818456,0.3
5816,2.0,198,0.01636353252262755,0.3
5817,0.0,497,0.016355350756366235,0.3
5818,0.0,582,0.016347173080988053,0.3
5819,0.0,495,0.01633899949444756,0.3
5820,0.0,129,0.016330829994700338,0.3
5821,0.0,168,0.016322664579702988,0.3
5822,2.0,301,0.016314503247413136,0.3
5823,0.0,171,0.01630634599578943,0.3
5824,0.0,285,0.016298192822791536,0.3
5825,0.0,139,0.01629004372638014,0.3
5826,0.0,391,0.01628189870451695,0.3
5827,0.0,506,0.016273757755164694,0.3
5828,0.0,657,0.016265620876287114,0.3
5829,0.0,838,0.016257488065848973,0.3
5830,0.0,539,0.016249359321816047,0.3
5831,0.0,125,0.016241234642155142,0.3
5832,0.0,133,0.016233114024834065,0.3
5833,1.0,179,0.016224997467821647,0.3
5834,0.0,141,0.016216884969087738,0.3
5835,0.0,271,0.016208776526603196,0.3
5836,0.0,1079,0.016200672138339894,0.3
5837,1.0,202,0.016192571802270725,0.3
5838,0.0,200,0.01618447551636959,0.3
5839,0.0,503,0.016176383278611407,0.3
5840,1.0,160,0.016168295086972102,0.3
5841,0.0,338,0.016160210939428616,0.3
5842,0.0,313,0.016152130833958903,0.3
5843,3.0,709,0.016144054768541923,0.3
5844,2.0,428,0.016135982741157653,0.3
5845,2.0,200,0.016127914749787076,0.3
5846,0.0,133,0.016119850792412183,0.3
5847,2.0,556,0.016111790867015977,0.3
5848,2.0,332,0.01610373497158247,0.3
5849,0.0,384,0.01609568310409668,0.3
5850,2.0,449,0.01608763526254463,0.3
5851,3.0,259,0.01607959144491336,0.3
5852,0.0,222,0.016071551649190906,0.3
5853,0.0,257,0.01606351587336631,0.3
5854,1.0,378,0.01605548411542963,0.3
5855,0.0,668,0.016047456373371915,0.3
5856,0.0,178,0.01603943264518523,0.3
5857,0.0,127,0.016031412928862638,0.3
5858,0.0,124,0.01602339722239821,0.3
5859,0.0,132,0.01601538552378701,0.3
5860,0.0,254,0.016007377831025116,0.3
5861,2.0,217,0.015999374142109606,0.3
5862,0.0,570,0.01599137445503855,0.3
5863,0.0,358,0.015983378767811033,0.3
5864,2.0,1294,0.01597538707842713,0.3
5865,2.0,215,0.015967399384887917,0.3
5866,0.0,190,0.015959415685195474,0.3
5867,3.0,249,0.01595143597735288,0.3
5868,1.0,540,0.015943460259364203,0.3
5869,0.0,429,0.015935488529234522,0.3
5870,0.0,558,0.015927520784969906,0.3
5871,1.0,152,0.01591955702457742,0.3
5872,4.0,1277,0.015911597246065133,0.3
5873,0.0,409,0.0159036414474421,0.3
5874,2.0,256,0.01589568962671838,0.3
5875,2.0,616,0.01588774178190502,0.3
5876,3.0,783,0.015879797911014067,0.3
5877,0.0,480,0.01587185801205856,0.3
5878,1.0,552,0.015863922083052533,0.3
5879,0.0,624,0.015855990122011006,0.3
5880,4.0,725,0.015848062126950002,0.3
5881,1.0,800,0.015840138095886528,0.3
5882,11.0,1523,0.015832218026838586,0.3
5883,2.0,1372,0.015824301917825166,0.3
5884,4.0,298,0.015816389766866255,0.3
5885,7.0,644,0.01580848157198282,0.3
5886,1.0,658,0.01580057733119683,0.3
5887,2.0,709,0.015792677042531234,0.3
5888,3.0,531,0.01578478070400997,0.3
5889,0.0,308,0.015776888313657967,0.3
5890,0.0,890,0.01576899986950114,0.3
5891,2.0,1037,0.01576111536956639,0.3
5892,0.0,530,0.01575323481188161,0.3
5893,3.0,446,0.01574535819447567,0.3
5894,2.0,318,0.015737485515378433,0.3
5895,2.0,203,0.015729616772620744,0.3
5896,5.0,582,0.015721751964234434,0.3
5897,0.0,268,0.01571389108825232,0.3
5898,0.0,607,0.015706034142708193,0.3
5899,2.0,563,0.01569818112563684,0.3
5900,7.0,300,0.01569033203507402,0.3
5901,1.0,495,0.015682486869056485,0.3
5902,3.0,1220,0.015674645625621958,0.3
5903,1.0,281,0.015666808302809147,0.3
5904,7.0,569,0.015658974898657745,0.3
5905,3.0,222,0.015651145411208416,0.3
5906,11.0,1623,0.01564331983850281,0.3
5907,1.0,307,0.015635498178583562,0.3
5908,3.0,217,0.01562768042949427,0.3
5909,5.0,307,0.015619866589279526,0.3
5910,2.0,325,0.015612056655984887,0.3
5911,7.0,1043,0.015604250627656895,0.3
5912,7.0,2761,0.015596448502343067,0.3
5913,7.0,432,0.015588650278091896,0.3
5914,7.0,454,0.015580855952952851,0.3
5915,3.0,1142,0.015573065524976375,0.3
5916,3.0,386,0.015565278992213888,0.3
5917,1.0,442,0.01555749635271778,0.3
5918,3.0,1525,0.015549717604541423,0.3
5919,2.0,1162,0.015541942745739154,0.3
5920,1.0,998,0.015534171774366286,0.3
5921,2.0,183,0.015526404688479104,0.3
5922,11.0,1346,0.015518641486134865,0.3
5923,7.0,462,0.015510882165391798,0.3
5924,2.0,974,0.015503126724309103,0.3
5925,2.0,470,0.015495375160946949,0.3
5926,0.0,415,0.015487627473366477,0.3
5927,0.0,729,0.015479883659629793,0.3
5928,1.0,1141,0.01547214371779998,0.3
5929,0.0,152,0.015464407645941081,0.3
5930,0.0,1116,0.01545667544211811,0.3
5931,0.0,240,0.015448947104397053,0.3
5932,2.0,417,0.015441222630844855,0.3
5933,3.0,960,0.015433502019529434,0.3
5934,2.0,1184,0.01542578526851967,0.3
5935,1.0,425,0.015418072375885411,0.3
5936,7.0,2759,0.01541036333969747,0.3
5937,2.0,835,0.015402658158027622,0.3
5938,3.0,527,0.015394956828948609,0.3
5939,3.0,281,0.015387259350534135,0.3
5940,3.0,1087,0.015379565720858869,0.3
5941,2.0,1187,0.01537187593799844,0.3
5942,7.0,305,0.015364190000029442,0.3
5943,7.0,541,0.015356507905029428,0.3
5944,3.0,431,0.015348829651076914,0.3
5945,1.0,1333,0.015341155236251377,0.3
5946,2.0,689,0.015333484658633252,0.3
5947,2.0,674,0.015325817916303936,0.3
5948,2.0,439,0.015318155007345785,0.3
5949,3.0,414,0.015310495929842113,0.3
5950,0.0,374,0.015302840681877193,0.3
5951,3.0,343,0.015295189261536255,0.3
5952,2.0,655,0.015287541666905487,0.3
5953,4.0,369,0.015279897896072035,0.3
5954,7.0,2737,0.015272257947124,0.3
5955,4.0,586,0.015264621818150439,0.3
5956,0.0,398,0.015256989507241364,0.3
5957,2.0,625,0.015249361012487745,0.3
5958,2.0,384,0.015241736331981502,0.3
5959,0.0,1071,0.015234115463815512,0.3
5960,3.0,1391,0.015226498406083604,0.3
5961,2.0,1379,0.015218885156880564,0.3
5962,3.0,1530,0.015211275714302124,0.3
5963,7.0,384,0.015203670076444974,0.3
5964,4.0,276,0.015196068241406752,0.3
5965,0.0,156,0.01518847020728605,0.3
5966,0.0,1078,0.015180875972182407,0.3
5967,2.0,928,0.015173285534196317,0.3
5968,0.0,278,0.01516569889142922,0.3
5969,1.0,177,0.015158116041983506,0.3
5970,7.0,666,0.015150536983962515,0.3
5971,11.0,569,0.015142961715470535,0.3
5972,2.0,449,0.0151353902346128,0.3
5973,3.0,877,0.015127822539495494,0.3
5974,2.0,1699,0.015120258628225747,0.3
5975,9.0,506,0.015112698498911635,0.3
5976,1.0,1004,0.01510514214966218,0.3
5977,0.0,126,0.01509758957858735,0.3
5978,2.0,1057,0.015090040783798057,0.3
5979,3.0,214,0.015082495763406159,0.3
5980,2.0,1709,0.015074954515524456,0.3
5981,0.0,129,0.015067417038266695,0.3
5982,3.0,1467,0.015059883329747562,0.3
5983,6.0,681,0.015052353388082688,0.3
5984,7.0,2307,0.015044827211388648,0.3
5985,2.0,283,0.015037304797782954,0.3
5986,6.0,1833,0.015029786145384064,0.3
5987,2.0,668,0.015022271252311373,0.3
5988,2.0,797,0.015014760116685219,0.3
5989,0.0,128,0.015007252736626878,0.3
5990,0.0,574,0.014999749110258566,0.3
5991,2.0,1736,0.014992249235703437,0.3
5992,3.0,434,0.014984753111085585,0.3
5993,2.0,600,0.014977260734530044,0.3
5994,7.0,698,0.01496977210416278,0.3
5995,2.0,217,0.014962287218110699,0.3
5996,0.0,268,0.014954806074501644,0.3
5997,0.0,122,0.014947328671464394,0.3
5998,1.0,1626,0.014939855007128662,0.3
5999,1.0,373,0.0149323850796251,0.3
6000,0.0,158,0.014924918887085288,0.3
6001,1.0,404,0.014917456427641746,0.3
6002,8.0,893,0.014909997699427927,0.3
6003,0.0,282,0.014902542700578213,0.3
6004,0.0,321,0.014895091429227925,0.3
6005,0.0,851,0.014887643883513312,0.3
6006,0.0,203,0.014880200061571557,0.3
6007,0.0,125,0.014872759961540772,0.3
6008,2.0,180,0.014865323581560001,0.3
6009,0.0,350,0.014857890919769223,0.3
6010,3.0,1374,0.014850461974309339,0.3
6011,3.0,241,0.014843036743322185,0.3
6012,7.0,1979,0.014835615224950525,0.3
6013,1.0,935,0.01482819741733805,0.3
6014,5.0,814,0.014820783318629382,0.3
6015,3.0,361,0.014813372926970068,0.3
6016,1.0,513,0.014805966240506584,0.3
6017,0.0,2251,0.014798563257386332,0.3
6018,2.0,1332,0.01479116397575764,0.3
6019,7.0,345,0.01478376839376976,0.3
6020,2.0,1232,0.014776376509572876,0.3
6021,3.0,593,0.01476898832131809,0.3
6022,3.0,748,0.014761603827157433,0.3
6023,7.0,2247,0.014754223025243854,0.3
6024,7.0,538,0.014746845913731233,0.3
6025,3.0,1949,0.014739472490774367,0.3
6026,2.0,204,0.014732102754528981,0.3
6027,2.0,228,0.014724736703151718,0.3
6028,1.0,1558,0.014717374334800143,0.3
6029,11.0,909,0.014710015647632742,0.3
6030,7.0,454,0.014702660639808927,0.3
6031,4.0,816,0.014695309309489023,0.3
6032,3.0,2509,0.01468796165483428,0.3
6033,2.0,396,0.014680617674006864,0.3
6034,2.0,373,0.014673277365169862,0.3
6035,2.0,285,0.014665940726487277,0.3
6036,1.0,344,0.014658607756124034,0.3
6037,9.0,2200,0.014651278452245972,0.3
6038,2.0,863,0.01464395281301985,0.3
6039,7.0,2274,0.01463663083661334,0.3
6040,2.0,1003,0.014629312521195035,0.3
6041,3.0,299,0.014621997864934438,0.3
6042,1.0,1625,0.014614686866001972,0.3
6043,1.0,718,0.014607379522568971,0.3
6044,3.0,586,0.014600075832807688,0.3
6045,2.0,814,0.014592775794891285,0.3
6046,3.0,1496,0.01458547940699384,0.3
6047,2.0,483,0.014578186667290344,0.3
6048,7.0,1040,0.0145708975739567,0.3
6049,3.0,2306,0.014563612125169722,0.3
6050,0.0,1365,0.014556330319107138,0.3
6051,0.0,989,0.014549052153947585,0.3
6052,1.0,1085,0.014541777627870612,0.3
6053,0.0,963,0.014534506739056678,0.3
6054,1.0,456,0.014527239485687151,0.3
6055,0.0,1483,0.014519975865944309,0.3
6056,0.0,1518,0.014512715878011338,0.3
6057,2.0,306,0.014505459520072332,0.3
6058,0.0,470,0.014498206790312298,0.3
6059,2.0,233,0.014490957686917142,0.3
6060,0.0,126,0.014483712208073684,0.3
6061,1.0,216,0.014476470351969648,0.3
6062,2.0,992,0.014469232116793664,0.3
6063,3.0,1784,0.014461997500735268,0.3
6064,2.0,311,0.0144547665019849,0.3
6065,0.0,194,0.014447539118733909,0.3
6066,0.0,468,0.014440315349174542,0.3
6067,1.0,726,0.014433095191499956,0.3
6068,0.0,203,0.014425878643904207,0.3
6069,0.0,210,0.014418665704582256,0.3
6070,0.0,443,0.014411456371729966,0.3
6071,0.0,362,0.014404250643544102,0.3
6072,0.0,202,0.01439704851822233,0.3
6073,3.0,393,0.01438984999396322,0.3
6074,2.0,215,0.01438265506896624,0.3
6075,0.0,125,0.014375463741431758,0.3
6076,2.0,314,0.014368276009561042,0.3
6077,7.0,556,0.014361091871556262,0.3
6078,11.0,2904,0.014353911325620486,0.3
6079,3.0,554,0.014346734369957677,0.3
6080,1.0,562,0.0143395610027727,0.3
6081,0.0,610,0.014332391222271314,0.3
6082,0.0,1596,0.01432522502666018,0.3
6083,0.0,736,0.01431806241414685,0.3
6084,0.0,372,0.014310903382939777,0.3
6085,0.0,1536,0.014303747931248308,0.3
6086,0.0,324,0.014296596057282684,0.3
6087,2.0,385,0.014289447759254044,0.3
6088,1.0,156,0.014282303035374417,0.3
6089,0.0,136,0.01427516188385673,0.3
6090,2.0,400,0.014268024302914803,0.3
6091,7.0,533,0.014260890290763347,0.3
6092,7.0,1572,0.014253759845617966,0.3
6093,4.0,285,0.014246632965695158,0.3
6094,11.0,521,0.014239509649212312,0.3
6095,7.0,430,0.014232389894387706,0.3
6096,7.0,707,0.014225273699440513,0.3
6097,3.0,220,0.014218161062590794,0.3
6098,2.0,525,0.014211051982059499,0.3
6099,1.0,154,0.01420394645606847,0.3
6100,9.0,776,0.014196844482840436,0.3
6101,7.0,782,0.014189746060599017,0.3
6102,2.0,324,0.014182651187568718,0.3
6103,0.0,128,0.014175559861974935,0.3
6104,0.0,125,0.014168472082043948,0.3
6105,2.0,201,0.014161387846002927,0.3
6106,0.0,246,0.014154307152079926,0.3
6107,0.0,156,0.014147229998503888,0.3
6108,0.0,540,0.014140156383504637,0.3
6109,3.0,524,0.014133086305312886,0.3
6110,3.0,1369,0.01412601976216023,0.3
6111,3.0,251,0.01411895675227915,0.3
6112,1.0,239,0.014111897273903011,0.3
6113,11.0,962,0.01410484132526606,0.3
6114,3.0,471,0.014097788904603429,0.3
6115,4.0,566,0.014090740010151127,0.3
6116,0.0,719,0.014083694640146053,0.3
6117,1.0,493,0.01407665279282598,0.3
6118,0.0,209,0.014069614466429568,0.3
6119,4.0,287,0.014062579659196354,0.3
6120,5.0,790,0.014055548369366757,0.3
6121,11.0,1634,0.014048520595182074,0.3
6122,7.0,725,0.014041496334884484,0.3
6123,2.0,187,0.014034475586717042,0.3
6124,4.0,288,0.014027458348923685,0.3
6125,3.0,236,0.014020444619749224,0.3
6126,7.0,768,0.01401343439743935,0.3
6127,7.0,841,0.014006427680240631,0.3
6128,11.0,1210,0.013999424466400512,0.3
6129,11.0,1128,0.013992424754167312,0.3
6130,3.0,605,0.013985428541790228,0.3
6131,3.0,603,0.013978435827519333,0.3
6132,0.0,1418,0.013971446609605575,0.3
6133,4.0,1811,0.013964460886300772,0.3
6134,0.0,693,0.013957478655857622,0.3
6135,0.0,189,0.013950499916529694,0.3
6136,0.0,140,0.01394352466657143,0.3
6137,2.0,738,0.013936552904238146,0.3
6138,1.0,245,0.013929584627786028,0.3
6139,4.0,1457,0.013922619835472137,0.3
6140,0.0,670,0.013915658525554401,0.3
6141,1.0,526,0.013908700696291625,0.3
6142,0.0,131,0.01390174634594348,0.3
6143,0.0,558,0.013894795472770508,0.3
6144,1.0,159,0.013887848075034124,0.3
6145,0.0,326,0.013880904150996609,0.3
6146,0.0,382,0.013873963698921112,0.3
6147,7.0,2487,0.013867026717071651,0.3
6148,7.0,1253,0.013860093203713116,0.3
6149,1.0,1072,0.01385316315711126,0.3
6150,3.0,2492,0.013846236575532704,0.3
6151,0.0,522,0.013839313457244939,0.3
6152,0.0,767,0.013832393800516317,0.3
6153,0.0,1187,0.013825477603616059,0.3
6154,3.0,573,0.013818564864814252,0.3
6155,2.0,530,0.013811655582381845,0.3
6156,2.0,1203,0.013804749754590655,0.3
6157,7.0,1829,0.013797847379713362,0.3
6158,3.0,993,0.013790948456023506,0.3
6159,3.0,869,0.013784052981795495,0.3
6160,2.0,293,0.013777160955304598,0.3
6161,1.0,444,0.013770272374826946,0.3
6162,2.0,221,0.013763387238639534,0.3
6163,0.0,912,0.013756505545020215,0.3
6164,2.0,649,0.013749627292247706,0.3
6165,2.0,930,0.013742752478601582,0.3
6166,0.0,563,0.013735881102362282,0.3
6167,4.0,402,0.013729013161811101,0.3
6168,1.0,579,0.013722148655230196,0.3
6169,0.0,844,0.013715287580902583,0.3
6170,3.0,792,0.013708429937112132,0.3
6171,2.0,441,0.013701575722143576,0.3
6172,0.0,534,0.013694724934282506,0.3
6173,2.0,930,0.013687877571815365,0.3
6174,11.0,897,0.01368103363302946,0.3
6175,7.0,1099,0.013674193116212945,0.3
6176,1.0,1138,0.013667356019654839,0.3
6177,3.0,1242,0.013660522341645012,0.3
6178,2.0,680,0.01365369208047419,0.3
6179,2.0,225,0.013646865234433954,0.3
6180,5.0,679,0.013640041801816738,0.3
6181,2.0,321,0.013633221780915831,0.3
6182,3.0,328,0.013626405170025373,0.3
6183,3.0,396,0.01361959196744036,0.3
6184,7.0,1009,0.013612782171456641,0.3
6185,7.0,466,0.013605975780370913,0.3
6186,7.0,801,0.013599172792480728,0.3
6187,2.0,938,0.01359237320608449,0.3
6188,3.0,1103,0.013585577019481447,0.3
6189,2.0,576,0.013578784230971707,0.3
6190,0.0,254,0.013571994838856223,0.3
6191,0.0,161,0.013565208841436796,0.3
6192,2.0,811,0.013558426237016079,0.3
6193,4.0,814,0.013551647023897571,0.3
6194,11.0,1423,0.013544871200385623,0.3
6195,2.0,213,0.013538098764785431,0.3
6196,11.0,1066,0.013531329715403039,0.3
6197,3.0,344,0.013524564050545338,0.3
6198,1.0,333,0.013517801768520066,0.3
6199,2.0,431,0.013511042867635808,0.3
6200,1.0,211,0.013504287346201991,0.3
6201,0.0,193,0.013497535202528891,0.3
6202,2.0,354,0.013490786434927628,0.3
6203,1.0,271,0.013484041041710165,0.3
6204,2.0,504,0.01347729902118931,0.3
6205,0.0,488,0.013470560371678717,0.3
6206,2.0,508,0.013463825091492878,0.3
6207,0.0,138,0.013457093178947133,0.3
6208,0.0,718,0.01345036463235766,0.3
6209,0.0,521,0.013443639450041482,0.3
6210,0.0,144,0.013436917630316462,0.3
6211,0.0,139,0.013430199171501305,0.3
6212,1.0,155,0.013423484071915555,0.3
6213,0.0,205,0.013416772329879598,0.3
6214,0.0,160,0.013410063943714658,0.3
6215,2.0,187,0.013403358911742802,0.3
6216,0.0,446,0.01339665723228693,0.3
6217,3.0,1195,0.013389958903670788,0.3
6218,4.0,617,0.013383263924218953,0.3
6219,0.0,1440,0.013376572292256843,0.3
6220,0.0,753,0.013369884006110716,0.3
6221,1.0,704,0.013363199064107661,0.3
6222,3.0,730,0.013356517464575607,0.3
6223,3.0,631,0.01334983920584332,0.3
6224,7.0,690,0.013343164286240399,0.3
6225,7.0,577,0.013336492704097279,0.3
6226,11.0,1323,0.013329824457745231,0.3
6227,3.0,550,0.013323159545516359,0.3
6228,3.0,243,0.013316497965743601,0.3
6229,3.0,217,0.013309839716760731,0.3
6230,7.0,1394,0.01330318479690235,0.3
6231,7.0,1038,0.013296533204503901,0.3
6232,4.0,608,0.01328988493790165,0.3
6233,7.0,1182,0.0132832399954327,0.3
6234,2.0,437,0.013276598375434984,0.3
6235,2.0,1184,0.013269960076247268,0.3
6236,0.0,1540,0.013263325096209144,0.3
6237,3.0,333,0.013256693433661041,0.3
6238,0.0,627,0.01325006508694421,0.3
6239,0.0,129,0.01324344005440074,0.3
6240,2.0,476,0.01323681833437354,0.3
6241,2.0,1185,0.013230199925206354,0.3
6242,1.0,960,0.013223584825243752,0.3
6243,3.0,263,0.01321697303283113,0.3
6244,3.0,608,0.013210364546314714,0.3
6245,3.0,1648,0.013203759364041558,0.3
6246,4.0,398,0.013197157484359538,0.3
6247,4.0,788,0.013190558905617359,0.3
6248,3.0,3259,0.01318396362616455,0.3
6249,2.0,224,0.01317737164435147,0.3
6250,3.0,627,0.013170782958529295,0.3
6251,3.0,231,0.013164197567050031,0.3
6252,1.0,258,0.013157615468266506,0.3
6253,2.0,206,0.013151036660532373,0.3
6254,2.0,765,0.013144461142202107,0.3
6255,0.0,299,0.013137888911631007,0.3
6256,0.0,845,0.013131319967175193,0.3
6257,4.0,323,0.013124754307191606,0.3
6258,1.0,157,0.013118191930038011,0.3
6259,0.0,133,0.013111632834072993,0.3
6260,2.0,214,0.013105077017655956,0.3
6261,2.0,730,0.013098524479147129,0.3
6262,3.0,1756,0.013091975216907555,0.3
6263,3.0,741,0.013085429229299101,0.3
6264,0.0,529,0.013078886514684453,0.3
6265,0.0,205,0.01307234707142711,0.3
6266,0.0,166,0.013065810897891397,0.3
6267,0.0,228,0.013059277992442452,0.3
6268,0.0,302,0.013052748353446232,0.3
6269,0.0,130,0.01304622197926951,0.3
6270,0.0,1189,0.013039698868279876,0.3
6271,1.0,1662,0.013033179018845736,0.3
6272,3.0,430,0.013026662429336314,0.3
6273,1.0,239,0.013020149098121646,0.3
6274,0.0,607,0.013013639023572585,0.3
6275,0.0,1377,0.013007132204060799,0.3
6276,0.0,375,0.01300062863795877,0.3
6277,0.0,423,0.012994128323639791,0.3
6278,0.0,266,0.012987631259477972,0.3
6279,0.0,642,0.012981137443848233,0.3
6280,0.0,133,0.01297464687512631,0.3
6281,0.0,281,0.012968159551688747,0.3
6282,0.0,719,0.012961675471912903,0.3
6283,0.0,130,0.012955194634176949,0.3
6284,2.0,372,0.01294871703685986,0.3
6285,0.0,309,0.012942242678341431,0.3
6286,0.0,229,0.01293577155700226,0.3
6287,1.0,270,0.01292930367122376,0.3
6288,1.0,158,0.01292283901938815,0.3
6289,0.0,1131,0.012916377599878456,0.3
6290,1.0,157,0.012909919411078517,0.3
6291,7.0,1054,0.012903464451372979,0.3
6292,3.0,1050,0.012897012719147293,0.3
6293,1.0,891,0.01289056421278772,0.3
6294,1.0,308,0.012884118930681327,0.3
6295,0.0,2212,0.012877676871215988,0.3
6296,0.0,698,0.012871238032780381,0.3
6297,0.0,556,0.012864802413763992,0.3
6298,11.0,2264,0.01285837001255711,0.3
6299,7.0,1518,0.012851940827550833,0.3
6300,3.0,337,0.012845514857137058,0.3
6301,2.0,949,0.01283909209970849,0.3
6302,1.0,463,0.012832672553658636,0.3
6303,7.0,2804,0.012826256217381808,0.3
6304,7.0,846,0.012819843089273118,0.3
6305,2.0,472,0.012813433167728481,0.3
6306,2.0,638,0.012807026451144617,0.3
6307,1.0,336,0.012800622937919046,0.3
6308,0.0,277,0.012794222626450087,0.3
6309,0.0,851,0.012787825515136863,0.3
6310,3.0,1388,0.012781431602379295,0.3
6311,0.0,251,0.012775040886578106,0.3
6312,11.0,1535,0.012768653366134818,0.3
6313,2.0,772,0.012762269039451752,0.3
6314,2.0,186,0.012755887904932027,0.3
6315,7.0,752,0.012749509960979562,0.3
6316,11.0,717,0.012743135205999073,0.3
6317,7.0,572,0.012736763638396074,0.3
6318,2.0,642,0.012730395256576876,0.3
6319,2.0,1171,0.012724030058948588,0.3
6320,2.0,789,0.012717668043919115,0.3
6321,1.0,644,0.012711309209897156,0.3
6322,4.0,547,0.012704953555292208,0.3
6323,3.0,293,0.012698601078514563,0.3
6324,7.0,939,0.012692251777975307,0.3
6325,3.0,450,0.01268590565208632,0.3
6326,3.0,276,0.012679562699260277,0.3
6327,1.0,886,0.012673222917910646,0.3
6328,9.0,420,0.012666886306451693,0.3
6329,3.0,367,0.012660552863298468,0.3
6330,2.0,264,0.012654222586866819,0.3
6331,3.0,1889,0.012647895475573386,0.3
6332,2.0,387,0.012641571527835599,0.3
6333,7.0,837,0.012635250742071683,0.3
6334,11.0,1682,0.012628933116700648,0.3
6335,7.0,461,0.012622618650142298,0.3
6336,2.0,1269,0.012616307340817227,0.3
6337,2.0,781,0.012609999187146819,0.3
6338,2.0,206,0.012603694187553246,0.3
6339,0.0,128,0.01259739234045947,0.3
6340,1.0,166,0.012591093644289241,0.3
6341,0.0,140,0.012584798097467096,0.3
6342,0.0,131,0.012578505698418363,0.3
6343,0.0,129,0.012572216445569155,0.3
6344,2.0,252,0.01256593033734637,0.3
6345,11.0,905,0.012559647372177699,0.3
6346,3.0,571,0.01255336754849161,0.3
6347,2.0,189,0.012547090864717366,0.3
6348,1.0,329,0.012540817319285007,0.3
6349,7.0,628,0.012534546910625366,0.3
6350,11.0,791,0.012528279637170054,0.3
6351,7.0,262,0.01252201549735147,0.3
6352,9.0,686,0.012515754489602795,0.3
6353,1.0,156,0.012509496612357994,0.3
6354,7.0,597,0.012503241864051816,0.3
6355,2.0,919,0.012496990243119791,0.3
6356,3.0,322,0.012490741747998232,0.3
6357,1.0,233,0.012484496377124234,0.3
6358,3.0,252,0.012478254128935672,0.3
6359,2.0,420,0.012472015001871206,0.3
6360,0.0,444,0.01246577899437027,0.3
6361,2.0,2042,0.012459546104873086,0.3
6362,3.0,682,0.01245331633182065,0.3
6363,3.0,804,0.01244708967365474,0.3
6364,7.0,972,0.012440866128817913,0.3
6365,3.0,1349,0.012434645695753505,0.3
6366,3.0,297,0.012428428372905628,0.3
6367,4.0,308,0.012422214158719176,0.3
6368,11.0,3009,0.012416003051639818,0.3
6369,7.0,1385,0.012409795050113998,0.3
6370,2.0,314,0.01240359015258894,0.3
6371,3.0,217,0.012397388357512647,0.3
6372,0.0,825,0.012391189663333892,0.3
6373,0.0,128,0.012384994068502225,0.3
6374,1.0,180,0.012378801571467974,0.3
6375,0.0,659,0.01237261217068224,0.3
6376,1.0,227,0.0123664258645969,0.3
6377,0.0,287,0.012360242651664601,0.3
6378,0.0,865,0.01235406253033877,0.3
6379,7.0,1813,0.012347885499073601,0.3
6380,1.0,625,0.012341711556324065,0.3
6381,0.0,697,0.012335540700545903,0.3
6382,7.0,2230,0.01232937293019563,0.3
6383,7.0,379,0.012323208243730533,0.3
6384,7.0,656,0.012317046639608668,0.3
6385,7.0,700,0.012310888116288865,0.3
6386,3.0,2783,0.012304732672230721,0.3
6387,0.0,154,0.012298580305894606,0.3
6388,2.0,517,0.01229243101574166,0.3
6389,1.0,169,0.012286284800233789,0.3
6390,4.0,481,0.012280141657833673,0.3
6391,11.0,970,0.012274001587004757,0.3
6392,7.0,1174,0.012267864586211255,0.3
6393,6.0,942,0.012261730653918149,0.3
6394,3.0,1378,0.012255599788591191,0.3
6395,7.0,492,0.012249471988696897,0.3
6396,5.0,1162,0.012243347252702548,0.3
6397,3.0,1111,0.012237225579076198,0.3
6398,11.0,1586,0.01223110696628666,0.3
6399,3.0,275,0.012224991412803518,0.3
6400,3.0,917,0.012218878917097118,0.3
6401,2.0,919,0.01221276947763857,0.3
6402,3.0,1390,0.01220666309289975,0.3
6403,5.0,392,0.012200559761353301,0.3
6404,1.0,333,0.012194459481472625,0.3
6405,5.0,1349,0.01218836225173189,0.3
6406,2.0,1032,0.012182268070606024,0.3
6407,3.0,302,0.012176176936570722,0.3
6408,1.0,874,0.012170088848102438,0.3
6409,3.0,923,0.012164003803678387,0.3
6410,2.0,732,0.012157921801776548,0.3
6411,7.0,566,0.01215184284087566,0.3
6412,4.0,1080,0.012145766919455223,0.3
6413,2.0,200,0.012139694035995496,0.3
6414,0.0,312,0.0121336241889775,0.3
6415,2.0,752,0.012127557376883012,0.3
6416,3.0,805,0.01212149359819457,0.3
6417,3.0,1088,0.012115432851395474,0.3
6418,1.0,311,0.012109375134969777,0.3
6419,3.0,484,0.012103320447402293,0.3
6420,0.0,139,0.012097268787178593,0.3
6421,0.0,136,0.012091220152785005,0.3
6422,1.0,198,0.012085174542708613,0.3
6423,0.0,126,0.012079131955437259,0.3
6424,0.0,133,0.012073092389459542,0.3
6425,1.0,468,0.012067055843264812,0.3
6426,0.0,177,0.01206102231534318,0.3
6427,2.0,576,0.012054991804185509,0.3
6428,1.0,171,0.012048964308283417,0.3
6429,0.0,642,0.012042939826129275,0.3
6430,0.0,887,0.012036918356216212,0.3
6431,0.0,135,0.012030899897038105,0.3
6432,0.0,916,0.012024884447089585,0.3
6433,0.0,157,0.012018872004866041,0.3
6434,2.0,1223,0.01201286256886361,0.3
6435,3.0,563,0.012006856137579179,0.3
6436,0.0,128,0.012000852709510389,0.3
6437,7.0,2741,0.011994852283155635,0.3
6438,3.0,1191,0.011988854857014057,0.3
6439,0.0,171,0.01198286042958555,0.3
6440,5.0,399,0.011976868999370758,0.3
6441,2.0,1997,0.011970880564871073,0.3
6442,3.0,4847,0.011964895124588638,0.3
6443,0.0,2307,0.011958912677026343,0.3
6444,2.0,743,0.011952933220687832,0.3
6445,3.0,1657,0.011946956754077488,0.3
6446,7.0,1534,0.011940983275700449,0.3
6447,0.0,295,0.0119350127840626,0.3
6448,2.0,1054,0.01192904527767057,0.3
6449,2.0,688,0.011923080755031736,0.3
6450,1.0,813,0.01191711921465422,0.3
6451,1.0,230,0.011911160655046894,0.3
6452,0.0,464,0.011905205074719372,0.3
6453,0.0,708,0.011899252472182013,0.3
6454,3.0,325,0.011893302845945922,0.3
6455,2.0,1026,0.01188735619452295,0.3
6456,6.0,1308,0.01188141251642569,0.3
6457,1.0,174,0.011875471810167477,0.3
6458,4.0,1246,0.011869534074262394,0.3
6459,7.0,1938,0.011863599307225263,0.3
6460,7.0,384,0.011857667507571652,0.3
6461,1.0,1348,0.011851738673817867,0.3
6462,0.0,343,0.011845812804480958,0.3
6463,0.0,142,0.011839889898078718,0.3
6464,0.0,207,0.011833969953129679,0.3
6465,2.0,762,0.011828052968153115,0.3
6466,2.0,257,0.011822138941669039,0.3
6467,0.0,1150,0.011816227872198205,0.3
6468,0.0,2334,0.011810319758262106,0.3
6469,0.0,174,0.011804414598382974,0.3
6470,2.0,184,0.011798512391083784,0.3
6471,0.0,139,0.011792613134888243,0.3
6472,1.0,211,0.0117867168283208,0.3
6473,0.0,196,0.01178082346990664,0.3
6474,2.0,1787,0.011774933058171688,0.3
6475,0.0,146,0.011769045591642602,0.3
6476,0.0,223,0.011763161068846782,0.3
6477,3.0,344,0.011757279488312358,0.3
6478,4.0,260,0.011751400848568202,0.3
6479,3.0,496,0.011745525148143919,0.3
6480,1.0,362,0.011739652385569847,0.3
6481,5.0,2626,0.011733782559377062,0.3
6482,0.0,551,0.011727915668097375,0.3
6483,2.0,378,0.011722051710263326,0.3
6484,0.0,3668,0.011716190684408195,0.3
6485,0.0,1548,0.01171033258906599,0.3
6486,0.0,714,0.011704477422771458,0.3
6487,2.0,1975,0.011698625184060073,0.3
6488,1.0,298,0.011692775871468044,0.3
6489,2.0,496,0.01168692948353231,0.3
6490,3.0,2611,0.011681086018790544,0.3
6491,1.0,1511,0.01167524547578115,0.3
6492,0.0,146,0.011669407853043259,0.3
6493,4.0,664,0.011663573149116738,0.3
6494,1.0,1604,0.01165774136254218,0.3
6495,3.0,271,0.011651912491860908,0.3
6496,2.0,664,0.011646086535614978,0.3
6497,0.0,133,0.011640263492347171,0.3
6498,2.0,680,0.011634443360600998,0.3
6499,3.0,350,0.0116286261389207,0.3
6500,0.0,454,0.01162281182585124,0.3
6501,0.0,126,0.011617000419938316,0.3
6502,2.0,855,0.011611191919728347,0.3
6503,0.0,734,0.011605386323768483,0.3
6504,0.0,924,0.0115995836306066,0.3
6505,1.0,1061,0.011593783838791297,0.3
6506,3.0,1374,0.011587986946871902,0.3
6507,7.0,1110,0.011582192953398466,0.3
6508,2.0,1232,0.011576401856921768,0.3
6509,0.0,128,0.011570613655993307,0.3
6510,1.0,840,0.01156482834916531,0.3
6511,0.0,609,0.011559045934990728,0.3
6512,0.0,3099,0.011553266412023233,0.3
6513,3.0,1410,0.011547489778817222,0.3
6514,2.0,561,0.011541716033927814,0.3
6515,7.0,1703,0.01153594517591085,0.3
6516,7.0,1213,0.011530177203322896,0.3
6517,2.0,751,0.011524412114721235,0.3
6518,0.0,366,0.011518649908663876,0.3
6519,7.0,696,0.011512890583709544,0.3
6520,2.0,242,0.01150713413841769,0.3
6521,11.0,1865,0.011501380571348481,0.3
6522,3.0,733,0.011495629881062808,0.3
6523,3.0,247,0.011489882066122278,0.3
6524,1.0,236,0.011484137125089217,0.3
6525,11.0,1302,0.011478395056526673,0.3
6526,7.0,1177,0.01147265585899841,0.3
6527,3.0,440,0.011466919531068912,0.3
6528,2.0,1280,0.011461186071303378,0.3
6529,3.0,713,0.011455455478267727,0.3
6530,2.0,1868,0.011449727750528594,0.3
6531,3.0,1910,0.01144400288665333,0.3
6532,11.0,2912,0.011438280885210005,0.3
6533,7.0,812,0.0114325617447674,0.3
6534,2.0,2126,0.011426845463895016,0.3
6535,2.0,203,0.011421132041163068,0.3
6536,7.0,915,0.011415421475142488,0.3
6537,1.0,554,0.011409713764404918,0.3
6538,2.0,760,0.011404008907522717,0.3
6539,1.0,186,0.011398306903068957,0.3
6540,11.0,978,0.011392607749617423,0.3
6541,7.0,1461,0.011386911445742614,0.3
6542,3.0,822,0.011381217990019744,0.3
6543,2.0,1802,0.011375527381024734,0.3
6544,1.0,444,0.011369839617334223,0.3
6545,7.0,3236,0.011364154697525556,0.3
6546,11.0,2457,0.011358472620176793,0.3
6547,7.0,549,0.011352793383866706,0.3
6548,3.0,1875,0.011347116987174773,0.3
6549,3.0,483,0.011341443428681186,0.3
6550,3.0,1042,0.011335772706966845,0.3
6551,2.0,574,0.011330104820613363,0.3
6552,3.0,534,0.011324439768203057,0.3
6553,11.0,2762,0.011318777548318957,0.3
6554,3.0,3220,0.011313118159544798,0.3
6555,0.0,184,0.011307461600465026,0.3
6556,8.0,2062,0.011301807869664794,0.3
6557,13.0,1301,0.011296156965729961,0.3
6558,2.0,537,0.011290508887247096,0.3
6559,7.0,496,0.011284863632803474,0.3
6560,1.0,1068,0.011279221200987073,0.3
6561,2.0,263,0.01127358159038658,0.3
6562,0.0,680,0.011267944799591386,0.3
6563,1.0,1020,0.01126231082719159,0.3
6564,1.0,172,0.011256679671777995,0.3
6565,2.0,264,0.011251051331942106,0.3
6566,7.0,1052,0.011245425806276134,0.3
6567,11.0,560,0.011239803093372996,0.3
6568,7.0,385,0.01123418319182631,0.3
6569,1.0,161,0.011228566100230397,0.3
6570,7.0,2188,0.011222951817180284,0.3
6571,3.0,1417,0.011217340341271694,0.3
6572,1.0,512,0.01121173167110106,0.3
6573,1.0,471,0.01120612580526551,0.3
6574,1.0,269,0.011200522742362877,0.3
6575,0.0,1522,0.011194922480991696,0.3
6576,0.0,1642,0.0111893250197512,0.3
6577,1.0,578,0.011183730357241326,0.3
6578,2.0,211,0.011178138492062705,0.3
6579,0.0,191,0.011172549422816674,0.3
6580,3.0,1567,0.011166963148105266,0.3
6581,1.0,455,0.011161379666531215,0.3
6582,0.0,2617,0.01115579897669795,0.3
6583,0.0,1131,0.011150221077209602,0.3
6584,1.0,1544,0.011144645966670997,0.3
6585,0.0,1508,0.011139073643687662,0.3
6586,2.0,1489,0.011133504106865819,0.3
6587,0.0,971,0.011127937354812387,0.3
6588,7.0,2195,0.011122373386134981,0.3
6589,2.0,874,0.011116812199441915,0.3
6590,1.0,2559,0.011111253793342194,0.3
6591,1.0,2156,0.011105698166445523,0.3
6592,0.0,516,0.0111001453173623,0.3
6593,0.0,1411,0.011094595244703619,0.3
6594,0.0,158,0.011089047947081267,0.3
6595,7.0,1300,0.011083503423107727,0.3
6596,3.0,427,0.011077961671396174,0.3
6597,0.0,130,0.011072422690560477,0.3
6598,0.0,136,0.011066886479215197,0.3
6599,0.0,134,0.01106135303597559,0.3
6600,0.0,169,0.011055822359457602,0.3
6601,0.0,234,0.011050294448277874,0.3
6602,0.0,636,0.011044769301053735,0.3
6603,0.0,202,0.01103924691640321,0.3
6604,0.0,2098,0.011033727292945009,0.3
6605,0.0,1825,0.011028210429298536,0.3
6606,0.0,984,0.011022696324083887,0.3
6607,2.0,1006,0.011017184975921846,0.3
6608,1.0,1345,0.011011676383433885,0.3
6609,0.0,1605,0.011006170545242168,0.3
6610,0.0,502,0.011000667459969547,0.3
6611,0.0,1960,0.010995167126239562,0.3
6612,0.0,1285,0.010989669542676442,0.3
6613,1.0,353,0.010984174707905105,0.3
6614,0.0,1288,0.010978682620551154,0.3
6615,2.0,713,0.01097319327924088,0.3
6616,0.0,128,0.01096770668260126,0.3
6617,3.0,2725,0.01096222282925996,0.3
6618,0.0,2065,0.01095674171784533,0.3
6619,0.0,895,0.01095126334698641,0.3
6620,2.0,886,0.010945787715312917,0.3
6621,1.0,904,0.010940314821455261,0.3
6622,1.0,210,0.010934844664044534,0.3
6623,0.0,614,0.010929377241712512,0.3
6624,2.0,1531,0.010923912553091657,0.3
6625,0.0,664,0.010918450596815111,0.3
6626,1.0,1906,0.010912991371516703,0.3
6627,1.0,1488,0.010907534875830946,0.3
6628,2.0,1343,0.010902081108393032,0.3
6629,3.0,275,0.010896630067838836,0.3
6630,0.0,1046,0.010891181752804917,0.3
6631,1.0,1186,0.010885736161928516,0.3
6632,1.0,380,0.010880293293847551,0.3
6633,0.0,1419,0.010874853147200629,0.3
6634,0.0,1774,0.010869415720627029,0.3
6635,3.0,1168,0.010863981012766716,0.3
6636,3.0,321,0.010858549022260335,0.3
6637,0.0,272,0.010853119747749204,0.3
6638,1.0,741,0.01084769318787533,0.3
6639,0.0,2723,0.010842269341281394,0.3
6640,2.0,1017,0.010836848206610754,0.3
6641,0.0,3245,0.01083142978250745,0.3
6642,0.0,788,0.010826014067616196,0.3
6643,0.0,195,0.010820601060582389,0.3
6644,0.0,2227,0.010815190760052098,0.3
6645,3.0,847,0.010809783164672073,0.3
6646,2.0,1278,0.010804378273089736,0.3
6647,4.0,855,0.010798976083953192,0.3
6648,2.0,617,0.010793576595911215,0.3
6649,1.0,260,0.010788179807613261,0.3
6650,2.0,1466,0.010782785717709456,0.3
6651,2.0,696,0.010777394324850602,0.3
6652,0.0,485,0.010772005627688177,0.3
6653,2.0,1089,0.010766619624874333,0.3
6654,4.0,321,0.010761236315061895,0.3
6655,4.0,2572,0.010755855696904366,0.3
6656,2.0,743,0.010750477769055914,0.3
6657,3.0,1517,0.010745102530171387,0.3
6658,2.0,1847,0.010739729978906301,0.3
6659,0.0,696,0.010734360113916848,0.3
6660,1.0,157,0.01072899293385989,0.3
6661,0.0,2287,0.010723628437392961,0.3
6662,0.0,463,0.010718266623174265,0.3
6663,1.0,246,0.010712907489862677,0.3
6664,1.0,410,0.010707551036117747,0.3
6665,3.0,478,0.010702197260599688,0.3
6666,0.0,209,0.010696846161969389,0.3
6667,1.0,194,0.010691497738888405,0.3
6668,0.0,418,0.01068615199001896,0.3
6669,1.0,1321,0.010680808914023952,0.3
6670,0.0,1748,0.010675468509566941,0.3
6671,0.0,404,0.010670130775312158,0.3
6672,0.0,126,0.010664795709924502,0.3
6673,0.0,189,0.010659463312069541,0.3
6674,1.0,1298,0.010654133580413507,0.3
6675,2.0,2130,0.0106488065136233,0.3
6676,2.0,1479,0.01064348211036649,0.3
6677,2.0,479,0.010638160369311306,0.3
6678,5.0,2648,0.010632841289126652,0.3
6679,0.0,1030,0.01062752486848209,0.3
6680,3.0,766,0.010622211106047849,0.3
6681,2.0,2307,0.010616900000494825,0.3
6682,2.0,780,0.010611591550494579,0.3
6683,2.0,799,0.010606285754719332,0.3
6684,3.0,1608,0.010600982611841973,0.3
6685,2.0,1163,0.010595682120536052,0.3
6686,0.0,128,0.010590384279475784,0.3
6687,0.0,249,0.010585089087336047,0.3
6688,2.0,478,0.01057979654279238,0.3
6689,0.0,159,0.010574506644520984,0.3
6690,2.0,919,0.010569219391198724,0.3
6691,2.0,764,0.010563934781503125,0.3
6692,2.0,812,0.010558652814112375,0.3
6693,2.0,215,0.010553373487705318,0.3
6694,1.0,385,0.010548096800961467,0.3
6695,1.0,176,0.010542822752560988,0.3
6696,0.0,1343,0.010537551341184708,0.3
6697,0.0,579,0.010532282565514117,0.3
6698,0.0,127,0.01052701642423136,0.3
6699,0.0,273,0.010521752916019245,0.3
6700,2.0,711,0.010516492039561237,0.3
6701,0.0,152,0.010511233793541457,0.3
6702,0.0,312,0.010505978176644686,0.3
6703,0.0,143,0.010500725187556363,0.3
6704,2.0,202,0.010495474824962586,0.3
6705,2.0,1000,0.010490227087550106,0.3
6706,2.0,179,0.010484981974006331,0.3
6707,0.0,222,0.01047973948301933,0.3
6708,0.0,134,0.01047449961327782,0.3
6709,0.0,137,0.010469262363471182,0.3
6710,1.0,221,0.010464027732289447,0.3
6711,0.0,127,0.010458795718423303,0.3
6712,2.0,893,0.010453566320564092,0.3
6713,8.0,900,0.01044833953740381,0.3
6714,2.0,321,0.01044311536763511,0.3
6715,5.0,1465,0.010437893809951292,0.3
6716,11.0,4139,0.010432674863046316,0.3
6717,3.0,1422,0.010427458525614794,0.3
6718,3.0,906,0.010422244796351987,0.3
6719,4.0,1428,0.010417033673953812,0.3
6720,1.0,364,0.010411825157116836,0.3
6721,0.0,1161,0.01040661924453828,0.3
6722,0.0,803,0.01040141593491601,0.3
6723,2.0,326,0.010396215226948552,0.3
6724,1.0,1153,0.010391017119335079,0.3
6725,3.0,854,0.010385821610775413,0.3
6726,7.0,4457,0.010380628699970026,0.3
6727,3.0,1692,0.010375438385620042,0.3
6728,7.0,1560,0.010370250666427232,0.3
6729,0.0,389,0.010365065541094018,0.3
6730,0.0,135,0.010359883008323472,0.3
6731,1.0,204,0.010354703066819312,0.3
6732,2.0,660,0.010349525715285903,0.3
6733,7.0,1064,0.010344350952428262,0.3
6734,1.0,194,0.010339178776952049,0.3
6735,3.0,2113,0.010334009187563574,0.3
6736,0.0,460,0.010328842182969793,0.3
6737,0.0,129,0.010323677761878309,0.3
6738,1.0,157,0.01031851592299737,0.3
6739,4.0,276,0.010313356665035871,0.3
6740,0.0,301,0.010308199986703353,0.3
6741,0.0,207,0.010303045886710003,0.3
6742,3.0,1246,0.010297894363766649,0.3
6743,0.0,976,0.010292745416584766,0.3
6744,2.0,242,0.010287599043876473,0.3
6745,0.0,124,0.010282455244354536,0.3
6746,2.0,1989,0.01027731401673236,0.3
6747,0.0,365,0.010272175359723993,0.3
6748,0.0,226,0.010267039272044132,0.3
6749,1.0,1001,0.010261905752408111,0.3
6750,1.0,2086,0.010256774799531907,0.3
6751,3.0,1074,0.010251646412132142,0.3
6752,0.0,591,0.010246520588926077,0.3
6753,0.0,166,0.010241397328631614,0.3
6754,0.0,803,0.0102362766299673,0.3
6755,1.0,156,0.010231158491652317,0.3
6756,0.0,346,0.010226042912406492,0.3
6757,2.0,1278,0.01022092989095029,0.3
6758,0.0,1488,0.010215819426004814,0.3
6759,2.0,645,0.010210711516291812,0.3
6760,2.0,995,0.010205606160533667,0.3
6761,2.0,1915,0.0102005033574534,0.3
6762,2.0,679,0.010195403105774674,0.3
6763,3.0,1638,0.010190305404221788,0.3
6764,2.0,782,0.010185210251519678,0.3
6765,4.0,1957,0.01018011764639392,0.3
6766,0.0,2771,0.010175027587570724,0.3
6767,0.0,916,0.01016994007377694,0.3
6768,2.0,1396,0.010164855103740052,0.3
6769,4.0,1757,0.010159772676188183,0.3
6770,0.0,1610,0.01015469278985009,0.3
6771,0.0,1315,0.010149615443455166,0.3
6772,3.0,467,0.010144540635733439,0.3
6773,0.0,126,0.010139468365415573,0.3
6774,2.0,200,0.010134398631232866,0.3
6775,4.0,1752,0.01012933143191725,0.3
6776,2.0,1481,0.010124266766201291,0.3
6777,0.0,1069,0.010119204632818192,0.3
6778,0.0,511,0.010114145030501783,0.3
6779,2.0,1054,0.010109087957986533,0.3
6780,2.0,525,0.01010403341400754,0.3
6781,2.0,1240,0.010098981397300536,0.3
6782,2.0,210,0.010093931906601886,0.3
6783,0.0,932,0.010088884940648586,0.3
6784,0.0,571,0.010083840498178263,0.3
6785,0.0,124,0.010078798577929175,0.3
6786,1.0,227,0.01007375917864021,0.3
6787,0.0,146,0.01006872229905089,0.3
6788,0.0,188,0.010063687937901366,0.3
6789,3.0,947,0.010058656093932417,0.3
6790,2.0,715,0.01005362676588545,0.3
6791,2.0,487,0.010048599952502507,0.3
6792,1.0,916,0.010043575652526256,0.3
6793,4.0,416,0.010038553864699994,0.3
6794,1.0,161,0.010033534587767646,0.3
6795,3.0,382,0.010028517820473763,0.3
6796,7.0,1017,0.010023503561563526,0.3
6797,2.0,601,0.010018491809782745,0.3
6798,2.0,183,0.010013482563877855,0.3
6799,0.0,125,0.010008475822595916,0.3
6800,2.0,1821,0.010003471584684618,0.3
6801,0.0,843,0.01,0.3
6802,0.0,420,0.01,0.3
6803,0.0,431,0.01,0.3
6804,0.0,3437,0.01,0.3
6805,0.0,897,0.01,0.3
6806,3.0,880,0.01,0.3
6807,3.0,1024,0.01,0.3
6808,3.0,1134,0.01,0.3
6809,3.0,3792,0.01,0.3
6810,7.0,3468,0.01,0.3
6811,2.0,860,0.01,0.3
6812,3.0,1383,0.01,0.3
6813,7.0,1772,0.01,0.3
6814,3.0,940,0.01,0.3
6815,3.0,3013,0.01,0.3
6816,2.0,1462,0.01,0.3
6817,0.0,345,0.01,0.3
6818,1.0,1793,0.01,0.3
6819,3.0,1796,0.01,0.3
6820,3.0,1055,0.01,0.3
6821,11.0,3872,0.01,0.3
6822,3.0,1240,0.01,0.3
6823,3.0,1466,0.01,0.3
6824,2.0,1611,0.01,0.3
6825,0.0,733,0.01,0.3
6826,0.0,127,0.01,0.3
6827,1.0,1560,0.01,0.3
6828,2.0,565,0.01,0.3
6829,0.0,329,0.01,0.3
6830,3.0,3867,0.01,0.3
6831,2.0,1571,0.01,0.3
6832,2.0,1428,0.01,0.3
6833,2.0,2149,0.01,0.3
6834,2.0,1711,0.01,0.3
6835,3.0,1373,0.01,0.3
6836,2.0,2252,0.01,0.3
6837,0.0,4087,0.01,0.3
6838,2.0,435,0.01,0.3
6839,0.0,338,0.01,0.3
6840,0.0,1207,0.01,0.3
6841,0.0,240,0.01,0.3
6842,2.0,1036,0.01,0.3
6843,3.0,1883,0.01,0.3
6844,0.0,568,0.01,0.3
6845,0.0,212,0.01,0.3
6846,0.0,126,0.01,0.3
6847,2.0,1181,0.01,0.3
6848,1.0,380,0.01,0.3
6849,7.0,1449,0.01,0.3
6850,3.0,1045,0.01,0.3
6851,2.0,222,0.01,0.3
6852,3.0,2103,0.01,0.3
6853,3.0,1157,0.01,0.3
6854,3.0,957,0.01,0.3
6855,2.0,4358,0.01,0.3
6856,7.0,3273,0.01,0.3
6857,2.0,577,0.01,0.3
6858,2.0,794,0.01,0.3
6859,4.0,1572,0.01,0.3
6860,2.0,898,0.01,0.3
6861,3.0,3703,0.01,0.3
6862,3.0,1433,0.01,0.3
6863,1.0,158,0.01,0.3
6864,3.0,759,0.01,0.3
6865,8.0,650,0.01,0.3
6866,2.0,400,0.01,0.3
6867,1.0,938,0.01,0.3
6868,1.0,478,0.01,0.3
6869,0.0,186,0.01,0.3
6870,4.0,823,0.01,0.3
6871,0.0,1803,0.01,0.3
6872,0.0,145,0.01,0.3
6873,1.0,425,0.01,0.3
6874,0.0,138,0.01,0.3
6875,2.0,182,0.01,0.3
6876,0.0,294,0.01,0.3
6877,0.0,189,0.01,0.3
6878,0.0,458,0.01,0.3
6879,0.0,381,0.01,0.3
6880,0.0,282,0.01,0.3
6881,0.0,1210,0.01,0.3
6882,0.0,405,0.01,0.3
6883,0.0,168,0.01,0.3
6884,0.0,183,0.01,0.3
6885,3.0,691,0.01,0.3
6886,7.0,709,0.01,0.3
6887,0.0,2627,0.01,0.3
6888,2.0,2091,0.01,0.3
6889,7.0,1363,0.01,0.3
6890,2.0,1109,0.01,0.3
6891,3.0,1085,0.01,0.3
6892,1.0,536,0.01,0.3
6893,7.0,1401,0.01,0.3
6894,1.0,2356,0.01,0.3
6895,2.0,688,0.01,0.3
6896,7.0,3353,0.01,0.3
6897,3.0,441,0.01,0.3
6898,1.0,330,0.01,0.3
6899,7.0,789,0.01,0.3
6900,0.0,1957,0.01,0.3
6901,0.0,322,0.01,0.3
6902,2.0,475,0.01,0.3
6903,3.0,841,0.01,0.3
6904,7.0,658,0.01,0.3
6905,8.0,1522,0.01,0.3
6906,3.0,388,0.01,0.3
6907,1.0,235,0.01,0.3
6908,7.0,1871,0.01,0.3
6909,5.0,344,0.01,0.3
6910,3.0,386,0.01,0.3
6911,2.0,369,0.01,0.3
6912,1.0,2742,0.01,0.3
6913,6.0,681,0.01,0.3
6914,3.0,956,0.01,0.3
6915,7.0,2323,0.01,0.3
6916,11.0,2243,0.01,0.3
6917,3.0,553,0.01,0.3
6918,1.0,371,0.01,0.3
6919,0.0,4796,0.01,0.3
6920,2.0,291,0.01,0.3
6921,11.0,1727,0.01,0.3
6922,3.0,840,0.01,0.3
6923,1.0,788,0.01,0.3
6924,2.0,1047,0.01,0.3
6925,0.0,336,0.01,0.3
6926,3.0,218,0.01,0.3
6927,7.0,873,0.01,0.3
6928,3.0,866,0.01,0.3
6929,7.0,1764,0.01,0.3
6930,2.0,463,0.01,0.3
6931,3.0,1685,0.01,0.3
6932,2.0,189,0.01,0.3
6933,2.0,262,0.01,0.3
6934,7.0,1471,0.01,0.3
6935,7.0,548,0.01,0.3
6936,2.0,500,0.01,0.3
6937,1.0,155,0.01,0.3
6938,11.0,2411,0.01,0.3
6939,7.0,524,0.01,0.3
6940,3.0,620,0.01,0.3
6941,11.0,2521,0.01,0.3
6942,2.0,1454,0.01,0.3
6943,4.0,1715,0.01,0.3
6944,1.0,157,0.01,0.3
6945,11.0,1325,0.01,0.3
6946,3.0,1033,0.01,0.3
6947,11.0,2520,0.01,0.3
6948,3.0,816,0.01,0.3
6949,7.0,978,0.01,0.3
6950,7.0,1798,0.01,0.3
6951,0.0,382,0.01,0.3
6952,1.0,780,0.01,0.3
6953,0.0,3118,0.01,0.3
6954,2.0,197,0.01,0.3
6955,0.0,314,0.01,0.3
6956,4.0,1469,0.01,0.3
6957,0.0,745,0.01,0.3
6958,1.0,3411,0.01,0.3
6959,2.0,2088,0.01,0.3
6960,0.0,574,0.01,0.3
6961,3.0,688,0.01,0.3
6962,4.0,1926,0.01,0.3
6963,2.0,315,0.01,0.3
6964,5.0,1259,0.01,0.3
6965,2.0,185,0.01,0.3
6966,2.0,468,0.01,0.3
6967,2.0,1575,0.01,0.3
6968,7.0,1987,0.01,0.3
6969,2.0,778,0.01,0.3
6970,1.0,192,0.01,0.3
6971,1.0,508,0.01,0.3
6972,0.0,303,0.01,0.3
6973,2.0,742,0.01,0.3
6974,2.0,629,0.01,0.3
6975,0.0,203,0.01,0.3
6976,2.0,250,0.01,0.3
6977,11.0,1108,0.01,0.3
6978,7.0,911,0.01,0.3
6979,2.0,408,0.01,0.3
6980,3.0,695,0.01,0.3
6981,3.0,565,0.01,0.3
6982,7.0,1509,0.01,0.3
6983,3.0,1475,0.01,0.3
6984,11.0,2262,0.01,0.3
6985,3.0,959,0.01,0.3
6986,3.0,2847,0.01,0.3
6987,2.0,3258,0.01,0.3
6988,3.0,823,0.01,0.3
6989,2.0,215,0.01,0.3
6990,1.0,1296,0.01,0.3
6991,11.0,2300,0.01,0.3
6992,2.0,354,0.01,0.3
6993,2.0,2286,0.01,0.3
6994,2.0,831,0.01,0.3
6995,3.0,215,0.01,0.3
6996,11.0,1583,0.01,0.3
6997,7.0,1022,0.01,0.3
6998,7.0,2110,0.01,0.3
6999,7.0,1709,0.01,0.3
7000,3.0,820,0.01,0.3
7001,3.0,1383,0.01,0.3
7002,3.0,478,0.01,0.3
7003,2.0,202,0.01,0.3
7004,0.0,1134,0.01,0.3
7005,7.0,639,0.01,0.3
7006,7.0,2578,0.01,0.3
7007,2.0,1094,0.01,0.3
7008,7.0,1242,0.01,0.3
7009,7.0,384,0.01,0.3
7010,0.0,952,0.01,0.3
7011,2.0,305,0.01,0.3
7012,0.0,126,0.01,0.3
7013,1.0,212,0.01,0.3
7014,2.0,222,0.01,0.3
7015,7.0,2005,0.01,0.3
7016,3.0,1877,0.01,0.3
7017,3.0,220,0.01,0.3
7018,7.0,653,0.01,0.3
7019,7.0,1820,0.01,0.3
7020,2.0,1698,0.01,0.3
7021,2.0,747,0.01,0.3
7022,2.0,290,0.01,0.3
7023,11.0,3065,0.01,0.3
7024,4.0,1158,0.01,0.3
7025,7.0,4874,0.01,0.3
7026,7.0,2340,0.01,0.3
7027,1.0,557,0.01,0.3
7028,4.0,2795,0.01,0.3
7029,2.0,1321,0.01,0.3
7030,3.0,1280,0.01,0.3
7031,3.0,436,0.01,0.3
7032,2.0,1723,0.01,0.3
7033,7.0,614,0.01,0.3
7034,3.0,408,0.01,0.3
7035,3.0,238,0.01,0.3
7036,0.0,1481,0.01,0.3
7037,0.0,243,0.01,0.3
7038,2.0,1282,0.01,0.3
7039,2.0,784,0.01,0.3
7040,1.0,773,0.01,0.3
7041,7.0,1424,0.01,0.3
7042,3.0,1250,0.01,0.3
7043,7.0,1620,0.01,0.3
7044,3.0,1563,0.01,0.3
7045,11.0,2421,0.01,0.3
7046,2.0,1004,0.01,0.3
7047,7.0,330,0.01,0.3
7048,3.0,3566,0.01,0.3
7049,1.0,2454,0.01,0.3
7050,3.0,585,0.01,0.3
7051,1.0,716,0.01,0.3
7052,2.0,656,0.01,0.3
7053,3.0,949,0.01,0.3
7054,11.0,1455,0.01,0.3
7055,3.0,535,0.01,0.3
7056,3.0,3349,0.01,0.3
7057,2.0,2996,0.01,0.3
7058,2.0,3168,0.01,0.3
7059,2.0,583,0.01,0.3
7060,1.0,159,0.01,0.3
7061,7.0,543,0.01,0.3
7062,11.0,743,0.01,0.3
7063,6.0,1887,0.01,0.3
7064,3.0,218,0.01,0.3
7065,1.0,183,0.01,0.3
7066,1.0,356,0.01,0.3
7067,9.0,1724,0.01,0.3
7068,7.0,1178,0.01,0.3
7069,2.0,2788,0.01,0.3
7070,1.0,637,0.01,0.3
7071,0.0,1852,0.01,0.3
7072,0.0,138,0.01,0.3
7073,0.0,224,0.01,0.3
7074,4.0,379,0.01,0.3
7075,4.0,1684,0.01,0.3
7076,7.0,824,0.01,0.3
7077,0.0,890,0.01,0.3
7078,4.0,3131,0.01,0.3
7079,2.0,1876,0.01,0.3
7080,3.0,2193,0.01,0.3
7081,11.0,5242,0.01,0.3
7082,2.0,2491,0.01,0.3
7083,2.0,1731,0.01,0.3
7084,3.0,379,0.01,0.3
7085,0.0,162,0.01,0.3
7086,0.0,167,0.01,0.3
7087,2.0,582,0.01,0.3
7088,2.0,284,0.01,0.3
7089,0.0,872,0.01,0.3
7090,3.0,1265,0.01,0.3
7091,4.0,734,0.01,0.3
7092,1.0,219,0.01,0.3
7093,2.0,214,0.01,0.3
7094,1.0,1739,0.01,0.3
7095,1.0,507,0.01,0.3
7096,3.0,1999,0.01,0.3
7097,0.0,1340,0.01,0.3
7098,2.0,2400,0.01,0.3
7099,2.0,944,0.01,0.3
7100,2.0,574,0.01,0.3
7101,2.0,1055,0.01,0.3
7102,1.0,1327,0.01,0.3
7103,1.0,175,0.01,0.3
7104,7.0,2145,0.01,0.3
7105,0.0,192,0.01,0.3
7106,1.0,1418,0.01,0.3
7107,0.0,983,0.01,0.3
7108,1.0,678,0.01,0.3
7109,2.0,3297,0.01,0.3
7110,0.0,1039,0.01,0.3
7111,0.0,415,0.01,0.3
7112,0.0,126,0.01,0.3
7113,2.0,417,0.01,0.3
7114,2.0,472,0.01,0.3
7115,3.0,1810,0.01,0.3
7116,1.0,758,0.01,0.3
7117,2.0,655,0.01,0.3
7118,1.0,2068,0.01,0.3
7119,2.0,441,0.01,0.3
7120,2.0,404,0.01,0.3
7121,0.0,1327,0.01,0.3
7122,3.0,1286,0.01,0.3
7123,2.0,1675,0.01,0.3
7124,1.0,1981,0.01,0.3
7125,3.0,700,0.01,0.3
7126,1.0,2012,0.01,0.3
7127,7.0,1005,0.01,0.3
7128,0.0,1258,0.01,0.3
7129,0.0,1771,0.01,0.3
7130,0.0,196,0.01,0.3
7131,2.0,1457,0.01,0.3
7132,11.0,1946,0.01,0.3
7133,3.0,870,0.01,0.3
7134,2.0,648,0.01,0.3
7135,2.0,406,0.01,0.3
7136,7.0,2267,0.01,0.3
7137,3.0,782,0.01,0.3
7138,3.0,1192,0.01,0.3
7139,3.0,2229,0.01,0.3
7140,2.0,1647,0.01,0.3
7141,8.0,1533,0.01,0.3
7142,3.0,1697,0.01,0.3
7143,2.0,281,0.01,0.3
7144,2.0,560,0.01,0.3
7145,0.0,585,0.01,0.3
7146,1.0,307,0.01,0.3
7147,2.0,493,0.01,0.3
7148,1.0,1066,0.01,0.3
7149,7.0,1258,0.01,0.3
7150,0.0,627,0.01,0.3
7151,1.0,265,0.01,0.3
7152,0.0,605,0.01,0.3
7153,0.0,491,0.01,0.3
7154,1.0,315,0.01,0.3
7155,1.0,191,0.01,0.3
7156,0.0,818,0.01,0.3
7157,7.0,1219,0.01,0.3
7158,0.0,1892,0.01,0.3
7159,0.0,140,0.01,0.3
7160,0.0,1245,0.01,0.3
7161,7.0,1380,0.01,0.3
7162,3.0,1026,0.01,0.3
7163,7.0,2700,0.01,0.3
7164,0.0,652,0.01,0.3
7165,0.0,996,0.01,0.3
7166,7.0,2859,0.01,0.3
7167,3.0,2415,0.01,0.3
7168,0.0,1681,0.01,0.3
7169,0.0,131,0.01,0.3
7170,1.0,784,0.01,0.3
7171,7.0,2611,0.01,0.3
7172,2.0,2101,0.01,0.3
7173,3.0,1222,0.01,0.3
7174,3.0,1637,0.01,0.3
7175,3.0,1524,0.01,0.3
7176,2.0,726,0.01,0.3
7177,7.0,1607,0.01,0.3
7178,7.0,525,0.01,0.3
7179,2.0,535,0.01,0.3
7180,3.0,400,0.01,0.3
7181,0.0,164,0.01,0.3
7182,0.0,2696,0.01,0.3
7183,0.0,467,0.01,0.3
7184,0.0,334,0.01,0.3
7185,0.0,632,0.01,0.3
7186,0.0,202,0.01,0.3
7187,0.0,473,0.01,0.3
7188,0.0,1600,0.01,0.3
7189,0.0,617,0.01,0.3
7190,0.0,128,0.01,0.3
7191,0.0,386,0.01,0.3
7192,4.0,260,0.01,0.3
7193,2.0,377,0.01,0.3
7194,0.0,140,0.01,0.3
7195,0.0,157,0.01,0.3
7196,1.0,566,0.01,0.3
7197,0.0,181,0.01,0.3
7198,0.0,221,0.01,0.3
7199,0.0,491,0.01,0.3
7200,0.0,1320,0.01,0.3
7201,2.0,650,0.01,0.3
7202,2.0,542,0.01,0.3
7203,2.0,630,0.01,0.3
7204,2.0,515,0.01,0.3
7205,4.0,1022,0.01,0.3
7206,0.0,1109,0.01,0.3
7207,2.0,1644,0.01,0.3
7208,0.0,152,0.01,0.3
7209,2.0,756,0.01,0.3
7210,2.0,202,0.01,0.3
7211,0.0,147,0.01,0.3
7212,2.0,198,0.01,0.3
7213,0.0,550,0.01,0.3
7214,0.0,567,0.01,0.3
7215,1.0,333,0.01,0.3
7216,3.0,1103,0.01,0.3
7217,7.0,1301,0.01,0.3
7218,3.0,443,0.01,0.3
7219,2.0,1163,0.01,0.3
7220,7.0,1186,0.01,0.3
7221,0.0,460,0.01,0.3
7222,3.0,1368,0.01,0.3
7223,7.0,1132,0.01,0.3
7224,11.0,1032,0.01,0.3
7225,3.0,461,0.01,0.3
7226,2.0,919,0.01,0.3
7227,10.0,1017,0.01,0.3
7228,2.0,929,0.01,0.3
7229,0.0,132,0.01,0.3
7230,2.0,391,0.01,0.3
7231,1.0,847,0.01,0.3
7232,3.0,912,0.01,0.3
7233,11.0,3240,0.01,0.3
7234,7.0,1419,0.01,0.3
7235,3.0,3325,0.01,0.3
7236,0.0,642,0.01,0.3
7237,0.0,737,0.01,0.3
7238,11.0,2827,0.01,0.3
7239,3.0,790,0.01,0.3
7240,3.0,3509,0.01,0.3
7241,8.0,3180,0.01,0.3
7242,2.0,1076,0.01,0.3
7243,0.0,4246,0.01,0.3
7244,1.0,1001,0.01,0.3
7245,7.0,2133,0.01,0.3
7246,11.0,1693,0.01,0.3
7247,7.0,856,0.01,0.3
7248,3.0,580,0.01,0.3
7249,2.0,1211,0.01,0.3
7250,3.0,950,0.01,0.3
7251,7.0,524,0.01,0.3
7252,1.0,408,0.01,0.3
7253,3.0,641,0.01,0.3
7254,0.0,451,0.01,0.3
7255,0.0,2442,0.01,0.3
7256,0.0,631,0.01,0.3
7257,0.0,956,0.01,0.3
7258,0.0,146,0.01,0.3
7259,4.0,891,0.01,0.3
7260,3.0,1878,0.01,0.3
7261,3.0,2038,0.01,0.3
7262,3.0,1267,0.01,0.3
7263,3.0,1104,0.01,0.3
7264,11.0,1354,0.01,0.3
7265,3.0,459,0.01,0.3
7266,1.0,1100,0.01,0.3
7267,7.0,1490,0.01,0.3
7268,2.0,1926,0.01,0.3
7269,2.0,1477,0.01,0.3
7270,2.0,1001,0.01,0.3
7271,2.0,591,0.01,0.3
7272,7.0,1899,0.01,0.3
7273,3.0,1710,0.01,0.3
7274,2.0,507,0.01,0.3
7275,0.0,1939,0.01,0.3
7276,3.0,1334,0.01,0.3
7277,3.0,2194,0.01,0.3
7278,3.0,1680,0.01,0.3
7279,1.0,1028,0.01,0.3
7280,2.0,638,0.01,0.3
7281,11.0,1400,0.01,0.3
7282,3.0,656,0.01,0.3
7283,2.0,1793,0.01,0.3
7284,0.0,146,0.01,0.3
7285,8.0,2765,0.01,0.3
7286,6.0,711,0.01,0.3
7287,2.0,1515,0.01,0.3
7288,0.0,253,0.01,0.3
7289,7.0,2275,0.01,0.3
7290,1.0,1263,0.01,0.3
7291,2.0,182,0.01,0.3
7292,0.0,135,0.01,0.3
7293,3.0,260,0.01,0.3
7294,2.0,478,0.01,0.3
7295,2.0,429,0.01,0.3
7296,11.0,1840,0.01,0.3
7297,3.0,987,0.01,0.3
7298,0.0,363,0.01,0.3
7299,0.0,2245,0.01,0.3
7300,0.0,696,0.01,0.3
7301,0.0,377,0.01,0.3
7302,0.0,148,0.01,0.3
7303,0.0,127,0.01,0.3
7304,0.0,128,0.01,0.3
7305,0.0,252,0.01,0.3
7306,0.0,1546,0.01,0.3
7307,0.0,1484,0.01,0.3
7308,1.0,1108,0.01,0.3
7309,7.0,1041,0.01,0.3
7310,3.0,2374,0.01,0.3
7311,0.0,813,0.01,0.3
7312,2.0,246,0.01,0.3
7313,3.0,507,0.01,0.3
7314,1.0,167,0.01,0.3
7315,1.0,2365,0.01,0.3
7316,7.0,601,0.01,0.3
7317,7.0,1519,0.01,0.3
7318,2.0,678,0.01,0.3
7319,2.0,2739,0.01,0.3
7320,7.0,1353,0.01,0.3
7321,3.0,1946,0.01,0.3
7322,4.0,918,0.01,0.3
7323,1.0,1153,0.01,0.3
7324,1.0,190,0.01,0.3
7325,1.0,169,0.01,0.3
7326,0.0,482,0.01,0.3
7327,0.0,1883,0.01,0.3
7328,0.0,191,0.01,0.3
7329,3.0,552,0.01,0.3
7330,3.0,811,0.01,0.3
7331,1.0,1333,0.01,0.3
7332,7.0,2422,0.01,0.3
7333,1.0,255,0.01,0.3
7334,2.0,209,0.01,0.3
7335,0.0,142,0.01,0.3
7336,1.0,517,0.01,0.3
7337,0.0,1571,0.01,0.3
7338,0.0,1852,0.01,0.3
7339,0.0,1437,0.01,0.3
7340,2.0,985,0.01,0.3
7341,0.0,1291,0.01,0.3
7342,2.0,1817,0.01,0.3
7343,0.0,3065,0.01,0.3
7344,0.0,143,0.01,0.3
7345,2.0,1863,0.01,0.3
7346,1.0,576,0.01,0.3
7347,1.0,1015,0.01,0.3
7348,0.0,1747,0.01,0.3
7349,2.0,2138,0.01,0.3
7350,2.0,875,0.01,0.3
7351,1.0,784,0.01,0.3
7352,0.0,884,0.01,0.3
7353,3.0,819,0.01,0.3
7354,3.0,1319,0.01,0.3
7355,11.0,2473,0.01,0.3
7356,3.0,826,0.01,0.3
7357,3.0,388,0.01,0.3
7358,2.0,492,0.01,0.3
7359,7.0,1971,0.01,0.3
7360,7.0,287,0.01,0.3
7361,11.0,931,0.01,0.3
7362,2.0,666,0.01,0.3
7363,2.0,1769,0.01,0.3
7364,2.0,304,0.01,0.3
7365,3.0,441,0.01,0.3
7366,7.0,3046,0.01,0.3
7367,3.0,458,0.01,0.3
7368,4.0,2242,0.01,0.3
7369,0.0,140,0.01,0.3
7370,7.0,292,0.01,0.3
7371,7.0,893,0.01,0.3
7372,2.0,359,0.01,0.3
7373,11.0,1109,0.01,0.3
7374,7.0,501,0.01,0.3
7375,7.0,372,0.01,0.3
7376,2.0,212,0.01,0.3
7377,2.0,965,0.01,0.3
7378,2.0,611,0.01,0.3
7379,1.0,514,0.01,0.3
7380,7.0,974,0.01,0.3
7381,11.0,1104,0.01,0.3
7382,3.0,581,0.01,0.3
7383,2.0,231,0.01,0.3
7384,3.0,237,0.01,0.3
7385,0.0,200,0.01,0.3
7386,0.0,145,0.01,0.3
7387,0.0,2566,0.01,0.3
7388,0.0,813,0.01,0.3
7389,0.0,1136,0.01,0.3
7390,0.0,282,0.01,0.3
7391,0.0,771,0.01,0.3
7392,1.0,229,0.01,0.3
7393,2.0,1137,0.01,0.3
7394,2.0,1055,0.01,0.3
7395,2.0,3073,0.01,0.3
7396,2.0,1020,0.01,0.3
7397,2.0,646,0.01,0.3
7398,1.0,528,0.01,0.3
7399,3.0,1336,0.01,0.3
7400,3.0,588,0.01,0.3
7401,0.0,1840,0.01,0.3
7402,2.0,1853,0.01,0.3
7403,4.0,859,0.01,0.3
7404,1.0,153,0.01,0.3
7405,0.0,176,0.01,0.3
7406,0.0,130,0.01,0.3
7407,0.0,227,0.01,0.3
7408,0.0,286,0.01,0.3
7409,0.0,770,0.01,0.3
7410,0.0,254,0.01,0.3
7411,0.0,909,0.01,0.3
7412,0.0,198,0.01,0.3
7413,0.0,242,0.01,0.3
7414,0.0,808,0.01,0.3
7415,0.0,429,0.01,0.3
7416,0.0,125,0.01,0.3
7417,1.0,4455,0.01,0.3
7418,3.0,1368,0.01,0.3
7419,0.0,432,0.01,0.3
7420,2.0,2282,0.01,0.3
7421,2.0,216,0.01,0.3
7422,5.0,390,0.01,0.3
7423,2.0,446,0.01,0.3
7424,2.0,1996,0.01,0.3
7425,3.0,335,0.01,0.3
7426,2.0,1312,0.01,0.3
7427,5.0,346,0.01,0.3
7428,4.0,2488,0.01,0.3
7429,2.0,1329,0.01,0.3
7430,2.0,638,0.01,0.3
7431,1.0,529,0.01,0.3
7432,5.0,822,0.01,0.3
7433,2.0,763,0.01,0.3
7434,2.0,2176,0.01,0.3
7435,3.0,633,0.01,0.3
7436,1.0,962,0.01,0.3
7437,1.0,520,0.01,0.3
7438,3.0,2372,0.01,0.3
7439,2.0,1307,0.01,0.3
7440,1.0,527,0.01,0.3
7441,7.0,2433,0.01,0.3
7442,3.0,3205,0.01,0.3
7443,3.0,1184,0.01,0.3
7444,3.0,1677,0.01,0.3
7445,7.0,1376,0.01,0.3
7446,7.0,1120,0.01,0.3
7447,7.0,301,0.01,0.3
7448,1.0,1169,0.01,0.3
7449,4.0,2893,0.01,0.3
7450,1.0,445,0.01,0.3
7451,2.0,590,0.01,0.3
7452,10.0,811,0.01,0.3
7453,7.0,1093,0.01,0.3
7454,2.0,1969,0.01,0.3
7455,4.0,1551,0.01,0.3
7456,0.0,130,0.01,0.3
7457,2.0,231,0.01,0.3
7458,2.0,293,0.01,0.3
7459,0.0,192,0.01,0.3
7460,0.0,211,0.01,0.3
7461,0.0,149,0.01,0.3
7462,0.0,517,0.01,0.3
7463,1.0,189,0.01,0.3
7464,1.0,1151,0.01,0.3
7465,3.0,471,0.01,0.3
7466,5.0,2706,0.01,0.3
7467,1.0,188,0.01,0.3
7468,3.0,956,0.01,0.3
7469,1.0,301,0.01,0.3
7470,1.0,1487,0.01,0.3
7471,3.0,899,0.01,0.3
7472,2.0,372,0.01,0.3
7473,0.0,150,0.01,0.3
7474,2.0,927,0.01,0.3
7475,11.0,1924,0.01,0.3
7476,4.0,1907,0.01,0.3
7477,0.0,192,0.01,0.3
7478,7.0,711,0.01,0.3
7479,5.0,326,0.01,0.3
7480,3.0,451,0.01,0.3
7481,3.0,3118,0.01,0.3
7482,3.0,1048,0.01,0.3
7483,2.0,1906,0.01,0.3
7484,2.0,796,0.01,0.3
7485,2.0,310,0.01,0.3
7486,6.0,413,0.01,0.3
7487,2.0,382,0.01,0.3
7488,7.0,967,0.01,0.3
7489,0.0,316,0.01,0.3
7490,0.0,132,0.01,0.3
7491,0.0,254,0.01,0.3
7492,2.0,452,0.01,0.3
7493,2.0,267,0.01,0.3
7494,0.0,146,0.01,0.3
7495,7.0,473,0.01,0.3
7496,3.0,1390,0.01,0.3
7497,3.0,1872,0.01,0.3
7498,3.0,987,0.01,0.3
7499,7.0,1167,0.01,0.3
7500,2.0,3633,0.01,0.3
7501,1.0,1501,0.01,0.3
7502,3.0,1371,0.01,0.3
7503,3.0,799,0.01,0.3
7504,3.0,540,0.01,0.3
7505,2.0,1365,0.01,0.3
7506,7.0,1481,0.01,0.3
7507,3.0,736,0.01,0.3
7508,2.0,455,0.01,0.3
7509,3.0,418,0.01,0.3
7510,7.0,2191,0.01,0.3
7511,3.0,866,0.01,0.3
7512,2.0,1774,0.01,0.3
7513,2.0,707,0.01,0.3
7514,7.0,1909,0.01,0.3
7515,3.0,1141,0.01,0.3
7516,5.0,775,0.01,0.3
7517,3.0,1258,0.01,0.3
7518,6.0,457,0.01,0.3
7519,3.0,218,0.01,0.3
7520,7.0,2467,0.01,0.3
7521,6.0,1523,0.01,0.3
7522,2.0,419,0.01,0.3
7523,1.0,1315,0.01,0.3
7524,0.0,476,0.01,0.3
7525,0.0,127,0.01,0.3
7526,3.0,2835,0.01,0.3
7527,3.0,307,0.01,0.3
7528,7.0,2249,0.01,0.3
7529,1.0,2358,0.01,0.3
7530,2.0,501,0.01,0.3
7531,0.0,1454,0.01,0.3
7532,3.0,1861,0.01,0.3
7533,3.0,2052,0.01,0.3
7534,2.0,1073,0.01,0.3
7535,1.0,215,0.01,0.3
7536,1.0,1248,0.01,0.3
7537,3.0,245,0.01,0.3
7538,7.0,1863,0.01,0.3
7539,9.0,370,0.01,0.3
7540,1.0,1057,0.01,0.3
7541,2.0,1211,0.01,0.3
7542,0.0,131,0.01,0.3
7543,0.0,127,0.01,0.3
7544,0.0,137,0.01,0.3
7545,0.0,130,0.01,0.3
7546,0.0,128,0.01,0.3
7547,1.0,521,0.01,0.3
7548,0.0,1335,0.01,0.3
7549,0.0,150,0.01,0.3
7550,1.0,204,0.01,0.3
7551,3.0,1642,0.01,0.3
7552,4.0,865,0.01,0.3
7553,3.0,709,0.01,0.3
7554,0.0,419,0.01,0.3
7555,7.0,1125,0.01,0.3
7556,7.0,2002,0.01,0.3
7557,7.0,2370,0.01,0.3
7558,2.0,327,0.01,0.3
7559,1.0,1913,0.01,0.3
7560,0.0,1057,0.01,0.3
7561,0.0,584,0.01,0.3
7562,1.0,251,0.01,0.3
7563,0.0,390,0.01,0.3
7564,0.0,165,0.01,0.3
7565,0.0,888,0.01,0.3
7566,2.0,1158,0.01,0.3
7567,3.0,563,0.01,0.3
7568,0.0,443,0.01,0.3
7569,2.0,223,0.01,0.3
7570,0.0,2131,0.01,0.3
7571,0.0,127,0.01,0.3
7572,2.0,200,0.01,0.3
7573,0.0,394,0.01,0.3
7574,3.0,1763,0.01,0.3
7575,8.0,1755,0.01,0.3
7576,0.0,1872,0.01,0.3
7577,4.0,892,0.01,0.3
7578,3.0,732,0.01,0.3
7579,2.0,541,0.01,0.3
7580,1.0,730,0.01,0.3
7581,5.0,867,0.01,0.3
7582,2.0,625,0.01,0.3
7583,0.0,1101,0.01,0.3
7584,0.0,888,0.01,0.3
7585,2.0,1156,0.01,0.3
7586,11.0,3053,0.01,0.3
7587,3.0,1322,0.01,0.3
7588,2.0,191,0.01,0.3
7589,0.0,158,0.01,0.3
7590,3.0,1720,0.01,0.3
7591,0.0,1979,0.01,0.3
7592,7.0,5998,0.01,0.3
7593,7.0,1550,0.01,0.3
7594,3.0,1570,0.01,0.3
7595,2.0,885,0.01,0.3
7596,1.0,2025,0.01,0.3
7597,0.0,403,0.01,0.3
7598,3.0,594,0.01,0.3
7599,7.0,1716,0.01,0.3
7600,7.0,1489,0.01,0.3
7601,3.0,738,0.01,0.3
7602,4.0,961,0.01,0.3
7603,2.0,232,0.01,0.3
7604,11.0,2803,0.01,0.3
7605,3.0,1572,0.01,0.3
7606,7.0,1609,0.01,0.3
7607,7.0,846,0.01,0.3
7608,3.0,1178,0.01,0.3
7609,1.0,430,0.01,0.3
7610,1.0,507,0.01,0.3
7611,0.0,630,0.01,0.3
7612,1.0,247,0.01,0.3
7613,0.0,315,0.01,0.3
7614,0.0,874,0.01,0.3
7615,0.0,699,0.01,0.3
7616,0.0,300,0.01,0.3
7617,3.0,949,0.01,0.3
7618,1.0,179,0.01,0.3
7619,0.0,745,0.01,0.3
7620,1.0,617,0.01,0.3
7621,0.0,457,0.01,0.3
7622,0.0,725,0.01,0.3
7623,0.0,217,0.01,0.3
7624,0.0,643,0.01,0.3
7625,0.0,135,0.01,0.3
7626,0.0,901,0.01,0.3
7627,3.0,254,0.01,0.3
7628,4.0,292,0.01,0.3
7629,0.0,516,0.01,0.3
7630,7.0,2484,0.01,0.3
7631,5.0,465,0.01,0.3
7632,2.0,609,0.01,0.3
7633,3.0,550,0.01,0.3
7634,1.0,1400,0.01,0.3
7635,1.0,159,0.01,0.3
7636,6.0,664,0.01,0.3
7637,11.0,2000,0.01,0.3
7638,7.0,1292,0.01,0.3
7639,2.0,198,0.01,0.3
7640,7.0,2598,0.01,0.3
7641,3.0,995,0.01,0.3
7642,4.0,1421,0.01,0.3
7643,1.0,159,0.01,0.3
7644,7.0,707,0.01,0.3
7645,7.0,1282,0.01,0.3
7646,1.0,159,0.01,0.3
7647,1.0,1814,0.01,0.3
7648,1.0,781,0.01,0.3
7649,2.0,410,0.01,0.3
7650,1.0,160,0.01,0.3
7651,7.0,2319,0.01,0.3
7652,7.0,1323,0.01,0.3
7653,1.0,1146,0.01,0.3
7654,3.0,986,0.01,0.3
7655,7.0,928,0.01,0.3
7656,11.0,461,0.01,0.3
7657,7.0,2116,0.01,0.3
7658,5.0,315,0.01,0.3
7659,4.0,292,0.01,0.3
7660,1.0,157,0.01,0.3
7661,0.0,424,0.01,0.3
7662,1.0,3160,0.01,0.3
7663,2.0,1379,0.01,0.3
7664,0.0,479,0.01,0.3
7665,0.0,129,0.01,0.3
7666,3.0,1335,0.01,0.3
7667,2.0,506,0.01,0.3
7668,2.0,926,0.01,0.3
7669,4.0,785,0.01,0.3
7670,11.0,1506,0.01,0.3
7671,7.0,722,0.01,0.3
7672,7.0,850,0.01,0.3
7673,1.0,155,0.01,0.3
7674,1.0,158,0.01,0.3
7675,0.0,157,0.01,0.3
7676,1.0,419,0.01,0.3
7677,0.0,574,0.01,0.3
7678,1.0,450,0.01,0.3
7679,3.0,1876,0.01,0.3
7680,11.0,1810,0.01,0.3
7681,7.0,1830,0.01,0.3
7682,7.0,1182,0.01,0.3
7683,3.0,816,0.01,0.3
7684,2.0,1740,0.01,0.3
7685,0.0,1213,0.01,0.3
7686,0.0,1488,0.01,0.3
7687,0.0,337,0.01,0.3
7688,0.0,290,0.01,0.3
7689,0.0,491,0.01,0.3
7690,0.0,129,0.01,0.3
7691,0.0,646,0.01,0.3
7692,0.0,1112,0.01,0.3
7693,0.0,430,0.01,0.3
7694,1.0,180,0.01,0.3
7695,0.0,128,0.01,0.3
7696,3.0,504,0.01,0.3
7697,0.0,535,0.01,0.3
7698,0.0,634,0.01,0.3
7699,1.0,1170,0.01,0.3
7700,0.0,1649,0.01,0.3
7701,2.0,935,0.01,0.3
7702,0.0,2042,0.01,0.3
7703,2.0,199,0.01,0.3
7704,0.0,2624,0.01,0.3
7705,0.0,236,0.01,0.3
7706,0.0,391,0.01,0.3
7707,2.0,934,0.01,0.3
7708,0.0,881,0.01,0.3
7709,0.0,154,0.01,0.3
7710,0.0,772,0.01,0.3
7711,0.0,136,0.01,0.3
7712,0.0,157,0.01,0.3
7713,1.0,216,0.01,0.3
7714,0.0,125,0.01,0.3
7715,2.0,638,0.01,0.3
7716,1.0,434,0.01,0.3
7717,2.0,670,0.01,0.3
7718,0.0,1603,0.01,0.3
7719,0.0,132,0.01,0.3
7720,0.0,475,0.01,0.3
7721,1.0,1402,0.01,0.3
7722,0.0,146,0.01,0.3
7723,0.0,161,0.01,0.3
7724,0.0,257,0.01,0.3
7725,2.0,1268,0.01,0.3
7726,2.0,1028,0.01,0.3
7727,4.0,808,0.01,0.3
7728,0.0,976,0.01,0.3
7729,0.0,811,0.01,0.3
7730,2.0,752,0.01,0.3
7731,3.0,486,0.01,0.3
7732,0.0,1375,0.01,0.3
7733,0.0,2243,0.01,0.3
7734,0.0,995,0.01,0.3
7735,0.0,130,0.01,0.3
7736,2.0,322,0.01,0.3
7737,0.0,212,0.01,0.3
7738,0.0,412,0.01,0.3
7739,0.0,125,0.01,0.3
7740,0.0,1356,0.01,0.3
7741,0.0,710,0.01,0.3
7742,4.0,557,0.01,0.3
7743,0.0,1387,0.01,0.3
7744,0.0,1179,0.01,0.3
7745,0.0,205,0.01,0.3
7746,0.0,1720,0.01,0.3
7747,2.0,270,0.01,0.3
7748,3.0,1054,0.01,0.3
7749,0.0,1008,0.01,0.3
7750,2.0,1450,0.01,0.3
7751,0.0,1958,0.01,0.3
7752,4.0,956,0.01,0.3
7753,0.0,1898,0.01,0.3
7754,1.0,902,0.01,0.3
7755,2.0,564,0.01,0.3
7756,3.0,359,0.01,0.3
7757,2.0,1029,0.01,0.3
7758,5.0,330,0.01,0.3
7759,3.0,923,0.01,0.3
7760,0.0,541,0.01,0.3
7761,0.0,416,0.01,0.3
7762,0.0,551,0.01,0.3
7763,0.0,882,0.01,0.3
7764,0.0,202,0.01,0.3
7765,0.0,1068,0.01,0.3
7766,0.0,2141,0.01,0.3
7767,1.0,330,0.01,0.3
7768,0.0,263,0.01,0.3
7769,2.0,2015,0.01,0.3
7770,1.0,1572,0.01,0.3
7771,3.0,1040,0.01,0.3
7772,7.0,1788,0.01,0.3
7773,0.0,293,0.01,0.3
7774,0.0,219,0.01,0.3
7775,2.0,1147,0.01,0.3
7776,3.0,946,0.01,0.3
7777,3.0,1302,0.01,0.3
7778,0.0,263,0.01,0.3
7779,3.0,609,0.01,0.3
7780,2.0,428,0.01,0.3
7781,3.0,361,0.01,0.3
7782,2.0,1174,0.01,0.3
7783,2.0,749,0.01,0.3
7784,2.0,708,0.01,0.3
7785,1.0,925,0.01,0.3
7786,0.0,4594,0.01,0.3
7787,0.0,3764,0.01,0.3
7788,0.0,901,0.01,0.3
7789,0.0,986,0.01,0.3
7790,2.0,1127,0.01,0.3
7791,0.0,655,0.01,0.3
7792,0.0,986,0.01,0.3
7793,0.0,139,0.01,0.3
7794,0.0,145,0.01,0.3
7795,1.0,227,0.01,0.3
7796,1.0,701,0.01,0.3
7797,2.0,808,0.01,0.3
7798,0.0,491,0.01,0.3
7799,0.0,1137,0.01,0.3
7800,0.0,1845,0.01,0.3
7801,1.0,858,0.01,0.3
7802,1.0,220,0.01,0.3
7803,0.0,131,0.01,0.3
7804,0.0,304,0.01,0.3
7805,0.0,1537,0.01,0.3
7806,3.0,1438,0.01,0.3
7807,1.0,240,0.01,0.3
7808,2.0,1587,0.01,0.3
7809,7.0,2653,0.01,0.3
7810,3.0,1449,0.01,0.3
7811,1.0,590,0.01,0.3
7812,3.0,839,0.01,0.3
7813,1.0,296,0.01,0.3
7814,11.0,1045,0.01,0.3
7815,7.0,1131,0.01,0.3
7816,3.0,633,0.01,0.3
7817,3.0,256,0.01,0.3
7818,0.0,190,0.01,0.3
7819,0.0,138,0.01,0.3
7820,1.0,1077,0.01,0.3
7821,0.0,130,0.01,0.3
7822,11.0,1944,0.01,0.3
7823,7.0,1116,0.01,0.3
7824,1.0,1046,0.01,0.3
7825,4.0,1403,0.01,0.3
7826,2.0,1183,0.01,0.3
7827,3.0,1002,0.01,0.3
7828,7.0,625,0.01,0.3
7829,1.0,164,0.01,0.3
7830,6.0,811,0.01,0.3
7831,7.0,1605,0.01,0.3
7832,3.0,1391,0.01,0.3
7833,3.0,837,0.01,0.3
7834,3.0,1363,0.01,0.3
7835,7.0,1742,0.01,0.3
7836,4.0,1913,0.01,0.3
7837,3.0,811,0.01,0.3
7838,3.0,1300,0.01,0.3
7839,3.0,915,0.01,0.3
7840,7.0,3056,0.01,0.3
7841,4.0,2999,0.01,0.3
7842,3.0,219,0.01,0.3
7843,2.0,238,0.01,0.3
7844,11.0,1465,0.01,0.3
7845,7.0,959,0.01,0.3
7846,2.0,809,0.01,0.3
7847,2.0,328,0.01,0.3
7848,3.0,835,0.01,0.3
7849,11.0,897,0.01,0.3
7850,1.0,1207,0.01,0.3
7851,0.0,193,0.01,0.3
7852,3.0,324,0.01,0.3
7853,0.0,126,0.01,0.3
7854,1.0,256,0.01,0.3
7855,7.0,1203,0.01,0.3
7856,2.0,187,0.01,0.3
7857,11.0,2400,0.01,0.3
7858,3.0,1045,0.01,0.3
7859,1.0,794,0.01,0.3
7860,0.0,986,0.01,0.3
7861,3.0,363,0.01,0.3
7862,11.0,616,0.01,0.3
7863,7.0,569,0.01,0.3
7864,7.0,924,0.01,0.3
7865,2.0,405,0.01,0.3
7866,2.0,1014,0.01,0.3
7867,2.0,253,0.01,0.3
7868,3.0,425,0.01,0.3
7869,0.0,138,0.01,0.3
7870,0.0,525,0.01,0.3
7871,6.0,1465,0.01,0.3
7872,0.0,1250,0.01,0.3
7873,2.0,2186,0.01,0.3
7874,0.0,3016,0.01,0.3
7875,0.0,180,0.01,0.3
7876,0.0,1642,0.01,0.3
7877,0.0,162,0.01,0.3
7878,1.0,170,0.01,0.3
7879,0.0,481,0.01,0.3
7880,0.0,785,0.01,0.3
7881,0.0,269,0.01,0.3
7882,2.0,831,0.01,0.3
7883,1.0,480,0.01,0.3
7884,2.0,240,0.01,0.3
7885,3.0,951,0.01,0.3
7886,1.0,1207,0.01,0.3
7887,0.0,2081,0.01,0.3
7888,0.0,463,0.01,0.3
7889,0.0,1398,0.01,0.3
7890,0.0,346,0.01,0.3
7891,0.0,129,0.01,0.3
7892,0.0,340,0.01,0.3
7893,0.0,154,0.01,0.3
7894,0.0,270,0.01,0.3
7895,0.0,235,0.01,0.3
7896,1.0,197,0.01,0.3
7897,3.0,530,0.01,0.3
7898,2.0,455,0.01,0.3
7899,2.0,802,0.01,0.3
7900,0.0,2250,0.01,0.3
7901,0.0,1101,0.01,0.3
7902,0.0,1623,0.01,0.3
7903,0.0,126,0.01,0.3
7904,1.0,293,0.01,0.3
7905,0.0,972,0.01,0.3
7906,4.0,487,0.01,0.3
7907,0.0,673,0.01,0.3
7908,1.0,170,0.01,0.3
7909,3.0,464,0.01,0.3
7910,7.0,634,0.01,0.3
7911,11.0,1402,0.01,0.3
7912,7.0,571,0.01,0.3
7913,11.0,2013,0.01,0.3
7914,7.0,647,0.01,0.3
7915,3.0,543,0.01,0.3
7916,3.0,538,0.01,0.3
7917,2.0,1623,0.01,0.3
7918,0.0,1069,0.01,0.3
7919,2.0,265,0.01,0.3
7920,3.0,1069,0.01,0.3
7921,3.0,970,0.01,0.3
7922,7.0,3143,0.01,0.3
7923,3.0,1413,0.01,0.3
7924,11.0,1281,0.01,0.3
7925,3.0,718,0.01,0.3
7926,7.0,1897,0.01,0.3
7927,3.0,1295,0.01,0.3
7928,1.0,1299,0.01,0.3
7929,3.0,709,0.01,0.3
7930,3.0,364,0.01,0.3
7931,2.0,241,0.01,0.3
7932,0.0,126,0.01,0.3
7933,7.0,2069,0.01,0.3
7934,3.0,240,0.01,0.3
7935,0.0,502,0.01,0.3
7936,11.0,2641,0.01,0.3
7937,3.0,1152,0.01,0.3
7938,11.0,1721,0.01,0.3
7939,7.0,344,0.01,0.3
7940,7.0,1375,0.01,0.3
7941,1.0,746,0.01,0.3
7942,3.0,1376,0.01,0.3
7943,3.0,1962,0.01,0.3
7944,2.0,402,0.01,0.3
7945,1.0,345,0.01,0.3
7946,0.0,129,0.01,0.3
7947,2.0,1897,0.01,0.3
7948,7.0,1741,0.01,0.3
7949,2.0,1334,0.01,0.3
7950,0.0,2137,0.01,0.3
7951,2.0,640,0.01,0.3
7952,1.0,546,0.01,0.3
7953,0.0,1164,0.01,0.3
7954,0.0,596,0.01,0.3
7955,0.0,168,0.01,0.3
7956,7.0,1227,0.01,0.3
7957,7.0,539,0.01,0.3
7958,3.0,1874,0.01,0.3
7959,7.0,1963,0.01,0.3
7960,3.0,3011,0.01,0.3
7961,2.0,1665,0.01,0.3
7962,7.0,1712,0.01,0.3
7963,3.0,340,0.01,0.3
7964,4.0,1426,0.01,0.3
7965,2.0,671,0.01,0.3
7966,3.0,1258,0.01,0.3
7967,3.0,1391,0.01,0.3
7968,3.0,719,0.01,0.3
7969,2.0,2518,0.01,0.3
7970,2.0,225,0.01,0.3
7971,1.0,189,0.01,0.3
7972,0.0,965,0.01,0.3
7973,1.0,899,0.01,0.3
7974,0.0,540,0.01,0.3
7975,0.0,409,0.01,0.3
7976,0.0,229,0.01,0.3
7977,0.0,152,0.01,0.3
7978,1.0,181,0.01,0.3
7979,0.0,1375,0.01,0.3
7980,0.0,4822,0.01,0.3
7981,0.0,490,0.01,0.3
7982,0.0,133,0.01,0.3
7983,0.0,1462,0.01,0.3
7984,4.0,529,0.01,0.3
7985,0.0,752,0.01,0.3
7986,0.0,1196,0.01,0.3
7987,2.0,1209,0.01,0.3
7988,11.0,1753,0.01,0.3
7989,3.0,3403,0.01,0.3
7990,0.0,1280,0.01,0.3
7991,0.0,924,0.01,0.3
7992,0.0,227,0.01,0.3
7993,1.0,172,0.01,0.3
7994,2.0,1189,0.01,0.3
7995,8.0,957,0.01,0.3
7996,3.0,442,0.01,0.3
7997,2.0,697,0.01,0.3
7998,0.0,674,0.01,0.3
7999,0.0,131,0.01,0.3
8000,0.0,1181,0.01,0.3
8001,2.0,333,0.01,0.3
8002,2.0,548,0.01,0.3
8003,3.0,535,0.01,0.3
8004,11.0,1406,0.01,0.3
8005,2.0,664,0.01,0.3
8006,4.0,287,0.01,0.3
8007,1.0,270,0.01,0.3
8008,11.0,2649,0.01,0.3
8009,7.0,918,0.01,0.3
8010,2.0,424,0.01,0.3
8011,11.0,1569,0.01,0.3
8012,7.0,534,0.01,0.3
8013,3.0,1143,0.01,0.3
8014,7.0,2033,0.01,0.3
8015,7.0,1730,0.01,0.3
8016,4.0,530,0.01,0.3
8017,0.0,131,0.01,0.3
8018,7.0,2459,0.01,0.3
8019,2.0,770,0.01,0.3
8020,4.0,1868,0.01,0.3
8021,3.0,1860,0.01,0.3
8022,3.0,1265,0.01,0.3
8023,7.0,1374,0.01,0.3
8024,4.0,1689,0.01,0.3
8025,0.0,633,0.01,0.3
8026,0.0,561,0.01,0.3
8027,3.0,1908,0.01,0.3
8028,1.0,4100,0.01,0.3
8029,0.0,821,0.01,0.3
8030,0.0,150,0.01,0.3
8031,1.0,188,0.01,0.3
8032,2.0,476,0.01,0.3
8033,3.0,1324,0.01,0.3
8034,7.0,2782,0.01,0.3
8035,2.0,898,0.01,0.3
8036,7.0,1449,0.01,0.3
8037,0.0,127,0.01,0.3
8038,2.0,2307,0.01,0.3
8039,0.0,802,0.01,0.3
8040,3.0,3224,0.01,0.3
8041,1.0,592,0.01,0.3
8042,1.0,193,0.01,0.3
8043,0.0,667,0.01,0.3
8044,7.0,1319,0.01,0.3
8045,2.0,949,0.01,0.3
8046,1.0,1946,0.01,0.3
8047,3.0,886,0.01,0.3
8048,0.0,202,0.01,0.3
8049,2.0,1169,0.01,0.3
8050,3.0,1562,0.01,0.3
8051,3.0,1423,0.01,0.3
8052,4.0,648,0.01,0.3
8053,0.0,1046,0.01,0.3
8054,0.0,269,0.01,0.3
8055,5.0,488,0.01,0.3
8056,2.0,1667,0.01,0.3
8057,5.0,2901,0.01,0.3
8058,2.0,949,0.01,0.3
8059,3.0,1099,0.01,0.3
8060,2.0,2848,0.01,0.3
8061,3.0,265,0.01,0.3
8062,0.0,1321,0.01,0.3
8063,0.0,444,0.01,0.3
8064,0.0,140,0.01,0.3
8065,0.0,129,0.01,0.3
8066,2.0,455,0.01,0.3
8067,1.0,579,0.01,0.3
8068,0.0,624,0.01,0.3
8069,0.0,523,0.01,0.3
8070,0.0,261,0.01,0.3
8071,1.0,632,0.01,0.3
8072,1.0,154,0.01,0.3
8073,1.0,1033,0.01,0.3
8074,11.0,1541,0.01,0.3
8075,7.0,677,0.01,0.3
8076,0.0,1069,0.01,0.3
8077,0.0,364,0.01,0.3
8078,0.0,218,0.01,0.3
8079,0.0,2773,0.01,0.3
8080,0.0,144,0.01,0.3
8081,0.0,1590,0.01,0.3
8082,0.0,152,0.01,0.3
8083,0.0,1441,0.01,0.3
8084,2.0,262,0.01,0.3
8085,2.0,218,0.01,0.3
8086,0.0,380,0.01,0.3
8087,7.0,3944,0.01,0.3
8088,11.0,4761,0.01,0.3
8089,7.0,3171,0.01,0.3
8090,3.0,3298,0.01,0.3
8091,2.0,2763,0.01,0.3
8092,3.0,615,0.01,0.3
8093,2.0,1337,0.01,0.3
8094,0.0,1180,0.01,0.3
8095,0.0,4545,0.01,0.3
8096,1.0,2715,0.01,0.3
8097,2.0,954,0.01,0.3
8098,2.0,488,0.01,0.3
8099,0.0,1046,0.01,0.3
8100,0.0,162,0.01,0.3
8101,1.0,315,0.01,0.3
8102,11.0,2030,0.01,0.3
8103,3.0,239,0.01,0.3
8104,1.0,631,0.01,0.3
8105,4.0,2577,0.01,0.3
8106,3.0,1631,0.01,0.3
8107,7.0,795,0.01,0.3
8108,11.0,1416,0.01,0.3
8109,7.0,2769,0.01,0.3
8110,2.0,379,0.01,0.3
8111,3.0,390,0.01,0.3
8112,2.0,250,0.01,0.3
8113,7.0,525,0.01,0.3
8114,3.0,418,0.01,0.3
8115,7.0,2058,0.01,0.3
8116,0.0,515,0.01,0.3
8117,0.0,321,0.01,0.3
8118,0.0,412,0.01,0.3
8119,0.0,271,0.01,0.3
8120,0.0,142,0.01,0.3
8121,0.0,144,0.01,0.3
8122,0.0,180,0.01,0.3
8123,0.0,763,0.01,0.3
8124,0.0,142,0.01,0.3
8125,0.0,159,0.01,0.3
8126,0.0,1128,0.01,0.3
8127,3.0,1388,0.01,0.3
8128,2.0,1229,0.01,0.3
8129,2.0,1185,0.01,0.3
8130,3.0,2978,0.01,0.3
8131,7.0,823,0.01,0.3
8132,3.0,648,0.01,0.3
8133,0.0,176,0.01,0.3
8134,2.0,1484,0.01,0.3
8135,3.0,299,0.01,0.3
8136,3.0,1540,0.01,0.3
8137,4.0,597,0.01,0.3
8138,0.0,123,0.01,0.3
8139,2.0,994,0.01,0.3
8140,1.0,262,0.01,0.3
8141,0.0,2069,0.01,0.3
8142,1.0,584,0.01,0.3
8143,3.0,648,0.01,0.3
8144,0.0,272,0.01,0.3
8145,0.0,323,0.01,0.3
8146,2.0,539,0.01,0.3
8147,1.0,848,0.01,0.3
8148,2.0,819,0.01,0.3
8149,0.0,579,0.01,0.3
8150,2.0,718,0.01,0.3
8151,2.0,2677,0.01,0.3
8152,1.0,350,0.01,0.3
8153,0.0,1052,0.01,0.3
8154,2.0,482,0.01,0.3
8155,3.0,1819,0.01,0.3
8156,0.0,391,0.01,0.3
8157,4.0,612,0.01,0.3
8158,0.0,1170,0.01,0.3
8159,3.0,518,0.01,0.3
8160,0.0,205,0.01,0.3
8161,0.0,155,0.01,0.3
8162,0.0,129,0.01,0.3
8163,2.0,201,0.01,0.3
8164,2.0,239,0.01,0.3
8165,0.0,189,0.01,0.3
8166,0.0,455,0.01,0.3
8167,0.0,525,0.01,0.3
8168,0.0,142,0.01,0.3
8169,0.0,1033,0.01,0.3
8170,2.0,840,0.01,0.3
8171,2.0,2377,0.01,0.3
8172,0.0,226,0.01,0.3
8173,3.0,859,0.01,0.3
8174,1.0,2357,0.01,0.3
8175,0.0,1126,0.01,0.3
8176,3.0,345,0.01,0.3
8177,0.0,1915,0.01,0.3
8178,0.0,679,0.01,0.3
8179,0.0,1147,0.01,0.3
8180,0.0,133,0.01,0.3
8181,2.0,1192,0.01,0.3
8182,2.0,1048,0.01,0.3
8183,1.0,1499,0.01,0.3
8184,0.0,1079,0.01,0.3
8185,2.0,1273,0.01,0.3
8186,0.0,721,0.01,0.3
8187,2.0,1808,0.01,0.3
8188,3.0,645,0.01,0.3
8189,0.0,2637,0.01,0.3
8190,2.0,1203,0.01,0.3
8191,2.0,794,0.01,0.3
8192,0.0,1159,0.01,0.3
8193,2.0,332,0.01,0.3
8194,2.0,245,0.01,0.3
8195,2.0,1089,0.01,0.3
8196,2.0,1085,0.01,0.3
8197,2.0,1639,0.01,0.3
8198,2.0,230,0.01,0.3
8199,2.0,1038,0.01,0.3
8200,5.0,1380,0.01,0.3
8201,2.0,1854,0.01,0.3
8202,3.0,2735,0.01,0.3
8203,2.0,1006,0.01,0.3
8204,2.0,1073,0.01,0.3
8205,1.0,458,0.01,0.3
8206,0.0,1260,0.01,0.3
8207,1.0,1412,0.01,0.3
8208,1.0,1080,0.01,0.3
8209,0.0,466,0.01,0.3
8210,1.0,404,0.01,0.3
8211,0.0,346,0.01,0.3
8212,0.0,129,0.01,0.3
8213,0.0,255,0.01,0.3
8214,0.0,839,0.01,0.3
8215,0.0,252,0.01,0.3
8216,3.0,523,0.01,0.3
8217,2.0,1573,0.01,0.3
8218,5.0,302,0.01,0.3
8219,1.0,419,0.01,0.3
8220,4.0,433,0.01,0.3
8221,0.0,290,0.01,0.3
8222,0.0,289,0.01,0.3
8223,2.0,203,0.01,0.3
8224,0.0,256,0.01,0.3
8225,1.0,329,0.01,0.3
8226,1.0,274,0.01,0.3
8227,0.0,169,0.01,0.3
8228,1.0,153,0.01,0.3
8229,0.0,161,0.01,0.3
8230,0.0,832,0.01,0.3
8231,0.0,1149,0.01,0.3
8232,2.0,182,0.01,0.3
8233,0.0,378,0.01,0.3
8234,0.0,123,0.01,0.3
8235,0.0,210,0.01,0.3
8236,0.0,902,0.01,0.3
8237,0.0,160,0.01,0.3
8238,2.0,845,0.01,0.3
8239,0.0,630,0.01,0.3
8240,0.0,365,0.01,0.3
8241,0.0,531,0.01,0.3
8242,1.0,162,0.01,0.3
8243,2.0,198,0.01,0.3
8244,0.0,329,0.01,0.3
8245,0.0,740,0.01,0.3
8246,0.0,828,0.01,0.3
8247,2.0,372,0.01,0.3
8248,0.0,607,0.01,0.3
8249,0.0,237,0.01,0.3
8250,0.0,474,0.01,0.3
8251,0.0,1045,0.01,0.3
8252,0.0,135,0.01,0.3
8253,0.0,633,0.01,0.3
8254,0.0,315,0.01,0.3
8255,2.0,311,0.01,0.3
8256,0.0,2053,0.01,0.3
8257,0.0,217,0.01,0.3
8258,0.0,285,0.01,0.3
8259,2.0,2103,0.01,0.3
8260,1.0,157,0.01,0.3
8261,0.0,306,0.01,0.3
8262,0.0,1400,0.01,0.3
8263,0.0,143,0.01,0.3
8264,0.0,761,0.01,0.3
8265,0.0,395,0.01,0.3
8266,0.0,1498,0.01,0.3
8267,0.0,1472,0.01,0.3
8268,0.0,164,0.01,0.3
8269,4.0,1083,0.01,0.3
8270,2.0,374,0.01,0.3
8271,3.0,1117,0.01,0.3
8272,1.0,961,0.01,0.3
8273,0.0,1202,0.01,0.3
8274,2.0,2336,0.01,0.3
8275,2.0,726,0.01,0.3
8276,3.0,523,0.01,0.3
8277,1.0,629,0.01,0.3
8278,2.0,1726,0.01,0.3
8279,2.0,2451,0.01,0.3
8280,0.0,765,0.01,0.3
8281,0.0,1218,0.01,0.3
8282,3.0,248,0.01,0.3
8283,0.0,2241,0.01,0.3
8284,4.0,3916,0.01,0.3
8285,0.0,1128,0.01,0.3
8286,0.0,2593,0.01,0.3
8287,2.0,641,0.01,0.3
8288,0.0,1581,0.01,0.3
8289,3.0,2985,0.01,0.3
8290,4.0,1250,0.01,0.3
8291,3.0,602,0.01,0.3
8292,1.0,157,0.01,0.3
8293,1.0,896,0.01,0.3
8294,0.0,640,0.01,0.3
8295,0.0,196,0.01,0.3
8296,0.0,204,0.01,0.3
8297,2.0,645,0.01,0.3
8298,2.0,200,0.01,0.3
8299,0.0,1805,0.01,0.3
8300,2.0,1569,0.01,0.3
8301,2.0,372,0.01,0.3
8302,2.0,3130,0.01,0.3
8303,2.0,521,0.01,0.3
8304,2.0,200,0.01,0.3
8305,2.0,244,0.01,0.3
8306,4.0,281,0.01,0.3
8307,0.0,2638,0.01,0.3
8308,0.0,1922,0.01,0.3
8309,0.0,169,0.01,0.3
8310,0.0,1467,0.01,0.3
8311,2.0,240,0.01,0.3
8312,0.0,474,0.01,0.3
8313,0.0,129,0.01,0.3
8314,0.0,593,0.01,0.3
8315,2.0,471,0.01,0.3
8316,0.0,140,0.01,0.3
8317,0.0,130,0.01,0.3
8318,0.0,126,0.01,0.3
8319,0.0,551,0.01,0.3
8320,0.0,434,0.01,0.3
8321,2.0,200,0.01,0.3
8322,0.0,555,0.01,0.3
8323,0.0,625,0.01,0.3
8324,0.0,193,0.01,0.3
8325,0.0,219,0.01,0.3
8326,0.0,649,0.01,0.3
8327,0.0,2421,0.01,0.3
8328,0.0,742,0.01,0.3
8329,0.0,127,0.01,0.3
8330,0.0,342,0.01,0.3
8331,3.0,776,0.01,0.3
8332,2.0,221,0.01,0.3
8333,2.0,959,0.01,0.3
8334,1.0,822,0.01,0.3
8335,0.0,374,0.01,0.3
8336,0.0,808,0.01,0.3
8337,0.0,377,0.01,0.3
8338,0.0,126,0.01,0.3
8339,0.0,1238,0.01,0.3
8340,0.0,221,0.01,0.3
8341,0.0,154,0.01,0.3
8342,0.0,822,0.01,0.3
8343,1.0,158,0.01,0.3
8344,0.0,395,0.01,0.3
8345,0.0,1170,0.01,0.3
8346,0.0,1767,0.01,0.3
8347,0.0,465,0.01,0.3
8348,0.0,871,0.01,0.3
8349,1.0,2013,0.01,0.3
8350,3.0,3272,0.01,0.3
8351,3.0,599,0.01,0.3
8352,11.0,1331,0.01,0.3
8353,3.0,629,0.01,0.3
8354,3.0,3399,0.01,0.3
8355,3.0,287,0.01,0.3
8356,7.0,4748,0.01,0.3
8357,7.0,701,0.01,0.3
8358,2.0,1560,0.01,0.3
8359,7.0,475,0.01,0.3
8360,2.0,411,0.01,0.3
8361,3.0,216,0.01,0.3
8362,0.0,729,0.01,0.3
8363,0.0,1951,0.01,0.3
8364,2.0,2921,0.01,0.3
8365,0.0,2626,0.01,0.3
8366,2.0,1282,0.01,0.3
8367,0.0,371,0.01,0.3
8368,0.0,1180,0.01,0.3
8369,1.0,850,0.01,0.3
8370,2.0,1821,0.01,0.3
8371,0.0,211,0.01,0.3
8372,7.0,3284,0.01,0.3
8373,3.0,314,0.01,0.3
8374,11.0,1157,0.01,0.3
8375,3.0,706,0.01,0.3
8376,2.0,1456,0.01,0.3
8377,3.0,239,0.01,0.3
8378,3.0,1111,0.01,0.3
8379,7.0,1213,0.01,0.3
8380,7.0,1344,0.01,0.3
8381,3.0,241,0.01,0.3
8382,11.0,2771,0.01,0.3
8383,7.0,742,0.01,0.3
8384,7.0,1140,0.01,0.3
8385,3.0,716,0.01,0.3
8386,0.0,608,0.01,0.3
8387,2.0,467,0.01,0.3
8388,3.0,749,0.01,0.3
8389,2.0,205,0.01,0.3
8390,2.0,205,0.01,0.3
8391,0.0,272,0.01,0.3
8392,0.0,362,0.01,0.3
8393,1.0,303,0.01,0.3
8394,2.0,208,0.01,0.3
8395,0.0,968,0.01,0.3
8396,0.0,136,0.01,0.3
8397,3.0,275,0.01,0.3
8398,3.0,358,0.01,0.3
8399,1.0,458,0.01,0.3
8400,2.0,1402,0.01,0.3
8401,11.0,3806,0.01,0.3
8402,3.0,621,0.01,0.3
8403,1.0,2386,0.01,0.3
8404,4.0,444,0.01,0.3
8405,7.0,399,0.01,0.3
8406,3.0,801,0.01,0.3
8407,4.0,1602,0.01,0.3
8408,7.0,1053,0.01,0.3
8409,11.0,1682,0.01,0.3
8410,2.0,824,0.01,0.3
8411,4.0,1998,0.01,0.3
8412,4.0,4766,0.01,0.3
8413,5.0,1887,0.01,0.3
8414,3.0,1646,0.01,0.3
8415,3.0,1577,0.01,0.3
8416,2.0,843,0.01,0.3
8417,3.0,486,0.01,0.3
8418,7.0,1387,0.01,0.3
8419,0.0,128,0.01,0.3
8420,3.0,1306,0.01,0.3
8421,7.0,3032,0.01,0.3
8422,2.0,790,0.01,0.3
8423,3.0,306,0.01,0.3
8424,7.0,849,0.01,0.3
8425,11.0,1154,0.01,0.3
8426,11.0,722,0.01,0.3
8427,1.0,166,0.01,0.3
8428,2.0,761,0.01,0.3
8429,4.0,292,0.01,0.3
8430,1.0,158,0.01,0.3
8431,0.0,209,0.01,0.3
8432,0.0,329,0.01,0.3
8433,2.0,845,0.01,0.3
8434,7.0,632,0.01,0.3
8435,7.0,2094,0.01,0.3
8436,7.0,565,0.01,0.3
8437,4.0,2329,0.01,0.3
8438,1.0,874,0.01,0.3
8439,7.0,2270,0.01,0.3
8440,2.0,2548,0.01,0.3
8441,1.0,1756,0.01,0.3
8442,2.0,363,0.01,0.3
8443,0.0,1354,0.01,0.3
8444,1.0,1611,0.01,0.3
8445,0.0,266,0.01,0.3
8446,0.0,1061,0.01,0.3
8447,0.0,226,0.01,0.3
8448,0.0,136,0.01,0.3
8449,0.0,1100,0.01,0.3
8450,0.0,151,0.01,0.3
8451,0.0,415,0.01,0.3
8452,1.0,660,0.01,0.3
8453,11.0,3896,0.01,0.3
8454,7.0,1715,0.01,0.3
8455,2.0,379,0.01,0.3
8456,2.0,775,0.01,0.3
8457,11.0,1624,0.01,0.3
8458,7.0,1092,0.01,0.3
8459,3.0,2338,0.01,0.3
8460,7.0,1812,0.01,0.3
8461,7.0,1630,0.01,0.3
8462,1.0,1805,0.01,0.3
8463,7.0,1175,0.01,0.3
8464,3.0,1122,0.01,0.3
8465,2.0,333,0.01,0.3
8466,2.0,1431,0.01,0.3
8467,0.0,333,0.01,0.3
8468,0.0,193,0.01,0.3
8469,3.0,610,0.01,0.3
8470,11.0,1201,0.01,0.3
8471,3.0,1077,0.01,0.3
8472,2.0,1775,0.01,0.3
8473,3.0,2050,0.01,0.3
8474,11.0,2374,0.01,0.3
8475,7.0,405,0.01,0.3
8476,3.0,681,0.01,0.3
8477,2.0,1515,0.01,0.3
8478,1.0,319,0.01,0.3
8479,7.0,1787,0.01,0.3
8480,3.0,627,0.01,0.3
8481,7.0,268,0.01,0.3
8482,2.0,914,0.01,0.3
8483,5.0,656,0.01,0.3
8484,3.0,234,0.01,0.3
8485,4.0,701,0.01,0.3
8486,2.0,428,0.01,0.3
8487,5.0,528,0.01,0.3
8488,3.0,4139,0.01,0.3
8489,3.0,2451,0.01,0.3
8490,3.0,964,0.01,0.3
8491,2.0,187,0.01,0.3
8492,0.0,140,0.01,0.3
8493,0.0,128,0.01,0.3
8494,0.0,130,0.01,0.3
8495,0.0,490,0.01,0.3
8496,3.0,610,0.01,0.3
8497,0.0,1204,0.01,0.3
8498,0.0,280,0.01,0.3
8499,1.0,172,0.01,0.3
8500,0.0,154,0.01,0.3
8501,0.0,266,0.01,0.3
8502,0.0,702,0.01,0.3
8503,2.0,311,0.01,0.3
8504,7.0,1370,0.01,0.3
8505,3.0,1518,0.01,0.3
8506,3.0,2156,0.01,0.3
8507,1.0,2870,0.01,0.3
8508,7.0,898,0.01,0.3
8509,1.0,566,0.01,0.3
8510,11.0,1955,0.01,0.3
8511,7.0,831,0.01,0.3
8512,7.0,499,0.01,0.3
8513,3.0,1775,0.01,0.3
8514,3.0,1220,0.01,0.3
8515,8.0,886,0.01,0.3
8516,7.0,2005,0.01,0.3
8517,7.0,1739,0.01,0.3
8518,3.0,540,0.01,0.3
8519,3.0,2518,0.01,0.3
8520,3.0,1768,0.01,0.3
8521,2.0,1711,0.01,0.3
8522,2.0,573,0.01,0.3
8523,0.0,215,0.01,0.3
8524,0.0,1993,0.01,0.3
8525,0.0,1350,0.01,0.3
8526,4.0,365,0.01,0.3
8527,2.0,1496,0.01,0.3
8528,2.0,2674,0.01,0.3
8529,0.0,931,0.01,0.3
8530,0.0,814,0.01,0.3
8531,0.0,819,0.01,0.3
8532,3.0,2082,0.01,0.3
8533,3.0,935,0.01,0.3
8534,3.0,1012,0.01,0.3
8535,11.0,2949,0.01,0.3
8536,7.0,1975,0.01,0.3
8537,2.0,722,0.01,0.3
8538,0.0,331,0.01,0.3
8539,2.0,611,0.01,0.3
8540,0.0,1499,0.01,0.3
8541,2.0,723,0.01,0.3
8542,3.0,546,0.01,0.3
8543,0.0,2288,0.01,0.3
8544,0.0,194,0.01,0.3
8545,0.0,677,0.01,0.3
8546,2.0,237,0.01,0.3
8547,0.0,757,0.01,0.3
8548,0.0,404,0.01,0.3
8549,7.0,2441,0.01,0.3
8550,2.0,1542,0.01,0.3
8551,3.0,691,0.01,0.3
8552,2.0,3498,0.01,0.3
8553,2.0,2968,0.01,0.3
8554,7.0,582,0.01,0.3
8555,2.0,551,0.01,0.3
8556,5.0,1065,0.01,0.3
8557,7.0,1027,0.01,0.3
8558,3.0,719,0.01,0.3
8559,3.0,1777,0.01,0.3
8560,3.0,2633,0.01,0.3
8561,3.0,1025,0.01,0.3
8562,2.0,420,0.01,0.3
8563,7.0,1692,0.01,0.3
8564,7.0,611,0.01,0.3
8565,7.0,885,0.01,0.3
8566,7.0,1208,0.01,0.3
8567,3.0,724,0.01,0.3
8568,7.0,577,0.01,0.3
8569,7.0,1356,0.01,0.3
8570,2.0,1502,0.01,0.3
8571,1.0,541,0.01,0.3
8572,4.0,615,0.01,0.3
8573,0.0,1477,0.01,0.3
8574,1.0,510,0.01,0.3
8575,0.0,277,0.01,0.3
8576,1.0,725,0.01,0.3
8577,0.0,893,0.01,0.3
8578,0.0,200,0.01,0.3
8579,1.0,204,0.01,0.3
8580,0.0,146,0.01,0.3
8581,0.0,155,0.01,0.3
8582,0.0,1780,0.01,0.3
8583,1.0,947,0.01,0.3
8584,3.0,1996,0.01,0.3
8585,0.0,792,0.01,0.3
8586,0.0,1136,0.01,0.3
8587,1.0,215,0.01,0.3
8588,6.0,2497,0.01,0.3
8589,3.0,1036,0.01,0.3
8590,1.0,299,0.01,0.3
8591,7.0,2667,0.01,0.3
8592,7.0,579,0.01,0.3
8593,9.0,842,0.01,0.3
8594,3.0,521,0.01,0.3
8595,2.0,1277,0.01,0.3
8596,2.0,1200,0.01,0.3
8597,2.0,473,0.01,0.3
8598,7.0,431,0.01,0.3
8599,0.0,138,0.01,0.3
8600,1.0,2673,0.01,0.3
8601,0.0,197,0.01,0.3
8602,1.0,887,0.01,0.3
8603,3.0,1257,0.01,0.3
8604,1.0,349,0.01,0.3
8605,0.0,164,0.01,0.3
8606,1.0,179,0.01,0.3
8607,11.0,739,0.01,0.3
8608,7.0,551,0.01,0.3
8609,11.0,2096,0.01,0.3
8610,2.0,426,0.01,0.3
8611,8.0,962,0.01,0.3
8612,6.0,351,0.01,0.3
8613,4.0,382,0.01,0.3
8614,2.0,743,0.01,0.3
8615,3.0,1263,0.01,0.3
8616,3.0,416,0.01,0.3
8617,2.0,190,0.01,0.3
8618,1.0,1199,0.01,0.3
8619,11.0,1426,0.01,0.3
8620,2.0,1043,0.01,0.3
8621,3.0,599,0.01,0.3
8622,7.0,2993,0.01,0.3
8623,4.0,1220,0.01,0.3
8624,2.0,546,0.01,0.3
8625,2.0,1396,0.01,0.3
8626,11.0,5374,0.01,0.3
8627,7.0,962,0.01,0.3
8628,7.0,410,0.01,0.3
8629,3.0,1407,0.01,0.3
8630,2.0,1794,0.01,0.3
8631,2.0,192,0.01,0.3
8632,3.0,309,0.01,0.3
8633,7.0,813,0.01,0.3
8634,3.0,2558,0.01,0.3
8635,2.0,576,0.01,0.3
8636,11.0,1902,0.01,0.3
8637,7.0,1031,0.01,0.3
8638,3.0,1188,0.01,0.3
8639,3.0,2521,0.01,0.3
8640,7.0,707,0.01,0.3
8641,2.0,1742,0.01,0.3
8642,3.0,459,0.01,0.3
8643,8.0,915,0.01,0.3
8644,4.0,280,0.01,0.3
8645,1.0,2647,0.01,0.3
8646,1.0,2657,0.01,0.3
8647,1.0,1320,0.01,0.3
8648,1.0,755,0.01,0.3
8649,0.0,593,0.01,0.3
8650,1.0,429,0.01,0.3
8651,2.0,283,0.01,0.3
8652,2.0,212,0.01,0.3
8653,9.0,791,0.01,0.3
8654,2.0,1342,0.01,0.3
8655,0.0,2773,0.01,0.3
8656,0.0,2770,0.01,0.3
8657,0.0,572,0.01,0.3
8658,3.0,581,0.01,0.3
8659,7.0,2048,0.01,0.3
8660,2.0,965,0.01,0.3
8661,0.0,1980,0.01,0.3
8662,2.0,2537,0.01,0.3
8663,3.0,1096,0.01,0.3
8664,0.0,3291,0.01,0.3
8665,4.0,357,0.01,0.3
8666,0.0,236,0.01,0.3
8667,0.0,149,0.01,0.3
8668,3.0,1877,0.01,0.3
8669,2.0,1128,0.01,0.3
8670,3.0,1048,0.01,0.3
8671,2.0,234,0.01,0.3
8672,3.0,1379,0.01,0.3
8673,2.0,1267,0.01,0.3
8674,2.0,1680,0.01,0.3
8675,0.0,802,0.01,0.3
8676,1.0,385,0.01,0.3
8677,9.0,1158,0.01,0.3
8678,6.0,935,0.01,0.3
8679,0.0,586,0.01,0.3
8680,2.0,245,0.01,0.3
8681,2.0,362,0.01,0.3
8682,2.0,1931,0.01,0.3
8683,4.0,1643,0.01,0.3
8684,2.0,398,0.01,0.3
8685,2.0,1232,0.01,0.3
8686,3.0,248,0.01,0.3
8687,2.0,3260,0.01,0.3
8688,2.0,295,0.01,0.3
8689,0.0,1308,0.01,0.3
8690,0.0,301,0.01,0.3
8691,2.0,1013,0.01,0.3
8692,2.0,634,0.01,0.3
8693,0.0,1454,0.01,0.3
8694,7.0,2575,0.01,0.3
8695,4.0,1704,0.01,0.3
8696,1.0,675,0.01,0.3
8697,2.0,565,0.01,0.3
8698,2.0,1876,0.01,0.3
8699,3.0,267,0.01,0.3
8700,2.0,438,0.01,0.3
8701,2.0,5015,0.01,0.3
8702,1.0,1290,0.01,0.3
8703,2.0,206,0.01,0.3
8704,2.0,1105,0.01,0.3
8705,1.0,556,0.01,0.3
8706,2.0,1044,0.01,0.3
8707,3.0,1711,0.01,0.3
8708,2.0,1406,0.01,0.3
8709,0.0,2149,0.01,0.3
8710,2.0,559,0.01,0.3
8711,0.0,636,0.01,0.3
8712,2.0,265,0.01,0.3
8713,2.0,208,0.01,0.3
8714,2.0,663,0.01,0.3
8715,2.0,1100,0.01,0.3
8716,2.0,292,0.01,0.3
8717,0.0,196,0.01,0.3
8718,0.0,341,0.01,0.3
8719,0.0,657,0.01,0.3
8720,0.0,2018,0.01,0.3
8721,0.0,285,0.01,0.3
8722,0.0,159,0.01,0.3
8723,0.0,405,0.01,0.3
8724,3.0,262,0.01,0.3
8725,2.0,247,0.01,0.3
8726,4.0,623,0.01,0.3
8727,7.0,795,0.01,0.3
8728,4.0,313,0.01,0.3
8729,2.0,886,0.01,0.3
8730,2.0,325,0.01,0.3
8731,2.0,758,0.01,0.3
8732,2.0,940,0.01,0.3
8733,3.0,577,0.01,0.3
8734,0.0,1656,0.01,0.3
8735,3.0,504,0.01,0.3
8736,0.0,2643,0.01,0.3
8737,1.0,321,0.01,0.3
8738,0.0,548,0.01,0.3
8739,1.0,625,0.01,0.3
8740,0.0,215,0.01,0.3
8741,0.0,159,0.01,0.3
8742,1.0,259,0.01,0.3
8743,0.0,1474,0.01,0.3
8744,0.0,324,0.01,0.3
8745,2.0,488,0.01,0.3
8746,4.0,2359,0.01,0.3
8747,1.0,1264,0.01,0.3
8748,6.0,1209,0.01,0.3
8749,2.0,348,0.01,0.3
8750,11.0,2161,0.01,0.3
8751,3.0,1960,0.01,0.3
8752,4.0,2238,0.01,0.3
8753,2.0,1525,0.01,0.3
8754,3.0,393,0.01,0.3
8755,3.0,624,0.01,0.3
8756,11.0,2763,0.01,0.3
8757,7.0,927,0.01,0.3
8758,1.0,2044,0.01,0.3
8759,3.0,1191,0.01,0.3
8760,7.0,444,0.01,0.3
8761,3.0,1543,0.01,0.3
8762,4.0,1058,0.01,0.3
8763,0.0,303,0.01,0.3
8764,2.0,470,0.01,0.3
8765,1.0,154,0.01,0.3
8766,0.0,469,0.01,0.3
8767,0.0,512,0.01,0.3
8768,0.0,1554,0.01,0.3
8769,4.0,1246,0.01,0.3
8770,7.0,958,0.01,0.3
8771,7.0,2093,0.01,0.3
8772,1.0,296,0.01,0.3
8773,2.0,407,0.01,0.3
8774,1.0,366,0.01,0.3
8775,3.0,903,0.01,0.3
8776,8.0,786,0.01,0.3
8777,2.0,203,0.01,0.3
8778,1.0,159,0.01,0.3
8779,0.0,126,0.01,0.3
8780,0.0,525,0.01,0.3
8781,2.0,2306,0.01,0.3
8782,1.0,898,0.01,0.3
8783,3.0,1878,0.01,0.3
8784,11.0,3097,0.01,0.3
8785,0.0,1918,0.01,0.3
8786,1.0,3068,0.01,0.3
8787,1.0,2230,0.01,0.3
8788,2.0,368,0.01,0.3
8789,1.0,463,0.01,0.3
8790,11.0,2226,0.01,0.3
8791,2.0,931,0.01,0.3
8792,1.0,689,0.01,0.3
8793,2.0,346,0.01,0.3
8794,2.0,186,0.01,0.3
8795,0.0,269,0.01,0.3
8796,3.0,347,0.01,0.3
8797,2.0,303,0.01,0.3
8798,3.0,2296,0.01,0.3
8799,7.0,968,0.01,0.3
8800,7.0,2753,0.01,0.3
8801,5.0,1771,0.01,0.3
8802,2.0,284,0.01,0.3
8803,7.0,562,0.01,0.3
8804,6.0,3723,0.01,0.3
8805,7.0,2605,0.01,0.3
8806,0.0,128,0.01,0.3
8807,1.0,708,0.01,0.3
8808,0.0,679,0.01,0.3
8809,2.0,786,0.01,0.3
8810,3.0,1089,0.01,0.3
8811,8.0,1207,0.01,0.3
8812,7.0,713,0.01,0.3
8813,2.0,928,0.01,0.3
8814,3.0,1052,0.01,0.3
8815,11.0,1459,0.01,0.3
8816,3.0,418,0.01,0.3
8817,3.0,437,0.01,0.3
8818,0.0,1083,0.01,0.3
8819,2.0,1713,0.01,0.3
8820,3.0,666,0.01,0.3
8821,7.0,1131,0.01,0.3
8822,3.0,991,0.01,0.3
8823,4.0,2560,0.01,0.3
8824,7.0,1097,0.01,0.3
8825,2.0,304,0.01,0.3
8826,2.0,1672,0.01,0.3
8827,0.0,727,0.01,0.3
8828,2.0,1082,0.01,0.3
8829,7.0,2421,0.01,0.3
8830,4.0,1117,0.01,0.3
8831,3.0,2082,0.01,0.3
8832,2.0,598,0.01,0.3
8833,3.0,687,0.01,0.3
8834,7.0,1475,0.01,0.3
8835,2.0,966,0.01,0.3
8836,3.0,1665,0.01,0.3
8837,0.0,1720,0.01,0.3
8838,1.0,561,0.01,0.3
8839,0.0,131,0.01,0.3
8840,0.0,743,0.01,0.3
8841,0.0,339,0.01,0.3
8842,0.0,322,0.01,0.3
8843,4.0,277,0.01,0.3
8844,0.0,352,0.01,0.3
8845,2.0,2548,0.01,0.3
8846,0.0,1966,0.01,0.3
8847,2.0,927,0.01,0.3
8848,1.0,183,0.01,0.3
8849,0.0,1077,0.01,0.3
8850,0.0,189,0.01,0.3
8851,1.0,717,0.01,0.3
8852,3.0,1214,0.01,0.3
8853,7.0,2511,0.01,0.3
8854,3.0,917,0.01,0.3
8855,3.0,220,0.01,0.3
8856,1.0,1514,0.01,0.3
8857,0.0,1452,0.01,0.3
8858,0.0,626,0.01,0.3
8859,0.0,863,0.01,0.3
8860,7.0,2863,0.01,0.3
8861,3.0,309,0.01,0.3
8862,3.0,2131,0.01,0.3
8863,3.0,1683,0.01,0.3
8864,1.0,986,0.01,0.3
8865,1.0,220,0.01,0.3
8866,7.0,2941,0.01,0.3
8867,3.0,798,0.01,0.3
8868,2.0,188,0.01,0.3
8869,5.0,909,0.01,0.3
8870,1.0,176,0.01,0.3
8871,0.0,169,0.01,0.3
8872,7.0,2497,0.01,0.3
8873,11.0,1379,0.01,0.3
8874,7.0,693,0.01,0.3
8875,2.0,419,0.01,0.3
8876,0.0,134,0.01,0.3
8877,0.0,238,0.01,0.3
8878,0.0,142,0.01,0.3
8879,7.0,2979,0.01,0.3
8880,2.0,2363,0.01,0.3
8881,3.0,649,0.01,0.3
8882,3.0,534,0.01,0.3
8883,7.0,967,0.01,0.3
8884,7.0,2456,0.01,0.3
8885,11.0,955,0.01,0.3
8886,3.0,417,0.01,0.3
8887,2.0,1519,0.01,0.3
8888,0.0,579,0.01,0.3
8889,1.0,232,0.01,0.3
8890,2.0,1485,0.01,0.3
8891,0.0,2129,0.01,0.3
8892,3.0,1218,0.01,0.3
8893,4.0,1112,0.01,0.3
8894,2.0,191,0.01,0.3
8895,0.0,184,0.01,0.3
8896,2.0,3258,0.01,0.3
8897,2.0,1855,0.01,0.3
8898,5.0,1233,0.01,0.3
8899,3.0,997,0.01,0.3
8900,2.0,929,0.01,0.3
8901,0.0,192,0.01,0.3
8902,2.0,790,0.01,0.3
8903,0.0,151,0.01,0.3
8904,1.0,465,0.01,0.3
8905,11.0,6156,0.01,0.3
8906,4.0,2605,0.01,0.3
8907,2.0,385,0.01,0.3
8908,1.0,256,0.01,0.3
8909,2.0,365,0.01,0.3
8910,1.0,188,0.01,0.3
8911,3.0,1577,0.01,0.3
8912,2.0,734,0.01,0.3
8913,1.0,205,0.01,0.3
8914,3.0,1438,0.01,0.3
8915,3.0,2283,0.01,0.3
8916,7.0,1624,0.01,0.3
8917,3.0,301,0.01,0.3
8918,7.0,1336,0.01,0.3
8919,3.0,219,0.01,0.3
8920,1.0,159,0.01,0.3
8921,3.0,242,0.01,0.3
8922,2.0,253,0.01,0.3
8923,7.0,1954,0.01,0.3
8924,11.0,2244,0.01,0.3
8925,3.0,1593,0.01,0.3
8926,3.0,861,0.01,0.3
8927,3.0,2230,0.01,0.3
8928,3.0,1150,0.01,0.3
8929,2.0,790,0.01,0.3
8930,7.0,1295,0.01,0.3
8931,11.0,2906,0.01,0.3
8932,9.0,672,0.01,0.3
8933,2.0,607,0.01,0.3
8934,3.0,2766,0.01,0.3
8935,3.0,658,0.01,0.3
8936,11.0,1857,0.01,0.3
8937,7.0,775,0.01,0.3
8938,3.0,1506,0.01,0.3
8939,7.0,503,0.01,0.3
8940,5.0,1869,0.01,0.3
8941,7.0,847,0.01,0.3
8942,0.0,641,0.01,0.3
8943,3.0,4972,0.01,0.3
8944,2.0,1955,0.01,0.3
8945,7.0,919,0.01,0.3
8946,2.0,1097,0.01,0.3
8947,0.0,760,0.01,0.3
8948,2.0,1107,0.01,0.3
8949,1.0,1139,0.01,0.3
8950,11.0,1203,0.01,0.3
8951,3.0,258,0.01,0.3
8952,3.0,4278,0.01,0.3
8953,7.0,3023,0.01,0.3
8954,3.0,1811,0.01,0.3
8955,4.0,1102,0.01,0.3
8956,0.0,2112,0.01,0.3
8957,1.0,2542,0.01,0.3
8958,4.0,1433,0.01,0.3
8959,1.0,365,0.01,0.3
8960,11.0,2711,0.01,0.3
8961,3.0,1100,0.01,0.3
8962,7.0,527,0.01,0.3
8963,1.0,157,0.01,0.3
8964,7.0,1990,0.01,0.3
8965,7.0,1266,0.01,0.3
8966,7.0,2078,0.01,0.3
8967,4.0,620,0.01,0.3
8968,3.0,1682,0.01,0.3
8969,3.0,224,0.01,0.3
8970,3.0,2819,0.01,0.3
8971,0.0,278,0.01,0.3
8972,11.0,1580,0.01,0.3
8973,4.0,1634,0.01,0.3
8974,3.0,796,0.01,0.3
8975,4.0,658,0.01,0.3
8976,0.0,395,0.01,0.3
8977,0.0,1810,0.01,0.3
8978,0.0,798,0.01,0.3
8979,2.0,1116,0.01,0.3
8980,0.0,856,0.01,0.3
8981,7.0,461,0.01,0.3
8982,2.0,519,0.01,0.3
8983,7.0,1222,0.01,0.3
8984,3.0,670,0.01,0.3
8985,5.0,324,0.01,0.3
8986,2.0,1013,0.01,0.3
8987,11.0,2600,0.01,0.3
8988,3.0,1088,0.01,0.3
8989,7.0,2793,0.01,0.3
8990,3.0,436,0.01,0.3
8991,2.0,1574,0.01,0.3
8992,3.0,2334,0.01,0.3
8993,3.0,458,0.01,0.3
8994,3.0,1940,0.01,0.3
8995,0.0,532,0.01,0.3
8996,2.0,433,0.01,0.3
8997,8.0,1359,0.01,0.3
8998,2.0,201,0.01,0.3
8999,2.0,1079,0.01,0.3
9000,2.0,1457,0.01,0.3
9001,7.0,2952,0.01,0.3
9002,11.0,1262,0.01,0.3
9003,7.0,488,0.01,0.3
9004,3.0,828,0.01,0.3
9005,3.0,1721,0.01,0.3
9006,7.0,1730,0.01,0.3
9007,3.0,1147,0.01,0.3
9008,2.0,1203,0.01,0.3
9009,7.0,851,0.01,0.3
9010,7.0,1387,0.01,0.3
9011,3.0,1049,0.01,0.3
9012,1.0,1129,0.01,0.3
9013,7.0,1077,0.01,0.3
9014,3.0,247,0.01,0.3
9015,0.0,953,0.01,0.3
9016,0.0,532,0.01,0.3
9017,1.0,405,0.01,0.3
9018,1.0,906,0.01,0.3
9019,0.0,3244,0.01,0.3
9020,0.0,3235,0.01,0.3
9021,1.0,162,0.01,0.3
9022,0.0,249,0.01,0.3
9023,0.0,219,0.01,0.3
9024,0.0,526,0.01,0.3
9025,1.0,264,0.01,0.3
9026,1.0,783,0.01,0.3
9027,2.0,574,0.01,0.3
9028,0.0,348,0.01,0.3
9029,2.0,1568,0.01,0.3
9030,1.0,276,0.01,0.3
9031,0.0,2743,0.01,0.3
9032,0.0,201,0.01,0.3
9033,0.0,1135,0.01,0.3
9034,2.0,1021,0.01,0.3
9035,2.0,892,0.01,0.3
9036,3.0,784,0.01,0.3
9037,6.0,608,0.01,0.3
9038,1.0,770,0.01,0.3
9039,2.0,775,0.01,0.3
9040,3.0,260,0.01,0.3
9041,4.0,1050,0.01,0.3
9042,2.0,1270,0.01,0.3
9043,0.0,447,0.01,0.3
9044,2.0,858,0.01,0.3
9045,2.0,3535,0.01,0.3
9046,2.0,1205,0.01,0.3
9047,2.0,1343,0.01,0.3
9048,2.0,231,0.01,0.3
9049,0.0,411,0.01,0.3
9050,0.0,918,0.01,0.3
9051,0.0,152,0.01,0.3
9052,0.0,809,0.01,0.3
9053,0.0,520,0.01,0.3
9054,2.0,353,0.01,0.3
9055,0.0,1321,0.01,0.3
9056,0.0,2404,0.01,0.3
9057,0.0,1798,0.01,0.3
9058,0.0,1575,0.01,0.3
9059,0.0,511,0.01,0.3
9060,0.0,176,0.01,0.3
9061,3.0,257,0.01,0.3
9062,0.0,153,0.01,0.3
9063,1.0,222,0.01,0.3
9064,0.0,572,0.01,0.3
9065,1.0,155,0.01,0.3
9066,0.0,190,0.01,0.3
9067,2.0,2062,0.01,0.3
9068,11.0,3300,0.01,0.3
9069,3.0,1918,0.01,0.3
9070,4.0,274,0.01,0.3
9071,2.0,2363,0.01,0.3
9072,3.0,1461,0.01,0.3
9073,3.0,981,0.01,0.3
9074,3.0,3277,0.01,0.3
9075,0.0,1773,0.01,0.3
9076,7.0,473,0.01,0.3
9077,3.0,232,0.01,0.3
9078,11.0,1323,0.01,0.3
9079,2.0,1259,0.01,0.3
9080,1.0,1504,0.01,0.3
9081,3.0,1070,0.01,0.3
9082,3.0,1085,0.01,0.3
9083,9.0,2394,0.01,0.3
9084,4.0,706,0.01,0.3
9085,7.0,1747,0.01,0.3
9086,7.0,871,0.01,0.3
9087,4.0,831,0.01,0.3
9088,3.0,878,0.01,0.3
9089,0.0,235,0.01,0.3
9090,3.0,259,0.01,0.3
9091,2.0,211,0.01,0.3
9092,1.0,289,0.01,0.3
9093,1.0,778,0.01,0.3
9094,0.0,165,0.01,0.3
9095,1.0,919,0.01,0.3
9096,2.0,2478,0.01,0.3
9097,0.0,995,0.01,0.3
9098,0.0,135,0.01,0.3
9099,0.0,839,0.01,0.3
9100,0.0,477,0.01,0.3
9101,2.0,1416,0.01,0.3
9102,3.0,1060,0.01,0.3
9103,3.0,690,0.01,0.3
9104,0.0,640,0.01,0.3
9105,0.0,131,0.01,0.3
9106,1.0,181,0.01,0.3
9107,1.0,228,0.01,0.3
9108,1.0,609,0.01,0.3
9109,0.0,224,0.01,0.3
9110,0.0,265,0.01,0.3
9111,0.0,391,0.01,0.3
9112,0.0,131,0.01,0.3
9113,3.0,2938,0.01,0.3
9114,11.0,1776,0.01,0.3
9115,7.0,1565,0.01,0.3
9116,3.0,446,0.01,0.3
9117,11.0,1111,0.01,0.3
9118,3.0,837,0.01,0.3
9119,2.0,779,0.01,0.3
9120,1.0,285,0.01,0.3
9121,3.0,984,0.01,0.3
9122,7.0,313,0.01,0.3
9123,3.0,222,0.01,0.3
9124,2.0,189,0.01,0.3
9125,7.0,429,0.01,0.3
9126,7.0,723,0.01,0.3
9127,2.0,704,0.01,0.3
9128,1.0,154,0.01,0.3
9129,3.0,250,0.01,0.3
9130,1.0,1210,0.01,0.3
9131,0.0,130,0.01,0.3
9132,0.0,134,0.01,0.3
9133,3.0,1338,0.01,0.3
9134,3.0,671,0.01,0.3
9135,2.0,2632,0.01,0.3
9136,3.0,547,0.01,0.3
9137,7.0,338,0.01,0.3
9138,4.0,774,0.01,0.3
9139,3.0,1262,0.01,0.3
9140,4.0,285,0.01,0.3
9141,4.0,1220,0.01,0.3
9142,3.0,487,0.01,0.3
9143,7.0,1503,0.01,0.3
9144,11.0,721,0.01,0.3
9145,2.0,899,0.01,0.3
9146,1.0,199,0.01,0.3
9147,11.0,1160,0.01,0.3
9148,11.0,1356,0.01,0.3
9149,3.0,552,0.01,0.3
9150,7.0,256,0.01,0.3
9151,3.0,800,0.01,0.3
9152,4.0,966,0.01,0.3
9153,2.0,611,0.01,0.3
9154,7.0,313,0.01,0.3
9155,7.0,819,0.01,0.3
9156,7.0,1818,0.01,0.3
9157,2.0,339,0.01,0.3
9158,3.0,385,0.01,0.3
9159,2.0,413,0.01,0.3
9160,3.0,606,0.01,0.3
9161,3.0,299,0.01,0.3
9162,4.0,2122,0.01,0.3
9163,11.0,1421,0.01,0.3
9164,7.0,1349,0.01,0.3
9165,3.0,1241,0.01,0.3
9166,6.0,736,0.01,0.3
9167,3.0,1419,0.01,0.3
9168,11.0,2825,0.01,0.3
9169,2.0,998,0.01,0.3
9170,3.0,694,0.01,0.3
9171,7.0,2278,0.01,0.3
9172,7.0,2048,0.01,0.3
9173,2.0,692,0.01,0.3
9174,2.0,192,0.01,0.3
9175,0.0,152,0.01,0.3
9176,7.0,1578,0.01,0.3
9177,0.0,233,0.01,0.3
9178,2.0,201,0.01,0.3
9179,2.0,287,0.01,0.3
9180,5.0,391,0.01,0.3
9181,3.0,2901,0.01,0.3
9182,2.0,271,0.01,0.3
9183,11.0,1022,0.01,0.3
9184,9.0,646,0.01,0.3
9185,7.0,1188,0.01,0.3
9186,2.0,1535,0.01,0.3
9187,2.0,186,0.01,0.3
9188,7.0,1488,0.01,0.3
9189,2.0,376,0.01,0.3
9190,1.0,816,0.01,0.3
9191,1.0,904,0.01,0.3
9192,3.0,2441,0.01,0.3
9193,11.0,2283,0.01,0.3
9194,7.0,1243,0.01,0.3
9195,3.0,334,0.01,0.3
9196,3.0,1410,0.01,0.3
9197,2.0,1096,0.01,0.3
9198,3.0,2353,0.01,0.3
9199,0.0,134,0.01,0.3
9200,0.0,284,0.01,0.3
9201,2.0,445,0.01,0.3
9202,1.0,153,0.01,0.3
9203,1.0,513,0.01,0.3
9204,0.0,125,0.01,0.3
9205,7.0,978,0.01,0.3
9206,3.0,723,0.01,0.3
9207,2.0,844,0.01,0.3
9208,2.0,345,0.01,0.3
9209,3.0,1999,0.01,0.3
9210,3.0,1371,0.01,0.3
9211,11.0,2295,0.01,0.3
9212,7.0,1049,0.01,0.3
9213,3.0,855,0.01,0.3
9214,1.0,433,0.01,0.3
9215,11.0,926,0.01,0.3
9216,3.0,476,0.01,0.3
9217,2.0,213,0.01,0.3
9218,3.0,1414,0.01,0.3
9219,3.0,619,0.01,0.3
9220,6.0,998,0.01,0.3
9221,2.0,2471,0.01,0.3
9222,4.0,1634,0.01,0.3
9223,4.0,933,0.01,0.3
9224,1.0,178,0.01,0.3
9225,1.0,177,0.01,0.3
9226,1.0,306,0.01,0.3
9227,0.0,653,0.01,0.3
9228,2.0,1441,0.01,0.3
9229,1.0,411,0.01,0.3
9230,2.0,1729,0.01,0.3
9231,2.0,1486,0.01,0.3
9232,11.0,2310,0.01,0.3
9233,2.0,598,0.01,0.3
9234,3.0,1184,0.01,0.3
9235,4.0,803,0.01,0.3
9236,1.0,185,0.01,0.3
9237,7.0,2506,0.01,0.3
9238,11.0,1645,0.01,0.3
9239,1.0,897,0.01,0.3
9240,2.0,4290,0.01,0.3
9241,7.0,949,0.01,0.3
9242,2.0,1344,0.01,0.3
9243,7.0,1939,0.01,0.3
9244,3.0,220,0.01,0.3
9245,3.0,989,0.01,0.3
9246,3.0,608,0.01,0.3
9247,2.0,2946,0.01,0.3
9248,3.0,3229,0.01,0.3
9249,7.0,455,0.01,0.3
9250,3.0,815,0.01,0.3
9251,3.0,1615,0.01,0.3
9252,0.0,428,0.01,0.3
9253,0.0,129,0.01,0.3
9254,1.0,998,0.01,0.3
9255,3.0,2190,0.01,0.3
9256,2.0,242,0.01,0.3
9257,2.0,1930,0.01,0.3
9258,3.0,1097,0.01,0.3
9259,3.0,1310,0.01,0.3
9260,7.0,3230,0.01,0.3
9261,2.0,524,0.01,0.3
9262,4.0,2682,0.01,0.3
9263,4.0,673,0.01,0.3
9264,1.0,353,0.01,0.3
9265,2.0,1907,0.01,0.3
9266,2.0,1301,0.01,0.3
9267,2.0,761,0.01,0.3
9268,1.0,1631,0.01,0.3
9269,1.0,2812,0.01,0.3
9270,0.0,2220,0.01,0.3
9271,0.0,336,0.01,0.3
9272,0.0,355,0.01,0.3
9273,0.0,138,0.01,0.3
9274,7.0,1147,0.01,0.3
9275,2.0,236,0.01,0.3
9276,2.0,1033,0.01,0.3
9277,7.0,253,0.01,0.3
9278,0.0,273,0.01,0.3
9279,2.0,543,0.01,0.3
9280,0.0,214,0.01,0.3
9281,0.0,1353,0.01,0.3
9282,0.0,139,0.01,0.3
9283,1.0,1500,0.01,0.3
9284,0.0,268,0.01,0.3
9285,2.0,2372,0.01,0.3
9286,2.0,719,0.01,0.3
9287,3.0,1349,0.01,0.3
9288,0.0,522,0.01,0.3
9289,0.0,127,0.01,0.3
9290,2.0,429,0.01,0.3
9291,0.0,2087,0.01,0.3
9292,0.0,286,0.01,0.3
9293,2.0,2186,0.01,0.3
9294,2.0,680,0.01,0.3
9295,1.0,2059,0.01,0.3
9296,1.0,365,0.01,0.3
9297,2.0,668,0.01,0.3
9298,2.0,510,0.01,0.3
9299,1.0,154,0.01,0.3
9300,0.0,129,0.01,0.3
9301,0.0,336,0.01,0.3
9302,0.0,830,0.01,0.3
9303,0.0,647,0.01,0.3
9304,0.0,1207,0.01,0.3
9305,3.0,993,0.01,0.3
9306,7.0,2236,0.01,0.3
9307,3.0,437,0.01,0.3
9308,3.0,1328,0.01,0.3
9309,3.0,862,0.01,0.3
9310,2.0,336,0.01,0.3
9311,9.0,1373,0.01,0.3
9312,0.0,243,0.01,0.3
9313,7.0,945,0.01,0.3
9314,3.0,761,0.01,0.3
9315,7.0,1048,0.01,0.3
9316,1.0,814,0.01,0.3
9317,3.0,1855,0.01,0.3
9318,11.0,2024,0.01,0.3
9319,3.0,741,0.01,0.3
9320,1.0,215,0.01,0.3
9321,1.0,768,0.01,0.3
9322,3.0,319,0.01,0.3
9323,1.0,1390,0.01,0.3
9324,11.0,3578,0.01,0.3
9325,3.0,1053,0.01,0.3
9326,2.0,255,0.01,0.3
9327,2.0,936,0.01,0.3
9328,11.0,1433,0.01,0.3
9329,7.0,2017,0.01,0.3
9330,7.0,1265,0.01,0.3
9331,7.0,900,0.01,0.3
9332,3.0,344,0.01,0.3
9333,2.0,691,0.01,0.3
9334,2.0,1026,0.01,0.3
9335,11.0,3145,0.01,0.3
9336,7.0,1291,0.01,0.3
9337,2.0,775,0.01,0.3
9338,3.0,970,0.01,0.3
9339,3.0,1613,0.01,0.3
9340,2.0,897,0.01,0.3
9341,3.0,215,0.01,0.3
9342,11.0,1448,0.01,0.3
9343,3.0,604,0.01,0.3
9344,2.0,485,0.01,0.3
9345,1.0,218,0.01,0.3
9346,1.0,250,0.01,0.3
9347,1.0,212,0.01,0.3
9348,2.0,2339,0.01,0.3
9349,2.0,2878,0.01,0.3
9350,0.0,235,0.01,0.3
9351,1.0,181,0.01,0.3
9352,0.0,1657,0.01,0.3
9353,1.0,317,0.01,0.3
9354,5.0,535,0.01,0.3
9355,7.0,2349,0.01,0.3
9356,3.0,2010,0.01,0.3
9357,3.0,1534,0.01,0.3
9358,3.0,792,0.01,0.3
9359,11.0,3751,0.01,0.3
9360,7.0,723,0.01,0.3
9361,3.0,2077,0.01,0.3
9362,3.0,580,0.01,0.3
9363,1.0,1792,0.01,0.3
9364,2.0,2497,0.01,0.3
9365,0.0,243,0.01,0.3
9366,7.0,1101,0.01,0.3
9367,3.0,1328,0.01,0.3
9368,3.0,686,0.01,0.3
9369,3.0,2731,0.01,0.3
9370,3.0,1261,0.01,0.3
9371,0.0,312,0.01,0.3
9372,2.0,1042,0.01,0.3
9373,3.0,2304,0.01,0.3
9374,0.0,401,0.01,0.3
9375,7.0,1615,0.01,0.3
9376,3.0,1905,0.01,0.3
9377,0.0,468,0.01,0.3
9378,1.0,1410,0.01,0.3
9379,1.0,362,0.01,0.3
9380,0.0,154,0.01,0.3
9381,0.0,267,0.01,0.3
9382,1.0,455,0.01,0.3
9383,4.0,290,0.01,0.3
9384,0.0,453,0.01,0.3
9385,3.0,491,0.01,0.3
9386,3.0,1050,0.01,0.3
9387,11.0,2637,0.01,0.3
9388,3.0,232,0.01,0.3
9389,2.0,2084,0.01,0.3
9390,3.0,1279,0.01,0.3
9391,1.0,306,0.01,0.3
9392,1.0,507,0.01,0.3
9393,0.0,1448,0.01,0.3
9394,0.0,819,0.01,0.3
9395,2.0,1808,0.01,0.3
9396,4.0,1004,0.01,0.3
9397,1.0,162,0.01,0.3
9398,0.0,145,0.01,0.3
9399,1.0,192,0.01,0.3
9400,0.0,330,0.01,0.3
9401,2.0,396,0.01,0.3
9402,3.0,1417,0.01,0.3
9403,7.0,2511,0.01,0.3
9404,11.0,2413,0.01,0.3
9405,7.0,622,0.01,0.3
9406,3.0,217,0.01,0.3
9407,2.0,1477,0.01,0.3
9408,7.0,281,0.01,0.3
9409,3.0,217,0.01,0.3
9410,11.0,3110,0.01,0.3
9411,7.0,506,0.01,0.3
9412,3.0,528,0.01,0.3
9413,7.0,1430,0.01,0.3
9414,2.0,1562,0.01,0.3
9415,3.0,901,0.01,0.3
9416,7.0,4156,0.01,0.3
9417,2.0,300,0.01,0.3
9418,1.0,1066,0.01,0.3
9419,4.0,2048,0.01,0.3
9420,2.0,1450,0.01,0.3
9421,3.0,272,0.01,0.3
9422,2.0,3568,0.01,0.3
9423,3.0,3422,0.01,0.3
9424,3.0,439,0.01,0.3
9425,2.0,390,0.01,0.3
9426,2.0,1230,0.01,0.3
9427,7.0,771,0.01,0.3
9428,1.0,1515,0.01,0.3
9429,4.0,311,0.01,0.3
9430,0.0,414,0.01,0.3
9431,0.0,188,0.01,0.3
9432,0.0,801,0.01,0.3
9433,0.0,287,0.01,0.3
9434,0.0,1204,0.01,0.3
9435,1.0,2452,0.01,0.3
9436,3.0,711,0.01,0.3
9437,2.0,800,0.01,0.3
9438,7.0,1492,0.01,0.3
9439,2.0,1665,0.01,0.3
9440,3.0,3085,0.01,0.3
9441,2.0,195,0.01,0.3
9442,6.0,887,0.01,0.3
9443,3.0,218,0.01,0.3
9444,11.0,562,0.01,0.3
9445,11.0,807,0.01,0.3
9446,2.0,468,0.01,0.3
9447,3.0,494,0.01,0.3
9448,5.0,888,0.01,0.3
9449,3.0,2059,0.01,0.3
9450,3.0,1119,0.01,0.3
9451,11.0,2169,0.01,0.3
9452,7.0,1257,0.01,0.3
9453,3.0,848,0.01,0.3
9454,8.0,4119,0.01,0.3
9455,5.0,1151,0.01,0.3
9456,0.0,128,0.01,0.3
9457,5.0,1000,0.01,0.3
9458,1.0,953,0.01,0.3
9459,0.0,680,0.01,0.3
9460,1.0,157,0.01,0.3
9461,7.0,2336,0.01,0.3
9462,7.0,1649,0.01,0.3
9463,7.0,610,0.01,0.3
9464,3.0,442,0.01,0.3
9465,3.0,288,0.01,0.3
9466,1.0,156,0.01,0.3
9467,1.0,727,0.01,0.3
9468,7.0,931,0.01,0.3
9469,3.0,263,0.01,0.3
9470,2.0,1715,0.01,0.3
9471,7.0,1674,0.01,0.3
9472,6.0,2592,0.01,0.3
9473,1.0,1034,0.01,0.3
9474,3.0,730,0.01,0.3
9475,0.0,135,0.01,0.3
9476,3.0,2141,0.01,0.3
9477,3.0,1599,0.01,0.3
9478,2.0,2382,0.01,0.3
9479,11.0,2286,0.01,0.3
9480,2.0,948,0.01,0.3
9481,0.0,136,0.01,0.3
9482,4.0,417,0.01,0.3
9483,0.0,477,0.01,0.3
9484,11.0,2207,0.01,0.3
9485,7.0,1546,0.01,0.3
9486,2.0,944,0.01,0.3
9487,2.0,335,0.01,0.3
9488,2.0,188,0.01,0.3
9489,0.0,169,0.01,0.3
9490,0.0,159,0.01,0.3
9491,0.0,762,0.01,0.3
9492,0.0,150,0.01,0.3
9493,0.0,817,0.01,0.3
9494,2.0,232,0.01,0.3
9495,0.0,635,0.01,0.3
9496,4.0,475,0.01,0.3
9497,0.0,2038,0.01,0.3
9498,5.0,1411,0.01,0.3
9499,1.0,820,0.01,0.3
9500,0.0,290,0.01,0.3
9501,3.0,1434,0.01,0.3
9502,5.0,309,0.01,0.3
9503,2.0,183,0.01,0.3
9504,11.0,2214,0.01,0.3
9505,3.0,627,0.01,0.3
9506,3.0,222,0.01,0.3
9507,1.0,169,0.01,0.3
9508,0.0,466,0.01,0.3
9509,0.0,587,0.01,0.3
9510,0.0,440,0.01,0.3
9511,7.0,1904,0.01,0.3
9512,7.0,687,0.01,0.3
9513,0.0,1012,0.01,0.3
9514,1.0,585,0.01,0.3
9515,0.0,131,0.01,0.3
9516,0.0,216,0.01,0.3
9517,0.0,193,0.01,0.3
9518,3.0,465,0.01,0.3
9519,7.0,1016,0.01,0.3
9520,3.0,243,0.01,0.3
9521,1.0,498,0.01,0.3
9522,0.0,184,0.01,0.3
9523,1.0,161,0.01,0.3
9524,0.0,138,0.01,0.3
9525,1.0,843,0.01,0.3
9526,0.0,551,0.01,0.3
9527,0.0,344,0.01,0.3
9528,0.0,397,0.01,0.3
9529,0.0,1951,0.01,0.3
9530,0.0,923,0.01,0.3
9531,0.0,2029,0.01,0.3
9532,2.0,601,0.01,0.3
9533,0.0,648,0.01,0.3
9534,2.0,671,0.01,0.3
9535,0.0,1231,0.01,0.3
9536,0.0,151,0.01,0.3
9537,1.0,1399,0.01,0.3
9538,0.0,355,0.01,0.3
9539,0.0,718,0.01,0.3
9540,3.0,1278,0.01,0.3
9541,7.0,1591,0.01,0.3
9542,1.0,1479,0.01,0.3
9543,0.0,130,0.01,0.3
9544,2.0,262,0.01,0.3
9545,1.0,247,0.01,0.3
9546,0.0,170,0.01,0.3
9547,3.0,1014,0.01,0.3
9548,2.0,1726,0.01,0.3
9549,0.0,1289,0.01,0.3
9550,0.0,1671,0.01,0.3
9551,0.0,126,0.01,0.3
9552,0.0,452,0.01,0.3
9553,0.0,547,0.01,0.3
9554,7.0,1197,0.01,0.3
9555,8.0,515,0.01,0.3
9556,1.0,576,0.01,0.3
9557,7.0,2748,0.01,0.3
9558,1.0,993,0.01,0.3
9559,0.0,702,0.01,0.3
9560,0.0,156,0.01,0.3
9561,0.0,589,0.01,0.3
9562,0.0,124,0.01,0.3
9563,0.0,1074,0.01,0.3
9564,1.0,175,0.01,0.3
9565,1.0,327,0.01,0.3
9566,1.0,1360,0.01,0.3
9567,7.0,3588,0.01,0.3
9568,2.0,315,0.01,0.3
9569,4.0,1547,0.01,0.3
9570,0.0,2952,0.01,0.3
9571,6.0,550,0.01,0.3
9572,0.0,242,0.01,0.3
9573,1.0,202,0.01,0.3
9574,0.0,533,0.01,0.3
9575,0.0,348,0.01,0.3
9576,0.0,162,0.01,0.3
9577,0.0,540,0.01,0.3
9578,1.0,258,0.01,0.3
9579,2.0,219,0.01,0.3
9580,1.0,171,0.01,0.3
9581,1.0,155,0.01,0.3
9582,3.0,349,0.01,0.3
9583,2.0,949,0.01,0.3
9584,2.0,1365,0.01,0.3
9585,2.0,2459,0.01,0.3
9586,2.0,739,0.01,0.3
9587,3.0,1351,0.01,0.3
9588,1.0,1153,0.01,0.3
9589,0.0,4015,0.01,0.3
9590,4.0,1357,0.01,0.3
9591,1.0,775,0.01,0.3
9592,2.0,916,0.01,0.3
9593,2.0,1397,0.01,0.3
9594,2.0,785,0.01,0.3
9595,0.0,630,0.01,0.3
9596,0.0,615,0.01,0.3
9597,2.0,225,0.01,0.3
9598,1.0,820,0.01,0.3
9599,0.0,123,0.01,0.3
9600,2.0,615,0.01,0.3
9601,0.0,390,0.01,0.3
9602,0.0,332,0.01,0.3
9603,2.0,643,0.01,0.3
9604,0.0,124,0.01,0.3
9605,3.0,893,0.01,0.3
9606,3.0,498,0.01,0.3
9607,2.0,231,0.01,0.3
9608,2.0,266,0.01,0.3
9609,0.0,309,0.01,0.3
9610,0.0,343,0.01,0.3
9611,1.0,560,0.01,0.3
9612,2.0,755,0.01,0.3
9613,0.0,2486,0.01,0.3
9614,0.0,1398,0.01,0.3
9615,0.0,223,0.01,0.3
9616,0.0,304,0.01,0.3
9617,0.0,129,0.01,0.3
9618,0.0,1437,0.01,0.3
9619,3.0,326,0.01,0.3
9620,1.0,152,0.01,0.3
9621,2.0,198,0.01,0.3
9622,1.0,360,0.01,0.3
9623,1.0,258,0.01,0.3
9624,0.0,151,0.01,0.3
9625,0.0,890,0.01,0.3
9626,2.0,433,0.01,0.3
9627,2.0,1210,0.01,0.3
9628,1.0,162,0.01,0.3
9629,0.0,491,0.01,0.3
9630,3.0,1296,0.01,0.3
9631,0.0,253,0.01,0.3
9632,0.0,546,0.01,0.3
9633,0.0,1931,0.01,0.3
9634,1.0,965,0.01,0.3
9635,0.0,816,0.01,0.3
9636,0.0,923,0.01,0.3
9637,0.0,792,0.01,0.3
9638,2.0,829,0.01,0.3
9639,7.0,1338,0.01,0.3
9640,2.0,334,0.01,0.3
9641,8.0,1192,0.01,0.3
9642,7.0,911,0.01,0.3
9643,2.0,1582,0.01,0.3
9644,1.0,1064,0.01,0.3
9645,7.0,1520,0.01,0.3
9646,7.0,699,0.01,0.3
9647,0.0,773,0.01,0.3
9648,0.0,841,0.01,0.3
9649,1.0,2002,0.01,0.3
9650,0.0,133,0.01,0.3
9651,0.0,215,0.01,0.3
9652,0.0,150,0.01,0.3
9653,2.0,847,0.01,0.3
9654,0.0,478,0.01,0.3
9655,0.0,405,0.01,0.3
9656,0.0,1831,0.01,0.3
9657,0.0,172,0.01,0.3
9658,0.0,1317,0.01,0.3
9659,0.0,926,0.01,0.3
9660,3.0,284,0.01,0.3
9661,0.0,882,0.01,0.3
9662,0.0,189,0.01,0.3
9663,0.0,1814,0.01,0.3
9664,3.0,1369,0.01,0.3
9665,2.0,1598,0.01,0.3
9666,1.0,519,0.01,0.3
9667,4.0,1035,0.01,0.3
9668,1.0,1158,0.01,0.3
9669,0.0,1142,0.01,0.3
9670,2.0,546,0.01,0.3
9671,0.0,1475,0.01,0.3
9672,2.0,1005,0.01,0.3
9673,0.0,1548,0.01,0.3
9674,0.0,233,0.01,0.3
9675,0.0,564,0.01,0.3
9676,0.0,532,0.01,0.3
9677,0.0,1078,0.01,0.3
9678,0.0,465,0.01,0.3
9679,0.0,128,0.01,0.3
9680,1.0,532,0.01,0.3
9681,11.0,2916,0.01,0.3
9682,7.0,1337,0.01,0.3
9683,3.0,435,0.01,0.3
9684,3.0,1844,0.01,0.3
9685,11.0,1384,0.01,0.3
9686,2.0,2386,0.01,0.3
9687,6.0,1875,0.01,0.3
9688,3.0,1497,0.01,0.3
9689,3.0,553,0.01,0.3
9690,2.0,1560,0.01,0.3
9691,2.0,496,0.01,0.3
9692,0.0,242,0.01,0.3
9693,7.0,1100,0.01,0.3
9694,3.0,220,0.01,0.3
9695,7.0,575,0.01,0.3
9696,4.0,1038,0.01,0.3
9697,2.0,191,0.01,0.3
9698,3.0,1232,0.01,0.3
9699,7.0,745,0.01,0.3
9700,11.0,2278,0.01,0.3
9701,3.0,701,0.01,0.3
9702,2.0,617,0.01,0.3
9703,2.0,2269,0.01,0.3
9704,2.0,493,0.01,0.3
9705,11.0,783,0.01,0.3
9706,3.0,657,0.01,0.3
9707,3.0,273,0.01,0.3
9708,3.0,219,0.01,0.3
9709,0.0,144,0.01,0.3
9710,2.0,537,0.01,0.3
9711,3.0,842,0.01,0.3
9712,11.0,1342,0.01,0.3
9713,2.0,616,0.01,0.3
9714,0.0,184,0.01,0.3
9715,7.0,3375,0.01,0.3
9716,3.0,697,0.01,0.3
9717,2.0,921,0.01,0.3
9718,0.0,225,0.01,0.3
9719,3.0,803,0.01,0.3
9720,3.0,2229,0.01,0.3
9721,2.0,1500,0.01,0.3
9722,3.0,758,0.01,0.3
9723,3.0,219,0.01,0.3
9724,2.0,182,0.01,0.3
9725,1.0,745,0.01,0.3
9726,2.0,687,0.01,0.3
9727,0.0,767,0.01,0.3
9728,3.0,423,0.01,0.3
9729,0.0,1359,0.01,0.3
9730,3.0,2016,0.01,0.3
9731,9.0,1755,0.01,0.3
9732,7.0,2040,0.01,0.3
9733,2.0,568,0.01,0.3
9734,2.0,2380,0.01,0.3
9735,1.0,550,0.01,0.3
9736,0.0,160,0.01,0.3
9737,0.0,134,0.01,0.3
9738,2.0,249,0.01,0.3
9739,1.0,609,0.01,0.3
9740,0.0,129,0.01,0.3
9741,7.0,971,0.01,0.3
9742,3.0,279,0.01,0.3
9743,1.0,428,0.01,0.3
9744,7.0,1907,0.01,0.3
9745,7.0,1835,0.01,0.3
9746,3.0,254,0.01,0.3
9747,4.0,372,0.01,0.3
9748,0.0,129,0.01,0.3
9749,6.0,1394,0.01,0.3
9750,11.0,1947,0.01,0.3
9751,7.0,1014,0.01,0.3
9752,2.0,3163,0.01,0.3
9753,7.0,634,0.01,0.3
9754,2.0,285,0.01,0.3
9755,0.0,127,0.01,0.3
9756,2.0,1670,0.01,0.3
9757,5.0,542,0.01,0.3
9758,2.0,3393,0.01,0.3
9759,0.0,1350,0.01,0.3
9760,2.0,1851,0.01,0.3
9761,2.0,356,0.01,0.3
9762,11.0,884,0.01,0.3
9763,2.0,705,0.01,0.3
9764,1.0,2019,0.01,0.3
9765,3.0,1527,0.01,0.3
9766,1.0,550,0.01,0.3
9767,11.0,1220,0.01,0.3
9768,7.0,466,0.01,0.3
9769,1.0,1128,0.01,0.3
9770,1.0,159,0.01,0.3
9771,5.0,2220,0.01,0.3
9772,3.0,876,0.01,0.3
9773,11.0,1341,0.01,0.3
9774,3.0,545,0.01,0.3
9775,3.0,659,0.01,0.3
9776,7.0,1778,0.01,0.3
9777,4.0,1122,0.01,0.3
9778,2.0,1494,0.01,0.3
9779,2.0,217,0.01,0.3
9780,0.0,583,0.01,0.3
9781,2.0,308,0.01,0.3
9782,1.0,253,0.01,0.3
9783,2.0,255,0.01,0.3
9784,1.0,1575,0.01,0.3
9785,7.0,2404,0.01,0.3
9786,7.0,1429,0.01,0.3
9787,7.0,684,0.01,0.3
9788,7.0,2005,0.01,0.3
9789,1.0,226,0.01,0.3
9790,11.0,1547,0.01,0.3
9791,3.0,1307,0.01,0.3
9792,7.0,1209,0.01,0.3
9793,3.0,318,0.01,0.3
9794,7.0,1815,0.01,0.3
9795,3.0,1940,0.01,0.3
9796,2.0,259,0.01,0.3
9797,7.0,765,0.01,0.3
9798,4.0,2321,0.01,0.3
9799,5.0,1061,0.01,0.3
9800,2.0,1069,0.01,0.3
9801,3.0,3765,0.01,0.3
9802,7.0,3925,0.01,0.3
9803,2.0,1882,0.01,0.3
9804,13.0,676,0.01,0.3
9805,2.0,578,0.01,0.3
9806,3.0,626,0.01,0.3
9807,0.0,257,0.01,0.3
9808,0.0,2663,0.01,0.3
9809,0.0,1601,0.01,0.3
9810,0.0,1006,0.01,0.3
9811,0.0,177,0.01,0.3
9812,4.0,349,0.01,0.3
9813,0.0,1990,0.01,0.3
9814,1.0,213,0.01,0.3
9815,2.0,2163,0.01,0.3
9816,2.0,205,0.01,0.3
9817,11.0,3251,0.01,0.3
9818,7.0,910,0.01,0.3
9819,2.0,1851,0.01,0.3
9820,0.0,639,0.01,0.3
9821,1.0,1784,0.01,0.3
9822,0.0,766,0.01,0.3
9823,0.0,253,0.01,0.3
9824,1.0,1633,0.01,0.3
9825,5.0,341,0.01,0.3
9826,4.0,1120,0.01,0.3
9827,2.0,1101,0.01,0.3
9828,1.0,1798,0.01,0.3
9829,4.0,1159,0.01,0.3
9830,3.0,599,0.01,0.3
9831,3.0,464,0.01,0.3
9832,3.0,704,0.01,0.3
9833,1.0,953,0.01,0.3
9834,2.0,1597,0.01,0.3
9835,0.0,1120,0.01,0.3
9836,0.0,1030,0.01,0.3
9837,0.0,1139,0.01,0.3
9838,2.0,1923,0.01,0.3
9839,0.0,1056,0.01,0.3
9840,0.0,279,0.01,0.3
9841,0.0,530,0.01,0.3
9842,1.0,991,0.01,0.3
9843,0.0,171,0.01,0.3
9844,1.0,770,0.01,0.3
9845,1.0,809,0.01,0.3
9846,3.0,2200,0.01,0.3
9847,3.0,2746,0.01,0.3
9848,1.0,1250,0.01,0.3
9849,0.0,1030,0.01,0.3
9850,0.0,201,0.01,0.3
9851,0.0,1072,0.01,0.3
9852,0.0,992,0.01,0.3
9853,0.0,1717,0.01,0.3
9854,1.0,318,0.01,0.3
9855,0.0,384,0.01,0.3
9856,0.0,5307,0.01,0.3
9857,0.0,241,0.01,0.3
9858,1.0,294,0.01,0.3
9859,0.0,1030,0.01,0.3
9860,7.0,3101,0.01,0.3
9861,7.0,4220,0.01,0.3
9862,3.0,1294,0.01,0.3
9863,1.0,752,0.01,0.3
9864,2.0,727,0.01,0.3
9865,2.0,260,0.01,0.3
9866,2.0,1877,0.01,0.3
9867,0.0,1056,0.01,0.3
9868,2.0,882,0.01,0.3
9869,2.0,1163,0.01,0.3
9870,2.0,608,0.01,0.3
9871,1.0,1677,0.01,0.3
9872,1.0,3754,0.01,0.3
9873,7.0,697,0.01,0.3
9874,3.0,1003,0.01,0.3
9875,3.0,1183,0.01,0.3
9876,3.0,1494,0.01,0.3
9877,3.0,821,0.01,0.3
9878,7.0,857,0.01,0.3
9879,2.0,428,0.01,0.3
9880,11.0,820,0.01,0.3
9881,4.0,395,0.01,0.3
9882,0.0,132,0.01,0.3
9883,3.0,390,0.01,0.3
9884,11.0,1545,0.01,0.3
9885,3.0,1832,0.01,0.3
9886,3.0,1204,0.01,0.3
9887,7.0,1373,0.01,0.3
9888,3.0,520,0.01,0.3
9889,3.0,285,0.01,0.3
9890,1.0,788,0.01,0.3
9891,0.0,133,0.01,0.3
9892,1.0,952,0.01,0.3
9893,2.0,1727,0.01,0.3
9894,2.0,1286,0.01,0.3
9895,0.0,1572,0.01,0.3
9896,2.0,1627,0.01,0.3
9897,1.0,2563,0.01,0.3
9898,0.0,615,0.01,0.3
9899,10.0,543,0.01,0.3
9900,0.0,1985,0.01,0.3
9901,2.0,945,0.01,0.3
9902,2.0,299,0.01,0.3
9903,0.0,604,0.01,0.3
9904,1.0,3308,0.01,0.3
9905,0.0,1853,0.01,0.3
9906,0.0,128,0.01,0.3
9907,2.0,1300,0.01,0.3
9908,0.0,1095,0.01,0.3
9909,11.0,3542,0.01,0.3
9910,7.0,1332,0.01,0.3
9911,4.0,758,0.01,0.3
9912,1.0,829,0.01,0.3
9913,2.0,274,0.01,0.3
9914,1.0,988,0.01,0.3
9915,2.0,213,0.01,0.3
9916,2.0,401,0.01,0.3
9917,13.0,1764,0.01,0.3
9918,3.0,969,0.01,0.3
9919,3.0,245,0.01,0.3
9920,2.0,210,0.01,0.3
9921,0.0,331,0.01,0.3
9922,0.0,379,0.01,0.3
9923,0.0,252,0.01,0.3
9924,1.0,221,0.01,0.3
9925,0.0,130,0.01,0.3
9926,0.0,130,0.01,0.3
9927,1.0,153,0.01,0.3
9928,2.0,238,0.01,0.3
9929,0.0,135,0.01,0.3
9930,0.0,131,0.01,0.3
9931,0.0,127,0.01,0.3
9932,0.0,1034,0.01,0.3
9933,0.0,1946,0.01,0.3
9934,0.0,248,0.01,0.3
9935,0.0,2479,0.01,0.3
9936,4.0,328,0.01,0.3
9937,0.0,1367,0.01,0.3
9938,0.0,270,0.01,0.3
9939,0.0,2314,0.01,0.3
9940,0.0,522,0.01,0.3
9941,4.0,411,0.01,0.3
9942,3.0,358,0.01,0.3
9943,0.0,887,0.01,0.3
9944,0.0,168,0.01,0.3
9945,0.0,143,0.01,0.3
9946,0.0,128,0.01,0.3
9947,3.0,2109,0.01,0.3
9948,4.0,1387,0.01,0.3
9949,0.0,1410,0.01,0.3
9950,11.0,2288,0.01,0.3
9951,7.0,567,0.01,0.3
9952,3.0,1340,0.01,0.3
9953,3.0,350,0.01,0.3
9954,0.0,204,0.01,0.3
9955,2.0,220,0.01,0.3
9956,0.0,134,0.01,0.3
9957,1.0,270,0.01,0.3
9958,0.0,145,0.01,0.3
9959,7.0,1018,0.01,0.3
9960,7.0,1485,0.01,0.3
9961,5.0,600,0.01,0.3
9962,2.0,186,0.01,0.3
9963,1.0,520,0.01,0.3
9964,1.0,1963,0.01,0.3
9965,1.0,370,0.01,0.3
9966,2.0,991,0.01,0.3
9967,11.0,1530,0.01,0.3
9968,7.0,1311,0.01,0.3
9969,6.0,2701,0.01,0.3
9970,3.0,1917,0.01,0.3
9971,2.0,2484,0.01,0.3
9972,7.0,974,0.01,0.3
9973,7.0,1964,0.01,0.3
9974,7.0,1070,0.01,0.3
9975,2.0,902,0.01,0.3
9976,1.0,155,0.01,0.3
9977,0.0,715,0.01,0.3
9978,0.0,786,0.01,0.3
9979,0.0,137,0.01,0.3
9980,1.0,386,0.01,0.3
9981,0.0,146,0.01,0.3
9982,0.0,203,0.01,0.3
9983,3.0,1706,0.01,0.3
9984,7.0,623,0.01,0.3
9985,3.0,217,0.01,0.3
9986,11.0,1577,0.01,0.3
9987,3.0,1214,0.01,0.3
9988,2.0,1858,0.01,0.3
9989,1.0,1282,0.01,0.3
9990,11.0,2809,0.01,0.3
9991,2.0,879,0.01,0.3
9992,1.0,875,0.01,0.3
9993,2.0,1142,0.01,0.3
9994,7.0,517,0.01,0.3
9995,1.0,1079,0.01,0.3
9996,1.0,157,0.01,0.3
9997,0.0,181,0.01,0.3
9998,5.0,1426,0.01,0.3
9999,7.0,1817,0.01,0.3
10000,13.0,766,0.01,0.3
